pathway	NES_norin	padj_norin	size_norin	NES_cadenza	padj_cadenza	size_cadenza	delta_NES
TCA / org transformation.other organic acid transformatons.malic	0.0949327718560454	1	5	1.41211436448694	0.576594137569747	6	-1.31718159263089
lipid metabolism.lipid degradation.beta-oxidation.multifunctional	0.461723280399971	1	5	1.36329145690697	0.656282493017187	5	-0.901568176506996
RNA.processing.RNA helicase	1.00211857541001	0.974570883661793	13	0.123432669073151	1	9	0.878685906336857
not assigned.no ontology.pentatricopeptide (PPR) repeat-containing protein	0.787863573951042	1	17	1.5913406564759	0.150345128946903	24	-0.803477082524862
protein.degradation.ubiquitin	0.203936300259738	1	16	1.00414550633542	1	17	-0.800209206075679
protein.targeting.secretory pathway.vacuole	1.17060333977292	0.914956011730205	8	0.372844409045897	1	9	0.797758930727025
redox.glutaredoxins	1.2651949800573	0.876083916083916	8	0.478918756003824	1	9	0.786276224053473
signalling.14-3-3 proteins	0.889638655822428	1	7	0.11356582911411	1	6	0.776072826708318
signalling.calcium	0.493923428349115	1	27	1.26945672061187	0.625774225774226	31	-0.77553329226275
transport.misc	0.503639902823111	1	10	1.20486786819559	0.805394605394605	12	-0.701227965372479
secondary metabolism.flavonoids.chalcones	1.73194472003645	0.335664335664336	5	1.06858868196353	1	7	0.663356038072916
protein.degradation.subtilases	0.876442865327985	1	10	1.5393888378195	0.378692735835593	10	-0.662945972491514
misc.GCN5-related N-acetyltransferase	1.50717655440465	0.557442557442557	8	0.856464138419192	1	10	0.650712415985462
Biodegradation of Xenobiotics	0.716539171095891	1	8	1.35547598772221	0.625774225774226	10	-0.638936816626319
protein.aa activation	0.411338016276962	1	6	1.01558590152053	1	5	-0.604247885243573
protein.targeting.mitochondria	0.165619299752735	1	22	0.762853032967178	1	23	-0.597233733214443
protein.synthesis.elongation	1.15972858484312	0.889827153978097	21	0.57482629189694	1	23	0.584902292946181
lipid metabolism.lipid transfer proteins etc	1.70585694501898	0.318380010178616	7	1.1253270614547	0.982697302697303	6	0.580529883564283
PS.lightreaction.other electron carrier (ox/red).ferredoxin reductase	1.01013988925431	0.974570883661793	6	1.5579367710325	0.378692735835593	7	-0.54779688177819
major CHO metabolism.degradation.sucrose.hexokinase	0.785773698557785	1	6	0.247496843101446	1	6	0.538276855456339
OPP.oxidative PP.6-phosphogluconate dehydrogenase	0.144316991558938	1	5	0.666239109892126	1	6	-0.521922118333188
protein.degradation.ubiquitin.E3.RING	0.992010215492148	0.975639744870514	5	0.472560853791082	1	5	0.519449361701066
hormone metabolism.jasmonate.synthesis-degradation.12-Oxo-PDA-reductase	2.20359100732517	0.00613250973288141	5	1.69784622630783	0.225974025974026	5	0.505744781017342
PS.lightreaction.photosystem I.LHC-I	1.02227412704071	0.974570883661793	7	1.52248428958091	0.3998001998002	8	-0.500210162540201
RNA.processing	0.455790541217099	1	20	0.947338928111018	1	24	-0.491548386893919
lipid metabolism.lipid degradation.lipases.triacylglycerol lipase	1.45913086889004	0.645899554990464	7	1.94956612860859	0.031549727766716	7	-0.490435259718551
hormone metabolism.auxin.induced-regulated-responsive-activated	1.92035617633912	0.0189772209119723	13	1.43891081124011	0.417182817182817	15	0.481445365099011
misc.gluco-, galacto- and mannosidases	0.936167059939875	1	18	1.41554093903617	0.436914436914437	15	-0.479373879096297
redox.ascorbate and glutathione.glutathione	0.68532683129794	1	12	1.15895980675139	0.844686563436563	15	-0.473632975453454
redox.thioredoxin	0.569387848454393	1	21	1.03623985036546	1	27	-0.466852001911064
PS.lightreaction.cyclic electron flow-chlororespiration	0.439854425756476	1	8	0.898017935047561	1	7	-0.458163509291085
DNA.repair	0.618868856304581	1	12	1.07195103204472	0.988064567011935	12	-0.453082175740138
protein.degradation.ubiquitin.proteasom	0.45663383709429	1	40	0.00438694302311467	1	46	0.452246894071175
protein.targeting.secretory pathway.golgi	0.16286230070296	1	6	0.607803316060549	1	6	-0.44494101535759
misc.misc2	1.26151058154387	0.724543748933993	22	0.829463864673567	1	21	0.432046716870301
misc. other Ferredoxins and Rieske domain	1.19624972550205	0.910276164513453	10	1.62450243631544	0.309864048994484	8	-0.428252710813387
misc.glutathione S transferases	1.75737682398318	0.0162361637358634	35	1.33359751869777	0.417182817182817	40	0.423779305285418
redox.thioredoxin.PDIL	0.761130139014221	1	7	0.343674793987694	1	8	0.417455345026527
protein.degradation.serine protease	1.34685688758065	0.497041420118343	37	0.934595421347313	1	47	0.412261466233334
secondary metabolism.flavonoids.dihydroflavonols	1.71855144092475	0.236002131907235	8	1.31401927585769	0.669066782274329	7	0.40453216506706
RNA.processing.splicing	0.419098526451554	1	15	0.820402210757129	1	14	-0.401303684305575
lipid metabolism.FA synthesis and FA elongation.ketoacyl ACP synthase	0.726278061528135	1	8	1.12669588827026	0.953560724989296	7	-0.400417826742122
lipid metabolism.Phospholipid synthesis	2.05016430533561	0.0394457424121245	5	1.65103013237436	0.30814639905549	5	0.399134172961251
secondary metabolism.phenylpropanoids	1.16700130377393	0.910276164513453	17	1.56440852075007	0.16141792837436	21	-0.397407216976132
protein.aa activation.glycine-tRNA ligase	0.964140818054953	0.9766403808957	5	1.34972223997254	0.63011988011988	7	-0.385581421917587
transport.metal	1.29156788028753	0.842585985443128	7	0.907027722647048	1	7	0.384540157640487
transport.sugars	0.633751843391968	1	11	1.01735428488654	1	14	-0.38360244149457
stress.abiotic.unspecified	2.01532442249114	0.00771034162342818	12	1.63502550769528	0.150345128946903	14	0.380298914795862
redox.ascorbate and glutathione.ascorbate	0.888051205530831	1	18	1.26785997903614	0.669066782274329	16	-0.379808773505309
secondary metabolism.phenylpropanoids.lignin biosynthesis.4CL	1.72746308368645	0.335664335664336	5	2.10546650585081	0.00464951990671521	7	-0.378003422164359
misc.plastocyanin-like	1.37965032649991	0.724543748933993	8	1.7476041724726	0.143960112210187	8	-0.367953845972686
protein.targeting.secretory pathway.unspecified	1.06878457999319	0.974570883661793	25	0.704263592829877	1	29	0.364520987163317
glycolysis.cytosolic branch.aldolase	0.597457483570917	1	7	0.233929221095344	1	7	0.363528262475573
development.storage proteins	1.51890006728108	0.570629370629371	6	1.87654243223879	0.0324812712602031	11	-0.357642364957716
signalling.G-proteins	0.501996120579679	1	48	0.14938361604058	1	54	0.352612504539098
stress.abiotic.heat	1.18443094056434	0.783216783216783	42	0.832300466428516	1	44	0.352130474135823
DNA.unspecified	0.105079815425536	1	15	0.450876193324854	1	12	-0.345796377899318
cell.vesicle transport	0.403585694456539	1	39	0.066693944566043	1	43	0.336891749890497
misc.dynamin	0.00575350132460883	1	5	0.342597647036189	1	8	-0.33684414571158
RNA.regulation of transcription	1.14782351425946	0.974570883661793	5	0.813432079392764	1	6	0.334391434866694
protein.postranslational modification	0.273596601758279	1	60	0.60722986250653	1	66	-0.333633260748251
protein.targeting.nucleus	0.337950978019666	1	14	0.664995833374533	1	12	-0.327044855354867
protein.targeting.chloroplast	0.665228963011097	1	30	0.974986987888928	1	29	-0.309758024877831
misc.acid and other phosphatases	0.531095955936404	1	10	0.834337156522052	1	10	-0.303241200585648
major CHO metabolism.degradation.sucrose.fructokinase	1.2051398531483	0.910276164513453	8	0.906323774358088	1	7	0.298816078790208
lipid metabolism.lipid degradation.beta-oxidation.enoyl CoA hydratase	0.754234277176879	1	7	0.459481425038881	1	6	0.294752852137998
hormone metabolism.jasmonate.synthesis-degradation.lipoxygenase	1.7387929350632	0.0933743570951549	14	2.0250988589359	0.00305874061076081	14	-0.286305923872707
lipid metabolism.FA synthesis and FA elongation.acyl coa ligase	1.40453754250101	0.691073632250103	10	1.12145297851908	0.95226512617817	13	0.283084563981936
misc.protease inhibitor/seed storage/lipid transfer protein (LTP) family protein	1.37305751000768	0.724543748933993	8	1.09193417677789	0.982697302697303	10	0.28112333322979
TCA / org transformation.other organic acid transformatons.cyt MDH	1.07925667024579	0.974570883661793	5	0.800945919061901	1	6	0.278310751183891
lipid metabolism.FA synthesis and FA elongation.long chain fatty acid CoA ligase	0.518047159852051	1	5	0.245037059019506	1	5	0.273010100832545
not assigned.no ontology.hydroxyproline rich proteins	0.83734895446454	1	11	0.570685262715267	1	15	0.266663691749273
secondary metabolism.phenylpropanoids.lignin biosynthesis.COMT	1.98386947563243	0.0394457424121245	6	1.71903391040834	0.210525043824785	6	0.264835565224088
misc.cytochrome P450	1.7859085172723	0.0162361637358634	31	1.52867468257758	0.115025852905726	42	0.257233834694718
DNA.synthesis/chromatin structure	0.818946695465548	1	29	0.562492893551375	1	25	0.256453801914173
misc.rhodanese	1.27530881468577	0.884346422807961	5	1.02250526878536	1	7	0.252803545900402
RNA.regulation of transcription.HDA	1.02987673710498	0.974570883661793	5	1.26598126718825	0.798421917065985	5	-0.236104530083272
misc.beta 1,3 glucan hydrolases.glucan endo-1,3-beta-glucosidase	2.31087885849748	2.0461099660118e-05	15	2.07759498826997	0.00225836819903191	20	0.233283870227506
misc.peroxidases	2.14550025835907	3.12305215632217e-05	33	1.91299772257542	0.00225836819903191	37	0.232502535783649
signalling.MAP kinases	1.2613079766543	0.842585985443128	10	1.49211475625052	0.47116041852884	6	-0.230806779596214
transport.Major Intrinsic Proteins.PIP	0.643836469820292	1	9	0.418497785766509	1	11	0.225338684053783
amino acid metabolism.degradation.aromatic aa.tyrosine	1.39724553606247	0.724543748933993	5	1.62045386359545	0.354605394605395	5	-0.223208327532975
redox.peroxiredoxin	1.1053271429483	0.974570883661793	6	0.892157399366051	1	6	0.213169743582245
transport.metabolite transporters at the envelope membrane	1.28763715627234	0.791730009121313	10	1.07519970104496	0.982697302697303	8	0.212437455227383
signalling.light	1.09008003596495	0.974570883661793	12	1.29553714617159	0.669066782274329	10	-0.20545711020664
minor CHO metabolism.others	1.08717994178161	0.974570883661793	20	1.29080938096951	0.612530326816041	24	-0.203629439187901
amino acid metabolism.synthesis.aromatic aa.tryptophan.tryptophan synthase	1.64436800286795	0.367632367632368	6	1.4438666569719	0.543206793206793	6	0.200501345896053
stress.biotic	2.30681486339462	8.70978104699914e-08	42	2.10786342663329	3.77170210719652e-06	51	0.198951436761328
redox.ascorbate and glutathione	1.16950941289284	0.910276164513453	12	0.974906315583084	1	14	0.194603097309755
cell.division	0.708331823619133	1	14	0.516017618268774	1	14	0.192314205350359
cell.cycle.peptidylprolyl isomerase	0.93599783268392	1	22	0.745763044047928	1	21	0.190234788635992
redox.heme	1.40287023067044	0.724543748933993	6	1.58952298545691	0.378692735835593	6	-0.186652754786475
amino acid metabolism.degradation.aspartate family.methionine	0.950019318258975	0.985793154214207	6	0.776431804745256	1	6	0.173587513513719
RNA.RNA binding	1.05375280148583	0.974570883661793	64	0.882333142750893	1	67	0.171419658734941
not assigned.no ontology.tetratricopeptide repeat (TPR)	0.66796630132243	1	12	0.836748586122272	1	9	-0.168782284799841
RNA.regulation of transcription.GRP	0.366071153241698	1	6	0.201109776054034	1	6	0.164961377187664
stress.abiotic	1.76544174923672	0.0933743570951549	13	1.92730949628949	0.031549727766716	13	-0.161867747052769
RNA.regulation of transcription.putative transcription regulator	0.752675059529467	1	16	0.591611264934559	1	19	0.161063794594908
metal handling.binding, chelation and storage	0.791366543297596	1	10	0.655971152281032	1	10	0.135395391016565
secondary metabolism.N misc.alkaloid-like	1.64928565769971	0.396083916083916	5	1.52007207867754	0.412837162837163	7	0.129213579022171
misc.short chain dehydrogenase/reductase (SDR)	1.14258057192504	0.914956011730205	17	1.01839285811731	1	14	0.124187713807734
mitochondrial electron transport / ATP synthesis.F1-ATPase	0.283846891099736	1	8	0.160267872779928	1	8	0.123579018319807
transport.calcium	1.35267353301409	0.751430387794024	6	1.47603709222082	0.436914436914437	8	-0.123363559206732
TCA / org transformation.TCA.IDH	0.304251486540466	1	6	0.188937195324031	1	6	0.115314291216434
misc.UDP glucosyl and glucoronyl transferases	1.58298840629754	0.0933743570951549	41	1.69498416230358	0.0118527816801085	48	-0.111995756006042
protein.synthesis.ribosomal protein.eukaryotic.60S subunit.L7	1.2057611718696	0.914956011730205	5	1.09555158610498	0.982697302697303	5	0.110209585764627
secondary metabolism.phenylpropanoids.lignin biosynthesis.CAD	1.98711356607468	0.0162361637358634	10	1.87942866638579	0.0453319961517949	10	0.107684899688894
PS.lightreaction.NADH DH	1.01543537488955	0.974570883661793	10	1.12188931580934	0.95226512617817	10	-0.10645394091979
nucleotide metabolism.degradation	1.03539351070129	0.974570883661793	9	1.13933916556742	0.95226512617817	9	-0.103945654866131
protein.degradation.cysteine protease	1.05665057221536	0.974570883661793	17	1.15934189441409	0.844686563436563	22	-0.102691322198732
lipid metabolism.lipid degradation.lysophospholipases.phospholipase D	0.310018690278532	1	5	0.408416278599814	1	6	-0.0983975883212823
TCA / org transformation.TCA.aconitase	0.833323554757231	1	5	0.739632050597342	1	6	0.0936915041598883
protein.degradation.aspartate protease	1.02553309597943	0.974570883661793	7	0.933586586631211	1	7	0.0919465093482223
Co-factor and vitamine metabolism	0.360301377180816	1	10	0.447761089227636	1	11	-0.0874597120468202
protein.assembly and cofactor ligation	0.261799842980263	1	16	0.349126166587555	1	16	-0.087326323607292
transport.metabolite transporters at the mitochondrial membrane	1.10306383685492	0.974570883661793	16	1.18764109932586	0.798421917065985	18	-0.0845772624709389
transport.ABC transporters and multidrug resistance systems	0.971240213860719	0.9766403808957	33	0.893448458765992	1	31	0.0777917550947271
major CHO metabolism.synthesis.sucrose.SPS	1.23196353518665	0.910276164513453	5	1.16005421429978	0.95226512617817	5	0.0719093208868673
protein.degradation.metalloprotease	1.06238509562833	0.974570883661793	18	0.993440459667727	1	25	0.0689446359606031
Co-factor and vitamine metabolism.iron-sulphur clusters	0.299966265825456	1	5	0.367964822917354	1	5	-0.0679985570918976
PS.lightreaction.photosystem I.PSI polypeptide subunits	1.41157641801796	0.645899554990464	11	1.34853589172626	0.625774225774226	12	0.0630405262916944
protein.degradation.AAA type	0.658285433388398	1	5	0.71646434660811	1	8	-0.0581789132197124
nucleotide metabolism.phosphotransfer and pyrophosphatases.misc	0.787615799579191	1	6	0.844970743580148	1	7	-0.057354944000957
stress.biotic.PR-proteins	1.54986054527837	0.396083916083916	11	1.49460822354131	0.347652347652348	15	0.0552523217370553
misc.oxidases - copper, flavone etc	1.26441706259866	0.724543748933993	26	1.21153647175896	0.688866688866689	29	0.052880590839701
development.late embryogenesis abundant	0.981326807246841	0.975639744870514	8	0.929314013486603	1	8	0.0520127937602374
protein.synthesis.initiation	0.621780799078184	1	37	0.673081608246695	1	38	-0.0513008091685108
mitochondrial electron transport / ATP synthesis.NADH-DH.localisation not clear	0.0375037772112634	1	12	0.0790724305147552	1	13	-0.0415686533034918
PS.lightreaction.photosystem II.PSII polypeptide subunits	1.44449590432939	0.372149589540894	27	1.40335139601638	0.383616383616384	32	0.0411445083130098
mitochondrial electron transport / ATP synthesis.cytochrome c oxidase	0.126261955130789	1	6	0.086582568733969	1	6	0.0396793863968196
protein.degradation	0.684495675046883	1	50	0.651728923762719	1	56	0.032766751284165
PS.calvin cycle.rubisco interacting	1.60527977700949	0.372149589540894	9	1.63781359643476	0.231768231768232	10	-0.0325338194252689
protein.folding	0.709744539651846	1	44	0.682824273184284	1	46	0.0269202664675623
hormone metabolism.ethylene.synthesis-degradation	1.47289371983177	0.567156980950084	9	1.49930353723951	0.417182817182817	7	-0.0264098174077385
RNA.transcription	0.831570292434751	1	16	0.807208087912732	1	15	0.024362204522019
signalling.receptor kinases.DUF 26	1.46147034613358	0.645899554990464	7	1.43937828725764	0.521478521478521	7	0.0220920588759395
lipid metabolism.'exotics' (steroids, squalene etc)	0.987786467121984	0.974570883661793	9	0.967623141899581	1	9	0.0201633252224029
RNA.regulation of transcription.unclassified	1.34424074228383	0.503496503496503	35	1.36211521521196	0.412837162837163	39	-0.0178744729281304
OPP.oxidative PP.G6PD	1.07398691392698	0.974570883661793	5	1.08938938353147	0.982697302697303	5	-0.0154024696044881
misc.nitrilases, *nitrile lyases, berberine bridge enzymes, reticuline oxidases, troponine reductases	1.2905377794458	0.724543748933993	20	1.27787067161289	0.63011988011988	21	0.0126671078329186
major CHO metabolism.synthesis.starch.AGPase	0.511220333626511	1	6	0.520667168363031	1	6	-0.00944683473651975
TCA / org transformation.TCA.pyruvate DH.E1	0.137604573346894	1	5	0.129530386073396	1	5	0.00807418727349815
stress	1.03673064483125	0.974570883661793	5	1.02998991321269	1	6	0.00674073161856148
cell.organisation	0.778022652280936	1	39	0.784622561939648	1	39	-0.00659990965871193
secondary metabolism.phenylpropanoids.lignin biosynthesis.PAL	2.17290566692726	0.00771034162342818	5	2.17890775622994	0.00305874061076081	6	-0.00600208930267776
development.unspecified	1.19331829588405	0.751430387794024	49	1.19840024159637	0.63011988011988	54	-0.00508194571232101
PS.lightreaction.photosystem II.LHC-II	1.98118999085689	0.00613250973288141	19	1.97825284145465	0.00225836819903191	26	0.00293714940223966
redox.dismutases and catalases	0.990901552099722	0.974570883661793	12	0.993692418231213	1	13	-0.00279086613149082
DNA.synthesis/chromatin structure.histone.core.H2A	0.9933989921453	0.974570883661793	6	NA	NA	NA	NA
PS.calvin cycle.aldolase	1.0448768014795	0.974570883661793	5	NA	NA	NA	NA
PS.photorespiration.glycolate oxydase	1.11282304786809	0.974570883661793	5	NA	NA	NA	NA
RNA.regulation of transcription.SET-domain transcriptional regulator family	0.42150619486304	1	6	NA	NA	NA	NA
amino acid metabolism.synthesis.aromatic aa.chorismate.dehydroquinate/shikimate dehydrogenase	0.637515611147487	1	5	NA	NA	NA	NA
amino acid metabolism.synthesis.aspartate family.methionine.S-adenosylmethionine synthetase	1.01884919289948	0.974570883661793	5	NA	NA	NA	NA
amino acid metabolism.synthesis.central amino acid metabolism.GABA.Glutamate decarboxylase	1.06586853100768	0.974570883661793	5	NA	NA	NA	NA
cell wall.degradation.pectate lyases and polygalacturonases	1.27627539545205	0.884346422807961	5	NA	NA	NA	NA
cell.organisation.cytoskeleton.mikrotubuli	0.970187081827411	0.9766403808957	5	NA	NA	NA	NA
glycolysis.cytosolic branch.enolase	0.900223078331488	1	7	NA	NA	NA	NA
lipid metabolism.lipid degradation.beta-oxidation.acyl CoA DH	0.584649879417308	1	5	NA	NA	NA	NA
metal handling	0.990569202294305	0.975639744870514	5	NA	NA	NA	NA
not assigned.no ontology.C2 domain-containing protein	0.624164436203524	1	6	NA	NA	NA	NA
protein.degradation.ubiquitin.E1	0.442032552805804	1	5	NA	NA	NA	NA
protein.degradation.ubiquitin.ubiquitin	0.512204395866408	1	6	NA	NA	NA	NA
protein.synthesis.ribosome biogenesis.Pre-rRNA processing and modifications.snoRNPs	1.31333607686658	0.817735456033328	7	NA	NA	NA	NA
secondary metabolism.isoprenoids.mevalonate pathway.acetyl-CoA C-acyltransferase	1.36394216888346	0.751430387794024	5	NA	NA	NA	NA
signalling.light.COP9 signalosome	0.684891372183454	1	7	NA	NA	NA	NA
signalling.phosphinositides	0.43220209863162	1	5	NA	NA	NA	NA
tetrapyrrole synthesis.glu-tRNA synthetase	1.22453686525424	0.910276164513453	5	NA	NA	NA	NA
Biodegradation of Xenobiotics.lactoylglutathione lyase	NA	NA	NA	0.59254358453216	1	6	NA
N-metabolism.ammonia metabolism.glutamine synthetase	NA	NA	NA	0.835332002142349	1	5	NA
RNA.processing.ribonucleases	NA	NA	NA	1.25656946066268	0.753246753246753	8	NA
TCA / org transformation.TCA.pyruvate DH.E2	NA	NA	NA	0.0801690451240456	1	6	NA
amino acid metabolism.synthesis.aromatic aa.tryptophan.indole-3-glycerol phosphate synthase	NA	NA	NA	1.73324317666162	0.221452146485808	5	NA
amino acid metabolism.synthesis.aspartate family.methionine	NA	NA	NA	0.707758748283613	1	5	NA
cell wall.degradation.mannan-xylose-arabinose-fucose	NA	NA	NA	1.17339047987546	0.844686563436563	11	NA
cell.organisation.cytoskeleton.actin.Actin	NA	NA	NA	0.537781202385219	1	5	NA
fermentation.PDC	NA	NA	NA	0.846685504099178	1	5	NA
hormone metabolism.auxin.signal transduction	NA	NA	NA	0.0726259589020978	1	5	NA
lipid metabolism.FA synthesis and FA elongation.pyruvate DH	NA	NA	NA	0.130381375143241	1	5	NA
major CHO metabolism.degradation.starch.starch cleavage.beta amylase	NA	NA	NA	1.34437401520834	0.669066782274329	5	NA
major CHO metabolism.synthesis.starch.starch synthase	NA	NA	NA	0.336189684852681	1	7	NA
minor CHO metabolism.raffinose family.raffinose synthases.putative	NA	NA	NA	0.779969010013086	1	5	NA
not assigned.no ontology.glycine rich proteins	NA	NA	NA	0.888264219522292	1	6	NA
protein.aa activation.alanine-tRNA ligase	NA	NA	NA	0.620109691875883	1	6	NA
protein.degradation.ubiquitin.E2	NA	NA	NA	0.913810294776158	1	5	NA
protein.synthesis.release	NA	NA	NA	0.72922671484667	1	6	NA
protein.targeting.peroxisomes	NA	NA	NA	0.598634168021477	1	6	NA
secondary metabolism.isoprenoids.tocopherol biosynthesis	NA	NA	NA	1.30964013536143	0.70794659885569	5	NA
signalling.phosphinositides.inositol-1,3,4-trisphosphate 5/6-kinase	NA	NA	NA	1.21601784362962	0.844686563436563	5	NA
signalling.receptor kinases.leucine rich repeat III	NA	NA	NA	0.908238542752684	1	5	NA
tetrapyrrole synthesis.magnesium chelatase	NA	NA	NA	1.18446336609421	0.898547606239914	5	NA
transport.amino acids	NA	NA	NA	1.06997983678622	1	7	NA
transport.potassium	NA	NA	NA	1.27911324197992	0.738761238761239	6	NA
transport.unspecified cations	NA	NA	NA	0.789156199877486	1	7	NA
