pathway	pval	padj	log2err	ES	NES	size	leadingEdge
Biodegradation of Xenobiotics	0.30186170212766	0.606505771248688	0.0843144320642653	0.570681626077616	1.16325440608905	11	traescad_scaffold_125814_01g000100;traescad_scaffold_108469_01g000100;traescad_scaffold_100994_01g000100;traescad_scaffold_087135_01g000100;traescad_scaffold_031718_01g000200
Biodegradation of Xenobiotics.lactoylglutathione lyase	0.195121951219512	0.520438035346417	0.175204047558551	-0.621538803799148	-1.31161106739486	6	traescad_scaffold_014112_01g000200;traescad_scaffold_049302_01g000100;traescad_scaffold_122886_01g000100;traescad_scaffold_015725_01g000100
Co-factor and vitamine metabolism	0.336	0.623505154639175	0.151148761385484	-0.40905586120016	-1.09631622717766	11	traescad_scaffold_036532_01g000400;traescad_scaffold_078874_01g000100
Co-factor and vitamine metabolism.iron-sulphur clusters	0.512618296529968	0.794108866553886	0.0658311958368866	0.565442043557	0.994053276335141	5	traescad_scaffold_035927_01g000200;traescad_scaffold_049639_01g000100;traescad_scaffold_018317_01g000100;traescad_scaffold_002921_01g000700;traescad_scaffold_059059_01g000200
DNA.repair	0.528795811518325	0.801533408912939	0.0554793308704233	0.474302472044454	0.983871964969976	12	traescad_scaffold_029900_01g000200;traescad_scaffold_057874_01g000100;traescad_scaffold_050609_01g000100;traescad_scaffold_001169_01g000300;traescad_scaffold_082128_01g000100
DNA.synthesis/chromatin structure	0.259259259259259	0.543440756331516	0.241339976815091	-0.338460967595709	-1.13483420456573	25	traescad_scaffold_129601_01g000100;traescad_scaffold_079699_01g000100;traescad_scaffold_014191_01g000600;traescad_scaffold_010880_01g000600
DNA.synthesis/chromatin structure.histone.core.H2A	0.329896907216495	0.623505154639175	0.140406238523342	-0.507946345189004	-1.12362843669405	7	traescad_scaffold_051037_01g000100
DNA.unspecified	0.668848167539267	0.866134317676749	0.0446854397644147	0.422902161673615	0.877249445912381	12	traescad_scaffold_047235_01g000100;traescad_scaffold_125972_01g000100;traescad_scaffold_134477_01g000100;traescad_scaffold_033440_01g000300;traescad_scaffold_072273_01g000200
N-metabolism.ammonia metabolism.glutamine synthetase	0.823343848580442	0.932087375751443	0.0437125833579551	0.40044289267825	0.703982970470091	5	traescad_scaffold_016796_01g000100;traescad_scaffold_052954_01g000300;traescad_scaffold_075358_01g000100
OPP.electron transfer	0.60410094637224	0.866134317676749	0.0579754757571486	0.521209025932293	0.916291149176307	5	traescad_scaffold_097937_01g000300;traescad_scaffold_003927_01g000300
OPP.oxidative PP.6-phosphogluconate dehydrogenase	0.249258160237389	0.540483255616787	0.101713902282311	0.664360405097629	1.22091108955987	6	traescad_scaffold_149447_01g000200;traescad_scaffold_055130_01g000100
OPP.oxidative PP.G6PD	0.652996845425868	0.866134317676749	0.0543434390269162	0.496941232019159	0.873628102939023	5	traescad_scaffold_071469_01g000100;traescad_scaffold_006981_01g000600
PS.calvin cycle.rubisco interacting	0.133333333333333	0.438612933458294	0.237793834423688	-0.519817241868653	-1.33402282277879	10	traescad_scaffold_053930_01g000200;traescad_scaffold_001491_01g000300;traescad_scaffold_053930_01g000100;traescad_scaffold_087937_01g000100;traescad_scaffold_124268_01g000300;traescad_scaffold_010029_01g000200
PS.lightreaction.NADH DH	0.000812493058274763	0.013295340953587	0.477270815362862	-0.771110356064327	-2.06666344742682	11	traescad_scaffold_060817_01g000400;traescad_scaffold_042243_01g000100;traescad_scaffold_041610_01g000300;traescad_scaffold_049256_01g000400;traescad_scaffold_005326_01g000200;traescad_scaffold_095002_01g000100;traescad_scaffold_287769_01g000100;traescad_scaffold_028048_01g000400
PS.lightreaction.cyclic electron flow-chlororespiration	0.340336134453782	0.624026794370832	0.154190966581424	-0.40061928963852	-1.09483780644101	12	traescad_scaffold_252521_01g000200;traescad_scaffold_119003_01g000200;traescad_scaffold_033148_01g000200;traescad_scaffold_077669_01g000300;traescad_scaffold_013918_01g000100;traescad_scaffold_032477_01g000400;traescad_scaffold_014639_01g000600;traescad_scaffold_013334_01g000700;traescad_scaffold_574252_01g000100
PS.lightreaction.other electron carrier (ox/red).ferredoxin reductase	0.219931271477663	0.530980603448276	0.175204047558551	-0.568174967341811	-1.25686021047247	7	traescad_scaffold_014646_01g000200;traescad_scaffold_007903_01g000500;traescad_scaffold_020318_01g000100;traescad_scaffold_002728_01g000600;traescad_scaffold_058040_01g000200
PS.lightreaction.photosystem I.LHC-I	0.103678929765886	0.405700159953468	0.257206466468838	-0.606392817694623	-1.43786467719167	8	traescad_scaffold_098106_01g000200;traescad_scaffold_073141_01g000200;traescad_scaffold_009805_01g000200;traescad_scaffold_104681_01g000200;traescad_scaffold_083808_01g000100
PS.lightreaction.photosystem I.PSI polypeptide subunits	0.327731092436975	0.623505154639175	0.157402899305283	-0.405179770884665	-1.10730097886675	12	traescad_scaffold_107339_01g000100;traescad_scaffold_004576_01g000400;traescad_scaffold_016486_01g000400;traescad_scaffold_019431_01g000200;traescad_scaffold_008522_01g000100;traescad_scaffold_013691_01g000100;traescad_scaffold_076988_01g000300;traescad_scaffold_008622_01g000600
PS.lightreaction.photosystem II.LHC-II	0.311926605504587	0.610291184682888	0.245041785430996	-0.295893980197145	-1.06743319017651	30	traescad_scaffold_002471_01g000300;traescad_scaffold_046224_01g000100;traescad_scaffold_057623_01g000200;traescad_scaffold_042661_01g000300;traescad_scaffold_084877_01g000100;traescad_scaffold_097117_01g000100
PS.lightreaction.photosystem II.PSII polypeptide subunits	1.38519078657195e-05	0.000623335853957379	0.593325476396405	-0.599665662289987	-2.3023833220629	39	traescad_scaffold_112619_01g000100;traescad_scaffold_175684_01g000100;traescad_scaffold_005346_01g000100;traescad_scaffold_037411_01g000200;traescad_scaffold_024572_01g000500;traescad_scaffold_015483_01g000200;traescad_scaffold_063667_01g000100;traescad_scaffold_086231_01g000100;traescad_scaffold_040522_01g000200;traescad_scaffold_008792_01g000500;traescad_scaffold_000207_01g000600;traescad_scaffold_029119_01g000100;traescad_scaffold_057347_01g000300;traescad_scaffold_018338_01g000100;traescad_scaffold_062650_01g000200;traescad_scaffold_013584_01g000200;traescad_scaffold_023365_01g000100;traescad_scaffold_014229_01g000200;traescad_scaffold_012311_01g000700;traescad_scaffold_278590_01g000100;traescad_scaffold_000549_01g000400;traescad_scaffold_065793_01g000100;traescad_scaffold_043513_01g000200;traescad_scaffold_002558_01g001400;traescad_scaffold_001363_01g000100;traescad_scaffold_065351_01g000100;traescad_scaffold_044332_01g000100;traescad_scaffold_011436_01g000900
RNA.RNA binding	0.995150825553306	1	0.143902565267782	-0.226713161193641	-0.972573742858278	67	traescad_scaffold_113972_01g000300;traescad_scaffold_090041_01g000100;traescad_scaffold_014309_01g000200;traescad_scaffold_022508_01g000100;traescad_scaffold_024802_01g000100;traescad_scaffold_012676_01g000400;traescad_scaffold_020406_01g000200;traescad_scaffold_018014_01g000100;traescad_scaffold_011521_01g000100;traescad_scaffold_005898_01g000200;traescad_scaffold_016495_01g000800;traescad_scaffold_106994_01g000100;traescad_scaffold_028899_01g000100;traescad_scaffold_083170_01g000100;traescad_scaffold_024316_01g000100;traescad_scaffold_031506_01g000300;traescad_scaffold_058352_01g000200
RNA.processing	1	1	0.110564716336619	-0.161217216769001	-0.539571220085385	24	traescad_scaffold_008421_01g000100
RNA.processing.RNA helicase	0.72791519434629	0.914167916041979	0.0897104652742981	-0.319078030496929	-0.788817757746218	9	traescad_scaffold_058741_01g000100;traescad_scaffold_009913_01g000200
RNA.processing.ribonucleases	0.361204013377926	0.631230314641036	0.131457611642763	-0.460889069955433	-1.09284954315928	8	traescad_scaffold_077275_01g000300;traescad_scaffold_044822_01g000400
RNA.processing.splicing	0.657622739018088	0.866134317676749	0.0448645113168564	0.408085502739483	0.873212553765272	14	traescad_scaffold_013329_01g000500;traescad_scaffold_100665_01g000300;traescad_scaffold_021066_01g000100;traescad_scaffold_021666_01g000200;traescad_scaffold_004913_01g000100;traescad_scaffold_091868_01g000300;traescad_scaffold_012660_01g000100
RNA.regulation of transcription	0.216463414634146	0.530980603448276	0.165656695205483	-0.612796763122605	-1.29316305218988	6	traescad_scaffold_081662_01g000300;traescad_scaffold_023494_01g000200;traescad_scaffold_026226_01g000100
RNA.regulation of transcription.GRP	0.307926829268293	0.609086035915304	0.136490437780413	-0.53505829608071	-1.12911435062658	6	traescad_scaffold_072286_01g000100;traescad_scaffold_055786_01g000100;traescad_scaffold_135343_01g000100
RNA.regulation of transcription.HDA	0.884858044164038	0.956516286798131	0.0404114482034376	0.36302194836933	0.638196542457355	5	traescad_scaffold_069536_01g000200;traescad_scaffold_003085_01g000100;traescad_scaffold_031161_01g000100
RNA.regulation of transcription.putative transcription regulator	0.0581308003242045	0.32698575182365	0.321775918075361	-0.453374155631903	-1.43023119047413	20	traescad_scaffold_003466_01g000300;traescad_scaffold_079313_01g000100;traescad_scaffold_013779_01g000200;traescad_scaffold_066304_01g000400;traescad_scaffold_003973_01g001400;traescad_scaffold_004563_01g000100
RNA.regulation of transcription.unclassified	0.235991379310345	0.530980603448276	0.0862865626267245	0.465130025076118	1.17791280475607	41	traescad_scaffold_107053_01g000200;traescad_scaffold_029179_01g000300;traescad_scaffold_011966_01g000100;traescad_scaffold_038700_01g000100;traescad_scaffold_170961_01g000100;traescad_scaffold_094004_01g000200;traescad_scaffold_016707_01g000100;traescad_scaffold_122742_01g000100;traescad_scaffold_075659_01g000100;traescad_scaffold_025170_01g000400;traescad_scaffold_081304_01g000100;traescad_scaffold_026209_01g000100;traescad_scaffold_015297_01g000200;traescad_scaffold_030677_01g000100
RNA.transcription	0.480225988700565	0.758251561106155	0.150169802128406	-0.333354792557827	-1.01217278574964	18	traescad_scaffold_005428_01g000300;traescad_scaffold_029218_01g000200;traescad_scaffold_007393_01g000900;traescad_scaffold_050913_01g000300;traescad_scaffold_003855_01g000100;traescad_scaffold_098738_01g000200;traescad_scaffold_191789_01g000100;traescad_scaffold_052756_01g000400;traescad_scaffold_026199_01g000300;traescad_scaffold_011685_01g000400;traescad_scaffold_045268_01g000100
TCA / org transformation.TCA.IDH	0.350148367952522	0.624026794370832	0.0822054920415869	0.610945384551407	1.1227490220532	6	traescad_scaffold_132894_01g000200;traescad_scaffold_029999_01g000100;traescad_scaffold_131817_01g000100;traescad_scaffold_116910_01g000200;traescad_scaffold_000647_01g000600
TCA / org transformation.TCA.aconitase	0.640949554896142	0.866134317676749	0.0523759084097997	0.482854078088054	0.887352548486512	6	traescad_scaffold_015990_01g000300;traescad_scaffold_030190_01g000300;traescad_scaffold_058984_01g000200;traescad_scaffold_046105_01g000200
TCA / org transformation.TCA.pyruvate DH.E1	0.736413043478261	0.914167916041979	0.0749278818393739	-0.3833203404225	-0.775283633096952	5	traescad_scaffold_040872_01g000300;traescad_scaffold_058618_01g000400
TCA / org transformation.TCA.pyruvate DH.E2	0.76219512195122	0.914634146341463	0.0791316651768349	-0.373526900085397	-0.788240433464585	6	traescad_scaffold_134905_01g000200;traescad_scaffold_069071_01g000200;traescad_scaffold_035933_01g000100;traescad_scaffold_012736_01g000100;traescad_scaffold_092581_01g000200;traescad_scaffold_005616_01g000100
TCA / org transformation.other organic acid transformatons.cyt MDH	0.842475386779184	0.94512390343856	0.0373806494758473	0.341419458978621	0.655622168482438	7	traescad_scaffold_176606_01g000100;traescad_scaffold_117649_01g000100;traescad_scaffold_071363_01g000100;traescad_scaffold_037807_01g000100;traescad_scaffold_120824_01g000100
TCA / org transformation.other organic acid transformatons.malic	0.123145400593472	0.426272540515864	0.152144922367565	0.742271684882302	1.36409052162872	6	traescad_scaffold_016845_01g000100;traescad_scaffold_034472_01g000100;traescad_scaffold_049235_01g000100;traescad_scaffold_004990_01g000100
amino acid metabolism.degradation.aromatic aa.tyrosine	0.165615141955836	0.496845425867508	0.133554954557592	0.742540648350405	1.3053945540757	5	traescad_scaffold_075753_01g000100;traescad_scaffold_005667_01g000800;traescad_scaffold_011449_01g000400
amino acid metabolism.degradation.aspartate family.methionine	0.476261127596439	0.758251561106155	0.066436413766281	0.562617250154639	1.03393524752658	6	traescad_scaffold_034592_01g000100;traescad_scaffold_084482_01g000100;traescad_scaffold_080494_01g000100;traescad_scaffold_009792_01g000900
amino acid metabolism.synthesis.aromatic aa.tryptophan.indole-3-glycerol phosphate synthase	0.321766561514196	0.622773990027475	0.0902635484340068	0.655132521877046	1.15173011491837	5	traescad_scaffold_008372_01g000100;traescad_scaffold_012914_01g000200;traescad_scaffold_098969_01g000200
amino acid metabolism.synthesis.aromatic aa.tryptophan.tryptophan synthase	0.115727002967359	0.416617210682493	0.157402899305283	0.745175711942633	1.36942732197855	6	traescad_scaffold_091826_01g000100;traescad_scaffold_114094_01g000200;traescad_scaffold_115999_01g000100
amino acid metabolism.synthesis.aspartate family.methionine	0.0757097791798107	0.349429750060665	0.204294756516886	0.804255926418665	1.41389068566465	5	traescad_scaffold_002084_01g000400;traescad_scaffold_015581_01g000100;traescad_scaffold_000099_01g000100;traescad_scaffold_111847_01g000100
amino acid metabolism.synthesis.aspartate family.methionine.S-adenosylmethionine synthetase	0.145110410094637	0.452179570592062	0.143758989039275	0.752741528600833	1.32332781275355	5	traescad_scaffold_006815_01g000100;traescad_scaffold_106729_01g000200;traescad_scaffold_060656_01g000100;traescad_scaffold_106729_01g000100;traescad_scaffold_083325_01g000100
cell wall.degradation.mannan-xylose-arabinose-fucose	0.0457799005204758	0.274679403122855	0.321775918075361	-0.596306828352002	-1.59817011393282	11	traescad_scaffold_034009_01g000100;traescad_scaffold_066197_01g000100;traescad_scaffold_023539_01g000100;traescad_scaffold_074237_01g000100;traescad_scaffold_033188_01g000500
cell.cycle.peptidylprolyl isomerase	0.335570469798658	0.623505154639175	0.199915231309662	-0.336461388761378	-1.08986929223937	22	traescad_scaffold_046223_01g000100;traescad_scaffold_044426_01g000100
cell.division	1	1	0.0840745577910723	-0.181460578074226	-0.514945627677236	14	traescad_scaffold_016916_01g000100;traescad_scaffold_055060_01g000200;traescad_scaffold_022656_01g000100;traescad_scaffold_007380_01g000300;traescad_scaffold_029586_01g000100;traescad_scaffold_092346_01g000100;traescad_scaffold_052548_01g000100;traescad_scaffold_016609_01g000100;traescad_scaffold_064218_01g000100;traescad_scaffold_068773_01g000100;traescad_scaffold_036310_01g000300;traescad_scaffold_012181_01g000200;traescad_scaffold_044143_01g000200;traescad_scaffold_000372_01g000100
cell.organisation	0.998920086393089	1	0.0130773356900516	0.167283409649604	0.423375046572184	40	traescad_scaffold_095635_01g000200;traescad_scaffold_006769_01g000200;traescad_scaffold_070323_01g000200;traescad_scaffold_047447_01g000200;traescad_scaffold_018388_01g000400;traescad_scaffold_006087_01g000200;traescad_scaffold_124450_01g000200;traescad_scaffold_010107_01g000100;traescad_scaffold_006087_01g000300;traescad_scaffold_066278_01g000100
cell.organisation.cytoskeleton.actin.Actin	0.934718100890208	0.983913790410745	0.0350150690873584	0.302134927412468	0.555240620288082	6	traescad_scaffold_077161_01g000100;traescad_scaffold_090639_01g000300;traescad_scaffold_017555_01g000100;traescad_scaffold_089458_01g000300;traescad_scaffold_065300_01g000100;traescad_scaffold_093427_01g000100
cell.vesicle transport	0.00593736376161421	0.0504989320534654	0.407017918923954	0.613692047020355	1.56597780585307	43	traescad_scaffold_113516_01g000100;traescad_scaffold_004007_01g000700;traescad_scaffold_060793_01g000100;traescad_scaffold_013616_01g000100;traescad_scaffold_003021_01g000300;traescad_scaffold_146832_01g000200;traescad_scaffold_109620_01g000400;traescad_scaffold_080769_01g000100;traescad_scaffold_037951_01g000200;traescad_scaffold_138099_01g000200;traescad_scaffold_069338_01g000200;traescad_scaffold_017628_01g000100;traescad_scaffold_074221_01g000200;traescad_scaffold_102837_01g000100;traescad_scaffold_004301_01g000200;traescad_scaffold_019191_01g000200;traescad_scaffold_073280_01g000200;traescad_scaffold_016856_01g000100;traescad_scaffold_040585_01g000100;traescad_scaffold_041772_01g000500;traescad_scaffold_021918_01g000100;traescad_scaffold_021955_01g000100;traescad_scaffold_065563_01g000100;traescad_scaffold_090322_01g000100;traescad_scaffold_006030_01g000100;traescad_scaffold_105559_01g000100;traescad_scaffold_033939_01g000100;traescad_scaffold_134465_01g000100;traescad_scaffold_151116_01g000200;traescad_scaffold_045822_01g000100;traescad_scaffold_127436_01g000100;traescad_scaffold_017964_01g000100;traescad_scaffold_021862_01g000100
development.late embryogenesis abundant	0.95448079658606	0.995036833187122	0.0319980480340634	0.26892192038271	0.520086483316422	8	traescad_scaffold_059777_01g000200;traescad_scaffold_050230_01g000400;traescad_scaffold_010070_01g000300;traescad_scaffold_021246_01g000300;traescad_scaffold_076299_01g000100;traescad_scaffold_021246_01g000200;traescad_scaffold_036214_01g000100;traescad_scaffold_010070_01g000200
development.storage proteins	0.591346153846154	0.866134317676749	0.0464154956843849	0.407382166598514	0.919407711999519	19	traescad_scaffold_114208_01g000100;traescad_scaffold_058443_01g000100;traescad_scaffold_069832_01g000300
development.unspecified	0.802494802494803	0.924231175022469	0.0248493879589072	0.305419750672594	0.799178423034685	54	traescad_scaffold_063877_01g000100;traescad_scaffold_030600_01g000400;traescad_scaffold_011767_01g000400;traescad_scaffold_012485_01g000400;traescad_scaffold_028599_01g000700;traescad_scaffold_102999_01g000100;traescad_scaffold_019287_01g000600;traescad_scaffold_087873_01g000200;traescad_scaffold_120211_01g000100;traescad_scaffold_048607_01g000100
fermentation.PDC	0.0334366801913418	0.207538014980742	0.321775918075361	0.851946721311475	1.4977316229533	5	traescad_scaffold_109122_01g000100;traescad_scaffold_086809_01g000300;traescad_scaffold_057176_01g000200;traescad_scaffold_003225_01g000600;traescad_scaffold_075398_01g000300
glycolysis.cytosolic branch.aldolase	0.683544303797468	0.872609749528683	0.0469758727821845	0.439128439020765	0.843251114902417	7	traescad_scaffold_008676_01g000200;traescad_scaffold_061538_01g000100;traescad_scaffold_070726_01g000200;traescad_scaffold_005315_01g000200;traescad_scaffold_044888_01g000200;traescad_scaffold_089800_01g000100
hormone metabolism.auxin.induced-regulated-responsive-activated	0.0985915492957746	0.394366197183099	0.158514105424824	0.63800567102864	1.3753697815626	15	traescad_scaffold_104171_01g000100;traescad_scaffold_015655_01g000200;traescad_scaffold_032394_01g000200;traescad_scaffold_007152_01g000100;traescad_scaffold_038101_01g000300;traescad_scaffold_047628_01g000200;traescad_scaffold_038101_01g000200
hormone metabolism.auxin.signal transduction	0.345425867507886	0.624026794370832	0.0862865626267245	0.64344262295082	1.13117914517699	5	traescad_scaffold_042776_01g000100;traescad_scaffold_029736_01g000200;traescad_scaffold_067274_01g000300;traescad_scaffold_073823_01g000100;traescad_scaffold_073893_01g000100
hormone metabolism.ethylene.synthesis-degradation	0.00518912874394285	0.0491601670478796	0.407017918923954	0.836095889635044	1.61698299021802	8	traescad_scaffold_051953_01g000400;traescad_scaffold_047010_01g000200;traescad_scaffold_013096_01g000500;traescad_scaffold_013096_01g000400
hormone metabolism.jasmonate.synthesis-degradation.12-Oxo-PDA-reductase	0.00980349233527274	0.0767229834934388	0.380730400722792	0.890198087431694	1.56497794156254	5	traescad_scaffold_102359_01g000100;traescad_scaffold_036909_01g000200;traescad_scaffold_062254_01g000200;traescad_scaffold_117476_01g000100;traescad_scaffold_018883_01g000500
hormone metabolism.jasmonate.synthesis-degradation.lipoxygenase	0.00617209169542355	0.0504989320534654	0.407017918923954	0.735350028146644	1.61839506008128	16	traescad_scaffold_030801_01g000200;traescad_scaffold_051960_01g000100;traescad_scaffold_093239_01g000200;traescad_scaffold_042310_01g000100;traescad_scaffold_045752_01g000300;traescad_scaffold_099474_01g000100
lipid metabolism.'exotics' (steroids, squalene etc)	0.88031914893617	0.956516286798131	0.0326513265618535	0.319164985795918	0.650573032372267	11	traescad_scaffold_008106_01g000100;traescad_scaffold_038677_01g000300;traescad_scaffold_094923_01g000100;traescad_scaffold_050217_01g000200;traescad_scaffold_087068_01g000100;traescad_scaffold_132295_01g000100;traescad_scaffold_096717_01g000100;traescad_scaffold_134020_01g000100
lipid metabolism.FA synthesis and FA elongation.acyl coa ligase	0.0853816300129366	0.365921271484014	0.172324344900946	0.65695798578113	1.3923532363191	13	traescad_scaffold_065971_01g000300;traescad_scaffold_031633_01g000100;traescad_scaffold_014430_01g000100;traescad_scaffold_140224_01g000100;traescad_scaffold_020674_01g000300
lipid metabolism.FA synthesis and FA elongation.ketoacyl ACP synthase	0.934707903780069	0.983913790410745	0.0747385227439092	-0.255551759480697	-0.565306211412671	7	traescad_scaffold_017025_01g000300;traescad_scaffold_041426_01g000200;traescad_scaffold_106660_01g000100;traescad_scaffold_039546_01g000200;traescad_scaffold_053325_01g000100;traescad_scaffold_039234_01g000100;traescad_scaffold_003054_01g000100
lipid metabolism.FA synthesis and FA elongation.long chain fatty acid CoA ligase	0.488958990536278	0.765327115622	0.0681513438679483	0.574933628579127	1.01073958626976	5	traescad_scaffold_008898_01g000100;traescad_scaffold_024694_01g000100;traescad_scaffold_123881_01g000100;traescad_scaffold_033426_01g000100
lipid metabolism.FA synthesis and FA elongation.pyruvate DH	0.171195652173913	0.497019635343619	0.176694268938498	-0.65198087431694	-1.31866235011956	5	traescad_scaffold_112848_01g000200;traescad_scaffold_023779_01g000200;traescad_scaffold_083045_01g000100;traescad_scaffold_098836_01g000300;traescad_scaffold_039724_01g000100
lipid metabolism.Phospholipid synthesis	0.388586956521739	0.666149068322981	0.111918316325105	-0.521895118209573	-1.05555771680446	5	traescad_scaffold_156432_01g000100
lipid metabolism.lipid degradation.beta-oxidation.enoyl CoA hydratase	0.232937685459941	0.530980603448276	0.105920292736253	0.677767079543912	1.24554885752435	6	traescad_scaffold_045766_01g000200;traescad_scaffold_010542_01g000200;traescad_scaffold_043376_01g000300;traescad_scaffold_069361_01g000300
lipid metabolism.lipid degradation.beta-oxidation.multifunctional	0.233438485804416	0.530980603448276	0.109684061970549	0.703207235670548	1.23624598581945	5	traescad_scaffold_036944_01g000200;traescad_scaffold_019393_01g000100;traescad_scaffold_055129_01g000300;traescad_scaffold_062211_01g000100
lipid metabolism.lipid degradation.lipases.triacylglycerol lipase	0.476529160739687	0.758251561106155	0.0643583367917361	0.529561420574871	1.02415502810213	8	traescad_scaffold_104099_01g000100;traescad_scaffold_034223_01g000200;traescad_scaffold_084480_01g000100;traescad_scaffold_063835_01g000200
lipid metabolism.lipid degradation.lysophospholipases.phospholipase D	0.660237388724036	0.866134317676749	0.051011413203915	0.468534824758024	0.861037712366378	6	traescad_scaffold_035450_01g000100;traescad_scaffold_021615_01g000400;traescad_scaffold_027856_01g000100;traescad_scaffold_108759_01g000100;traescad_scaffold_046374_01g000300
lipid metabolism.lipid transfer proteins etc	0.604810996563574	0.866134317676749	0.0988903007520636	-0.398651913881451	-0.881858154945539	7	traescad_scaffold_021643_01g000100;traescad_scaffold_049207_01g000200;traescad_scaffold_218475_01g000100
major CHO metabolism.degradation.starch.starch cleavage.beta amylase	0.134020618556701	0.438612933458294	0.227987202850442	-0.625735145451426	-1.3841891174677	7	traescad_scaffold_088914_01g000100;traescad_scaffold_006468_01g000200;traescad_scaffold_119220_01g000100;traescad_scaffold_031197_01g000300;traescad_scaffold_006109_01g000100;traescad_scaffold_006468_01g000300
major CHO metabolism.degradation.sucrose.fructokinase	0.759493670886076	0.914634146341463	0.0421619430092452	0.393768210206882	0.756146613985028	7	traescad_scaffold_038120_01g000100;traescad_scaffold_101518_01g000100;traescad_scaffold_098523_01g000100
major CHO metabolism.degradation.sucrose.hexokinase	0.734421364985163	0.914167916041979	0.0461379160269737	0.432966296348033	0.795672572538844	6	traescad_scaffold_061154_01g000100;traescad_scaffold_062666_01g000100;traescad_scaffold_075795_01g000100;traescad_scaffold_095755_01g000400;traescad_scaffold_085040_01g000300;traescad_scaffold_063511_01g000200
major CHO metabolism.synthesis.starch.AGPase	0.347560975609756	0.624026794370832	0.127505315300183	-0.516614251841626	-1.09019254493458	6	traescad_scaffold_057164_01g000100;traescad_scaffold_077355_01g000200;traescad_scaffold_000367_01g000100
major CHO metabolism.synthesis.starch.starch synthase	0.845360824742268	0.94512390343856	0.0799858801499946	-0.317731465664503	-0.702853979430193	7	traescad_scaffold_038307_01g000100;traescad_scaffold_005666_01g000100;traescad_scaffold_060576_01g000100;traescad_scaffold_052722_01g000200;traescad_scaffold_021735_01g000300;traescad_scaffold_080796_01g000100;traescad_scaffold_006017_01g000100
major CHO metabolism.synthesis.sucrose.SPS	0.657608695652174	0.866134317676749	0.0808589150280032	-0.413422131147541	-0.836165937569267	5	traescad_scaffold_053719_01g000100;traescad_scaffold_078018_01g000100;traescad_scaffold_002586_01g000100;traescad_scaffold_027000_01g000400;traescad_scaffold_060265_01g000100
metal handling.binding, chelation and storage	0.786885245901639	0.918921151542687	0.0391956336118146	0.378909219405258	0.76067346069389	10	traescad_scaffold_062839_01g000100;traescad_scaffold_071925_01g000100;traescad_scaffold_087313_01g000100;traescad_scaffold_037491_01g000200;traescad_scaffold_038886_01g000100
minor CHO metabolism.galactose.alpha-galactosidases	0.198738170347003	0.520438035346417	0.120433371642259	0.72271004709746	1.2705321409039	5	traescad_scaffold_075961_01g000400;traescad_scaffold_051555_01g000100;traescad_scaffold_019645_01g000300;traescad_scaffold_032500_01g000100
minor CHO metabolism.others	0.997663551401869	1	0.0189287891242153	0.153950216068273	0.362169936663793	24	traescad_scaffold_003269_01g000400;traescad_scaffold_030295_01g000100;traescad_scaffold_084436_01g000100;traescad_scaffold_103804_01g000100;traescad_scaffold_031201_01g000100
minor CHO metabolism.raffinose family.raffinose synthases.putative	0.0305910552085773	0.196656783483711	0.352487857583619	0.855290498338671	1.5036100194169	5	traescad_scaffold_082992_01g000200;traescad_scaffold_148322_01g000100;traescad_scaffold_085386_01g000100
misc. other Ferredoxins and Rieske domain	0.883357041251778	0.956516286798131	0.0356933083353341	0.332819494112415	0.643662368711857	8	traescad_scaffold_013822_01g000200;traescad_scaffold_059664_01g000200
misc.GCN5-related N-acetyltransferase	0.659836065573771	0.866134317676749	0.0472587336673259	0.433148504305553	0.869560715048455	10	traescad_scaffold_014357_01g000100;traescad_scaffold_028385_01g000300
misc.UDP glucosyl and glucoronyl transferases	6.57613931235984e-05	0.00156246131292377	0.538434096309916	0.679459041221187	1.76429076152799	51	traescad_scaffold_014474_01g000300;traescad_scaffold_003324_01g000300;traescad_scaffold_026512_01g000700;traescad_scaffold_118956_01g000300;traescad_scaffold_006571_01g001600;traescad_scaffold_051018_01g000200;traescad_scaffold_034880_01g000200;traescad_scaffold_039251_01g000300;traescad_scaffold_050078_01g000100;traescad_scaffold_029972_01g000100;traescad_scaffold_092634_01g000300;traescad_scaffold_002353_01g000300;traescad_scaffold_044770_01g000400;traescad_scaffold_011532_01g000300;traescad_scaffold_001778_01g000200;traescad_scaffold_054181_01g000400;traescad_scaffold_109499_01g000200;traescad_scaffold_070133_01g000100;traescad_scaffold_058959_01g000100;traescad_scaffold_044673_01g000300
misc.acid and other phosphatases	0.856382978723404	0.945698994909281	0.0339723613634993	0.332408282722618	0.677567634611369	11	traescad_scaffold_040161_01g000800;traescad_scaffold_042639_01g000300;traescad_scaffold_087963_01g000200;traescad_scaffold_061432_01g000100
misc.beta 1,3 glucan hydrolases.glucan endo-1,3-beta-glucosidase	1.01437468212025e-06	6.08624809272152e-05	0.643551836150722	0.855778415198757	1.95766016005137	20	traescad_scaffold_031796_01g000100;traescad_scaffold_020853_01g000100;traescad_scaffold_031873_01g000200;traescad_scaffold_042449_01g000200;traescad_scaffold_048500_01g000500;traescad_scaffold_014294_01g000400;traescad_scaffold_084164_01g000200;traescad_scaffold_025493_01g000200;traescad_scaffold_040962_01g000300;traescad_scaffold_055807_01g000300;traescad_scaffold_048500_01g000100;traescad_scaffold_056530_01g000200;traescad_scaffold_104761_01g000300;traescad_scaffold_000655_01g000500;traescad_scaffold_088532_01g000400;traescad_scaffold_061996_01g000100
misc.cytochrome P450	6.94427250188343e-05	0.00156246131292377	0.538434096309916	0.708330245440725	1.8025493354759	42	traescad_scaffold_058389_01g000100;traescad_scaffold_088922_01g000100;traescad_scaffold_011934_01g000300;traescad_scaffold_030360_01g000100;traescad_scaffold_006571_01g000500;traescad_scaffold_041680_01g000100;traescad_scaffold_047163_01g000100;traescad_scaffold_048246_01g000100;traescad_scaffold_142241_01g000100;traescad_scaffold_050454_01g000100;traescad_scaffold_086440_01g000400;traescad_scaffold_003324_01g000600;traescad_scaffold_032158_01g000100;traescad_scaffold_051536_01g000100;traescad_scaffold_021231_01g000100;traescad_scaffold_017263_01g000100;traescad_scaffold_069577_01g000100;traescad_scaffold_069519_01g000100;traescad_scaffold_014261_01g000300;traescad_scaffold_043096_01g000300;traescad_scaffold_052908_01g000200;traescad_scaffold_052681_01g000100;traescad_scaffold_003422_01g000200;traescad_scaffold_006774_01g000200;traescad_scaffold_136017_01g000100;traescad_scaffold_127676_01g000100
misc.dynamin	0.193456614509246	0.520438035346417	0.115240003147781	0.654471084158423	1.26572636439542	8	traescad_scaffold_016947_01g000100;traescad_scaffold_055540_01g000100;traescad_scaffold_002217_01g000100;traescad_scaffold_076444_01g000100;traescad_scaffold_052715_01g000200;traescad_scaffold_035987_01g000200;traescad_scaffold_054969_01g000100
misc.gluco-, galacto- and mannosidases	0.0831639750733742	0.365110134468472	0.287805130535564	-0.434700013350179	-1.35238444481258	19	traescad_scaffold_025728_01g000200;traescad_scaffold_170782_01g000100;traescad_scaffold_045234_01g000100;traescad_scaffold_036125_01g000600;traescad_scaffold_024356_01g000300;traescad_scaffold_056822_01g000500;traescad_scaffold_042119_01g000100;traescad_scaffold_079577_01g000100;traescad_scaffold_166766_01g000100
misc.glutathione S transferases	5.04504846256294e-05	0.00151351453876888	0.557332238758646	0.697642074488349	1.78969276787493	44	traescad_scaffold_051155_01g000100;traescad_scaffold_068638_01g000100;traescad_scaffold_092074_01g000100;traescad_scaffold_094579_01g000100;traescad_scaffold_089470_01g000100;traescad_scaffold_001469_01g001200;traescad_scaffold_037375_01g000300;traescad_scaffold_018210_01g000400;traescad_scaffold_009750_01g000200;traescad_scaffold_083311_01g000200;traescad_scaffold_103917_01g000200;traescad_scaffold_143552_01g000200;traescad_scaffold_037375_01g000100;traescad_scaffold_018210_01g000300;traescad_scaffold_100017_01g000200;traescad_scaffold_011701_01g000200;traescad_scaffold_027222_01g000300;traescad_scaffold_029359_01g000100;traescad_scaffold_093243_01g000200;traescad_scaffold_079416_01g000200;traescad_scaffold_003510_01g000700;traescad_scaffold_105722_01g000100;traescad_scaffold_100017_01g000300
misc.misc2	0.441420118343195	0.728950654144726	0.059221919380382	0.454267518582999	1.0459458918951	21	traescad_scaffold_003694_01g000100;traescad_scaffold_063623_01g000200;traescad_scaffold_014513_01g000200;traescad_scaffold_129143_01g000200;traescad_scaffold_011449_01g000200
misc.nitrilases, *nitrile lyases, berberine bridge enzymes, reticuline oxidases, troponine reductases	0.107692307692308	0.408163265306122	0.144630528034484	0.587480801603718	1.35266798938516	21	traescad_scaffold_037839_01g000200;traescad_scaffold_042001_01g000100;traescad_scaffold_032169_01g000300;traescad_scaffold_047595_01g000200;traescad_scaffold_056887_01g000200;traescad_scaffold_012103_01g000100
misc.oxidases - copper, flavone etc	0.00562648656385588	0.0504989320534654	0.407017918923954	0.662487792261656	1.61933470784314	30	traescad_scaffold_036436_01g000500;traescad_scaffold_004054_01g000300;traescad_scaffold_004054_01g000200;traescad_scaffold_060918_01g000200;traescad_scaffold_037943_01g000200
misc.peroxidases	1.82234997115885e-08	1.64011497404297e-06	0.73376198835648	0.788346298394454	2.01164869677901	43	traescad_scaffold_037061_01g000200;traescad_scaffold_001342_01g000100;traescad_scaffold_001357_01g000300;traescad_scaffold_054974_01g000300;traescad_scaffold_013787_01g000100;traescad_scaffold_001357_01g000400;traescad_scaffold_001053_01g000400;traescad_scaffold_053873_01g000100;traescad_scaffold_001342_01g000500;traescad_scaffold_054974_01g000200;traescad_scaffold_034368_01g000100;traescad_scaffold_053598_01g000300;traescad_scaffold_034368_01g000400;traescad_scaffold_009023_01g000200;traescad_scaffold_002505_01g000200;traescad_scaffold_022122_01g000100;traescad_scaffold_013957_01g000400;traescad_scaffold_021759_01g000200;traescad_scaffold_023400_01g000200;traescad_scaffold_089659_01g000500
misc.plastocyanin-like	0.416666666666667	0.700934579439252	0.0689567351672811	0.527760719114364	1.0594980329514	10	traescad_scaffold_070447_01g000200;traescad_scaffold_078281_01g000100;traescad_scaffold_050822_01g000200;traescad_scaffold_005404_01g000300
misc.protease inhibitor/seed storage/lipid transfer protein (LTP) family protein	0.642670157068063	0.866134317676749	0.0465084048719156	0.429931181050837	0.891830131264219	12	traescad_scaffold_014444_01g000100;traescad_scaffold_009101_01g000300
misc.rhodanese	0.0687151343088414	0.32751533122178	0.287805130535564	-0.675435599590024	-1.49413152401451	7	traescad_scaffold_031410_01g000500;traescad_scaffold_048167_01g000500;traescad_scaffold_020744_01g000200;traescad_scaffold_007511_01g000200;traescad_scaffold_083180_01g000100;traescad_scaffold_016229_01g000200;traescad_scaffold_084651_01g000200
misc.short chain dehydrogenase/reductase (SDR)	0.230673316708229	0.530980603448276	0.0959206777921745	0.559550338132416	1.23148632411519	16	traescad_scaffold_041454_01g000200;traescad_scaffold_030431_01g000200;traescad_scaffold_003128_01g000300;traescad_scaffold_034326_01g000600;traescad_scaffold_126638_01g000100;traescad_scaffold_002084_01g001000;traescad_scaffold_126930_01g000300;traescad_scaffold_023619_01g000100;traescad_scaffold_030228_01g000300
mitochondrial electron transport / ATP synthesis.F1-ATPase	0.664	0.866134317676749	0.102449405629826	-0.322222222222222	-0.863592199713312	11	traescad_scaffold_179191_01g000100;traescad_scaffold_004044_01g000100;traescad_scaffold_010760_01g000200;traescad_scaffold_054661_01g000100;traescad_scaffold_051664_01g000100;traescad_scaffold_038882_01g000100;traescad_scaffold_029735_01g000100;traescad_scaffold_043777_01g000200;traescad_scaffold_259113_01g000100;traescad_scaffold_102775_01g000200;traescad_scaffold_025833_01g000400
mitochondrial electron transport / ATP synthesis.NADH-DH.localisation not clear	0.062008227028393	0.32751533122178	0.321775918075361	-0.488012800011917	-1.38487411581963	14	traescad_scaffold_024591_01g000100;traescad_scaffold_066746_01g000100;traescad_scaffold_055975_01g000400;traescad_scaffold_058561_01g000200;traescad_scaffold_017793_01g000100
mitochondrial electron transport / ATP synthesis.cytochrome c oxidase	0.220815752461322	0.530980603448276	0.105920292736253	0.652245700343606	1.25249668464093	7	traescad_scaffold_202307_01g000100;traescad_scaffold_133347_01g000200;traescad_scaffold_102474_01g000100;traescad_scaffold_046226_01g000300;traescad_scaffold_173620_01g000100;traescad_scaffold_008889_01g000200;traescad_scaffold_061983_01g000200
not assigned.no ontology.glycine rich proteins	0.664688427299703	0.866134317676749	0.0507027937029348	0.463708087784344	0.852167501781374	6	traescad_scaffold_013997_01g000100;traescad_scaffold_092322_01g000100;traescad_scaffold_079608_01g000200
not assigned.no ontology.hydroxyproline rich proteins	0.791293213828425	0.918921151542687	0.0359208664409425	0.354272049878586	0.763715894671685	15	traescad_scaffold_036612_01g000200;traescad_scaffold_034938_01g000300;traescad_scaffold_079522_01g000100;traescad_scaffold_065458_01g000100
not assigned.no ontology.pentatricopeptide (PPR) repeat-containing protein	0.0104122863021204	0.0780921472659027	0.380730400722792	-0.520159233118396	-1.74089937586825	24	traescad_scaffold_010118_01g000200;traescad_scaffold_070874_01g000200;traescad_scaffold_039356_01g000100;traescad_scaffold_006116_01g000300;traescad_scaffold_036894_01g000100;traescad_scaffold_118142_01g000100;traescad_scaffold_099759_01g000100;traescad_scaffold_054200_01g000100;traescad_scaffold_021259_01g000400;traescad_scaffold_030107_01g000100
not assigned.no ontology.tetratricopeptide repeat (TPR)	0.52990264255911	0.801533408912939	0.0582216241124161	0.497033956358942	0.978141037013527	9	traescad_scaffold_058840_01g000100;traescad_scaffold_160902_01g000100;traescad_scaffold_028669_01g000100;traescad_scaffold_115257_01g000100;traescad_scaffold_032808_01g000200
nucleotide metabolism.degradation	0.247267759562842	0.540483255616787	0.0972150808846466	0.602679178230932	1.20989945009164	10	traescad_scaffold_130424_01g000100;traescad_scaffold_078662_01g000300;traescad_scaffold_071389_01g000100;traescad_scaffold_043248_01g000200;traescad_scaffold_047963_01g000300;traescad_scaffold_056251_01g000100
nucleotide metabolism.phosphotransfer and pyrophosphatases.misc	0.127988748241913	0.434678767614044	0.144630528034484	0.713999109039312	1.37108073910982	7	traescad_scaffold_010459_01g000100;traescad_scaffold_080830_01g000100
protein.aa activation	0.241847826086957	0.53743961352657	0.14641623786055	-0.610653950095916	-1.2350766788779	5	traescad_scaffold_063099_01g000200;traescad_scaffold_065050_01g000100
protein.aa activation.alanine-tRNA ligase	0.789634146341463	0.918921151542687	0.077274697304471	-0.353641149233688	-0.746276245965541	6	traescad_scaffold_062404_01g000400
protein.aa activation.glycine-tRNA ligase	0.39521800281294	0.671124910437067	0.0730744399126987	0.572211469428099	1.09880826810303	7	traescad_scaffold_157295_01g000100;traescad_scaffold_005760_01g000100
protein.assembly and cofactor ligation	0.0149605648231473	0.107716066726661	0.380730400722792	-0.55874437450796	-1.69652833165601	18	traescad_scaffold_095691_01g000300;traescad_scaffold_035226_01g000300;traescad_scaffold_019107_01g000600;traescad_scaffold_124464_01g000100;traescad_scaffold_002159_01g000400;traescad_scaffold_284614_01g000100;traescad_scaffold_066057_01g000400;traescad_scaffold_055634_01g000100;traescad_scaffold_037800_01g000200;traescad_scaffold_014849_01g000300;traescad_scaffold_137899_01g000200;traescad_scaffold_013478_01g000200;traescad_scaffold_024040_01g000100
protein.degradation	0.676557394423365	0.869859507115755	0.143902565267782	-0.239293320970859	-1.02941040099247	59	traescad_scaffold_039356_01g000700;traescad_scaffold_085142_01g000300;traescad_scaffold_062470_01g000300;traescad_scaffold_036151_01g000300;traescad_scaffold_080905_01g000400;traescad_scaffold_033276_01g000300;traescad_scaffold_001851_01g000300;traescad_scaffold_178278_01g000100;traescad_scaffold_017193_01g000200;traescad_scaffold_067744_01g000400;traescad_scaffold_095177_01g000100;traescad_scaffold_001889_01g000100
protein.degradation.AAA type	0.109530583214794	0.408163265306122	0.158514105424824	0.699206098739852	1.35224246684498	8	traescad_scaffold_031460_01g000100;traescad_scaffold_065134_01g000500;traescad_scaffold_099255_01g000100;traescad_scaffold_034316_01g000900;traescad_scaffold_053822_01g000300
protein.degradation.aspartate protease	0.815078236130868	0.928570142427571	0.0394366509525593	0.376631517903925	0.728393436184061	8	traescad_scaffold_029592_01g000200;traescad_scaffold_026604_01g000500;traescad_scaffold_056008_01g000100
protein.degradation.cysteine protease	0.58968347010551	0.866134317676749	0.0454059226590179	0.396207425447333	0.919381885184498	22	traescad_scaffold_029418_01g000200;traescad_scaffold_039371_01g000100;traescad_scaffold_105456_01g000100;traescad_scaffold_025893_01g000200;traescad_scaffold_085467_01g000100;traescad_scaffold_101841_01g000200;traescad_scaffold_036315_01g000300;traescad_scaffold_022005_01g000100;traescad_scaffold_016822_01g000100;traescad_scaffold_042267_01g000100;traescad_scaffold_035165_01g000100;traescad_scaffold_002000_01g000100;traescad_scaffold_025051_01g000100
protein.degradation.metalloprotease	0.185185185185185	0.520438035346417	0.287857117255149	-0.357031114793056	-1.19709851342554	25	traescad_scaffold_086045_01g000100;traescad_scaffold_003822_01g000100;traescad_scaffold_048120_01g000100;traescad_scaffold_095992_01g000200;traescad_scaffold_003918_01g000800
protein.degradation.serine protease	0.303252885624344	0.606505771248688	0.0716527366829457	0.437444424305701	1.12956657034887	48	traescad_scaffold_066027_01g000100;traescad_scaffold_061872_01g000400;traescad_scaffold_004491_01g000100;traescad_scaffold_091993_01g000100;traescad_scaffold_027528_01g000100;traescad_scaffold_070159_01g000200;traescad_scaffold_032119_01g000200;traescad_scaffold_064514_01g000300;traescad_scaffold_070268_01g000200;traescad_scaffold_011426_01g000200
protein.degradation.subtilases	0.121919156981995	0.426272540515864	0.287805130535564	-0.512474057674224	-1.40052161159846	12	traescad_scaffold_093044_01g000100;traescad_scaffold_057435_01g000100;traescad_scaffold_048686_01g000100;traescad_scaffold_083344_01g000200
protein.degradation.ubiquitin	0.806134969325153	0.924231175022469	0.0330162512586498	0.336915786504621	0.747126788259937	17	traescad_scaffold_019864_01g000500;traescad_scaffold_043711_01g000200;traescad_scaffold_086368_01g000200;traescad_scaffold_041011_01g000100;traescad_scaffold_082103_01g000200;traescad_scaffold_036774_01g000100;traescad_scaffold_053519_01g000500;traescad_scaffold_030195_01g000100;traescad_scaffold_079100_01g000100;traescad_scaffold_089721_01g000300;traescad_scaffold_062294_01g000100;traescad_scaffold_136661_01g000100
protein.degradation.ubiquitin.E2	0.747634069400631	0.914634146341463	0.0481183992657975	0.445283795681009	0.782813766749968	5	traescad_scaffold_121972_01g000100;traescad_scaffold_082260_01g000300;traescad_scaffold_069948_01g000100
protein.degradation.ubiquitin.E3.RING	0.174074074074074	0.497354497354497	0.206587922696891	-0.503957830311503	-1.29332233178118	10	traescad_scaffold_067015_01g000200;traescad_scaffold_075314_01g000100;traescad_scaffold_061695_01g000100
protein.degradation.ubiquitin.proteasom	0.145702306079665	0.452179570592062	0.11378726182188	0.486979279097293	1.25684317877766	46	traescad_scaffold_076765_01g000200;traescad_scaffold_034388_01g000100;traescad_scaffold_013624_01g000200;traescad_scaffold_064514_01g000200;traescad_scaffold_067156_01g000200;traescad_scaffold_081810_01g000400;traescad_scaffold_118335_01g000100;traescad_scaffold_056821_01g000400;traescad_scaffold_039331_01g000300;traescad_scaffold_054031_01g000200;traescad_scaffold_089276_01g000300;traescad_scaffold_087452_01g000100;traescad_scaffold_037752_01g000100;traescad_scaffold_114912_01g000100;traescad_scaffold_055447_01g000300;traescad_scaffold_000224_01g001400;traescad_scaffold_101213_01g000200;traescad_scaffold_081034_01g000300;traescad_scaffold_031664_01g000600;traescad_scaffold_100614_01g000300;traescad_scaffold_054741_01g000200;traescad_scaffold_046053_01g000100;traescad_scaffold_046985_01g000200;traescad_scaffold_125877_01g000200;traescad_scaffold_038633_01g000100;traescad_scaffold_076622_01g000400;traescad_scaffold_008238_01g000100;traescad_scaffold_055510_01g000300;traescad_scaffold_041713_01g000400;traescad_scaffold_014560_01g000100;traescad_scaffold_063890_01g000100;traescad_scaffold_074182_01g000100;traescad_scaffold_009086_01g000100;traescad_scaffold_049039_01g000100;traescad_scaffold_086081_01g000100
protein.folding	0.770833333333333	0.918874172185431	0.234392647294686	-0.218880882121496	-0.874238061676201	46	traescad_scaffold_051276_01g000200;traescad_scaffold_047530_01g000100;traescad_scaffold_008675_01g000500;traescad_scaffold_027134_01g000200;traescad_scaffold_154458_01g000100;traescad_scaffold_043779_01g000200;traescad_scaffold_073541_01g000200;traescad_scaffold_089817_01g000100;traescad_scaffold_054084_01g000200;traescad_scaffold_084889_01g000200;traescad_scaffold_055435_01g000100;traescad_scaffold_000250_01g001200;traescad_scaffold_089632_01g000100
protein.postranslational modification	0.475025484199796	0.758251561106155	0.0488970772260102	0.380331145869459	1.01654359294574	67	traescad_scaffold_034393_01g000200;traescad_scaffold_108891_01g000100;traescad_scaffold_031639_01g000300;traescad_scaffold_066552_01g000200;traescad_scaffold_126221_01g000100;traescad_scaffold_070869_01g000100;traescad_scaffold_089501_01g000100;traescad_scaffold_045940_01g000100;traescad_scaffold_123723_01g000100;traescad_scaffold_101631_01g000100;traescad_scaffold_134875_01g000300;traescad_scaffold_038337_01g000100;traescad_scaffold_085115_01g000100;traescad_scaffold_127354_01g000200;traescad_scaffold_068500_01g000300;traescad_scaffold_018186_01g000100;traescad_scaffold_024323_01g000300;traescad_scaffold_021668_01g000100;traescad_scaffold_028587_01g000200;traescad_scaffold_003956_01g000800;traescad_scaffold_055273_01g000100;traescad_scaffold_064259_01g000200;traescad_scaffold_058839_01g000100;traescad_scaffold_070793_01g000100;traescad_scaffold_031806_01g000100;traescad_scaffold_074681_01g000200;traescad_scaffold_028464_01g000100;traescad_scaffold_049974_01g000100;traescad_scaffold_048088_01g000100;traescad_scaffold_022518_01g000100;traescad_scaffold_103170_01g000100
protein.synthesis.elongation	0.0650692323473223	0.32751533122178	0.287805130535564	-0.437967038673649	-1.46581372728277	24	traescad_scaffold_040251_01g000200;traescad_scaffold_060097_01g000100;traescad_scaffold_055726_01g000600;traescad_scaffold_059213_01g000200;traescad_scaffold_037722_01g000100;traescad_scaffold_072619_01g000300;traescad_scaffold_077415_01g000100
protein.synthesis.initiation	0.652551574375679	0.866134317676749	0.0372254009247509	0.350628854984753	0.885650364899263	39	traescad_scaffold_059289_01g000200;traescad_scaffold_011918_01g000100;traescad_scaffold_104682_01g000100;traescad_scaffold_057453_01g000300;traescad_scaffold_081764_01g000100;traescad_scaffold_042094_01g000200;traescad_scaffold_107831_01g000400;traescad_scaffold_033826_01g000500;traescad_scaffold_037427_01g000100;traescad_scaffold_110385_01g000100;traescad_scaffold_071175_01g000100;traescad_scaffold_045383_01g000200;traescad_scaffold_042939_01g000400;traescad_scaffold_049679_01g000100;traescad_scaffold_011793_01g000200;traescad_scaffold_090496_01g000100;traescad_scaffold_012277_01g000100;traescad_scaffold_020758_01g000200;traescad_scaffold_087575_01g000100;traescad_scaffold_125744_01g000100;traescad_scaffold_109414_01g000100;traescad_scaffold_008568_01g000100;traescad_scaffold_015369_01g000400;traescad_scaffold_037275_01g000100;traescad_scaffold_078117_01g000100;traescad_scaffold_020754_01g000300;traescad_scaffold_071999_01g000400;traescad_scaffold_126519_01g000200
protein.synthesis.release	0.759643916913947	0.914634146341463	0.0445961615888961	0.416970699390222	0.766277079429872	6	traescad_scaffold_036125_01g000300;traescad_scaffold_135760_01g000200;traescad_scaffold_111727_01g000100;traescad_scaffold_061570_01g000100
protein.synthesis.ribosomal protein.eukaryotic.60S subunit.L7	0.171195652173913	0.497019635343619	0.176694268938498	-0.651911664155378	-1.31852236927366	5	traescad_scaffold_083163_01g000100
protein.targeting.chloroplast	0.0231887451316307	0.160537466295905	0.352487857583619	-0.452466967539411	-1.58820246680501	29	traescad_scaffold_075321_01g000100;traescad_scaffold_128014_01g000200;traescad_scaffold_132497_01g000200;traescad_scaffold_015969_01g000100;traescad_scaffold_107073_01g000400;traescad_scaffold_089284_01g000200;traescad_scaffold_022870_01g000100;traescad_scaffold_021801_01g000100;traescad_scaffold_020121_01g000300;traescad_scaffold_100708_01g000300;traescad_scaffold_015802_01g000100;traescad_scaffold_058382_01g000100;traescad_scaffold_046084_01g000100;traescad_scaffold_004967_01g001100;traescad_scaffold_145209_01g000200;traescad_scaffold_015968_01g000700;traescad_scaffold_005502_01g000300;traescad_scaffold_112862_01g000300;traescad_scaffold_013209_01g000300;traescad_scaffold_042521_01g000200;traescad_scaffold_132497_01g000100;traescad_scaffold_016817_01g000300;traescad_scaffold_036658_01g000400;traescad_scaffold_081588_01g000100
protein.targeting.mitochondria	0.855803048065651	0.945698994909281	0.0277995594097672	0.304245797508486	0.709570300099109	23	traescad_scaffold_013769_01g000300;traescad_scaffold_027061_01g000200;traescad_scaffold_154229_01g000100;traescad_scaffold_016629_01g000100;traescad_scaffold_032726_01g000200;traescad_scaffold_025903_01g000200;traescad_scaffold_150429_01g000100;traescad_scaffold_059484_01g000100;traescad_scaffold_044397_01g000100;traescad_scaffold_061219_01g000300;traescad_scaffold_034863_01g000100;traescad_scaffold_014566_01g000100;traescad_scaffold_098552_01g000200
protein.targeting.nucleus	0.65546218487395	0.866134317676749	0.106323255932708	-0.318205251051178	-0.8696114941775	12	traescad_scaffold_053561_01g000200;traescad_scaffold_019533_01g000100
protein.targeting.peroxisomes	0.422848664688427	0.704747774480712	0.0723570851036907	0.58476798019504	1.07464217668832	6	traescad_scaffold_069238_01g000100;traescad_scaffold_095222_01g000100;traescad_scaffold_014288_01g001100
protein.targeting.secretory pathway.golgi	0.252225519287834	0.540483255616787	0.100990587455923	0.660631938514091	1.21405919687637	6	traescad_scaffold_034132_01g000300;traescad_scaffold_022178_01g000500;traescad_scaffold_019550_01g000200;traescad_scaffold_008896_01g000200;traescad_scaffold_088641_01g000100;traescad_scaffold_031195_01g000100
protein.targeting.secretory pathway.unspecified	0.156004489337823	0.475945899674713	0.11378726182188	0.526471585077337	1.28233846307336	29	traescad_scaffold_097324_01g000100;traescad_scaffold_034971_01g000200;traescad_scaffold_131235_01g000100;traescad_scaffold_089911_01g000200;traescad_scaffold_019556_01g000300;traescad_scaffold_035272_01g000100;traescad_scaffold_003624_01g000100;traescad_scaffold_066098_01g000100;traescad_scaffold_046424_01g000300;traescad_scaffold_102742_01g000100;traescad_scaffold_116732_01g000100;traescad_scaffold_034526_01g000100;traescad_scaffold_131359_01g000100;traescad_scaffold_098930_01g000100;traescad_scaffold_027491_01g000300;traescad_scaffold_110288_01g000100
protein.targeting.secretory pathway.vacuole	0.379694019471488	0.657162726008345	0.0745500777420554	0.556561859193438	1.09528934019248	9	traescad_scaffold_059262_01g000200;traescad_scaffold_060977_01g000200;traescad_scaffold_024667_01g000300;traescad_scaffold_056084_01g000100;traescad_scaffold_063992_01g000100;traescad_scaffold_023201_01g000100;traescad_scaffold_052057_01g000100;traescad_scaffold_054367_01g000100;traescad_scaffold_107286_01g000200
redox.ascorbate and glutathione	0.448320413436692	0.733615221987315	0.0626618230932491	0.490855103423651	1.05032115944317	14	traescad_scaffold_091692_01g000200;traescad_scaffold_168301_01g000100;traescad_scaffold_010085_01g000300;traescad_scaffold_099207_01g000100;traescad_scaffold_088614_01g000200;traescad_scaffold_065547_01g000100;traescad_scaffold_023115_01g000500
redox.ascorbate and glutathione.ascorbate	0.199501246882793	0.520438035346417	0.104732821580651	0.575313789448439	1.26617931488583	16	traescad_scaffold_034865_01g000200;traescad_scaffold_050682_01g000100;traescad_scaffold_062364_01g000200;traescad_scaffold_004968_01g000100
redox.ascorbate and glutathione.glutathione	0.0691421254801537	0.32751533122178	0.191892240384838	0.655868733410221	1.4138777718853	15	traescad_scaffold_017399_01g000100;traescad_scaffold_079282_01g000300;traescad_scaffold_001463_01g000200;traescad_scaffold_037977_01g000200;traescad_scaffold_018220_01g000400;traescad_scaffold_050592_01g000200
redox.dismutases and catalases	0.516170763260026	0.794108866553886	0.0560595875032335	0.468492848013306	0.992921232775761	13	traescad_scaffold_053630_01g000100;traescad_scaffold_031712_01g000700;traescad_scaffold_103608_01g000100
redox.glutaredoxins	0.657103825136612	0.866134317676749	0.0474483193656297	0.434321150646012	0.871914843436691	10	traescad_scaffold_063047_01g000400;traescad_scaffold_042821_01g000200;traescad_scaffold_149873_01g000200;traescad_scaffold_000647_01g000500;traescad_scaffold_146234_01g000100
redox.heme	0.593471810089021	0.866134317676749	0.0559428593065705	0.505578508721664	0.929113781021784	6	traescad_scaffold_030470_01g000100;traescad_scaffold_015256_01g000200;traescad_scaffold_036815_01g000400
redox.peroxiredoxin	0.268292682926829	0.555088309503785	0.147331213699377	-0.57432719526889	-1.21198210154543	6	traescad_scaffold_009577_01g000100;traescad_scaffold_111261_01g000100
redox.thioredoxin	0.190525167006735	0.520438035346417	0.249246554383295	-0.345728508357164	-1.19958407570661	28	traescad_scaffold_049101_01g000200;traescad_scaffold_150958_01g000200;traescad_scaffold_003176_01g000200;traescad_scaffold_002823_01g000100;traescad_scaffold_066657_01g000200;traescad_scaffold_061018_01g000400;traescad_scaffold_079999_01g000400;traescad_scaffold_049352_01g000100;traescad_scaffold_121067_01g000100;traescad_scaffold_038070_01g000100;traescad_scaffold_000583_01g000900;traescad_scaffold_027753_01g000200;traescad_scaffold_055851_01g000200
redox.thioredoxin.PDIL	0.0554765291607397	0.32212178222365	0.227987202850442	0.758460097141181	1.46683782451284	8	traescad_scaffold_100697_01g000100;traescad_scaffold_044799_01g000100;traescad_scaffold_000050_01g000700;traescad_scaffold_105559_01g000200;traescad_scaffold_008508_01g000800;traescad_scaffold_013001_01g000100;traescad_scaffold_111072_01g000100
secondary metabolism.N misc.alkaloid-like	0.137834036568214	0.443037974683544	0.13880510939114	0.706670820817213	1.35700834783543	7	traescad_scaffold_028756_01g000100;traescad_scaffold_094530_01g000100;traescad_scaffold_128290_01g000100;traescad_scaffold_111102_01g000100
secondary metabolism.flavonoids.chalcones	0.0942334739803094	0.385500575373993	0.170932335370056	0.73696869896454	1.41518886464251	7	traescad_scaffold_121178_01g000100;traescad_scaffold_043631_01g000600;traescad_scaffold_069972_01g000200;traescad_scaffold_035052_01g000300
secondary metabolism.flavonoids.dihydroflavonols	0.00434941797875729	0.0460526609515478	0.407017918923954	0.869274635220338	1.66925377673223	7	traescad_scaffold_012741_01g000100;traescad_scaffold_013603_01g000800;traescad_scaffold_125319_01g000100;traescad_scaffold_098736_01g000100
secondary metabolism.isoprenoids.tocopherol biosynthesis	0.917981072555205	0.977731319881284	0.0387166740042594	0.334390483228248	0.587862114633898	5	traescad_scaffold_115222_01g000200;traescad_scaffold_097265_01g000300;traescad_scaffold_062488_01g000200;traescad_scaffold_136887_01g000400
secondary metabolism.phenylpropanoids	0.00510496916246608	0.0491601670478796	0.407017918923954	0.694841972080471	1.61235020135072	22	traescad_scaffold_631170_01g000100;traescad_scaffold_039756_01g000100;traescad_scaffold_784555_01g000100;traescad_scaffold_089821_01g000200;traescad_scaffold_110979_01g000100;traescad_scaffold_010880_01g000300;traescad_scaffold_034203_01g000100;traescad_scaffold_054786_01g000400;traescad_scaffold_012241_01g000500
secondary metabolism.phenylpropanoids.lignin biosynthesis.4CL	0.0260093770633714	0.173395847089142	0.352487857583619	0.807113093389846	1.54988599092108	7	traescad_scaffold_101586_01g000100;traescad_scaffold_049540_01g000100;traescad_scaffold_078671_01g000200;traescad_scaffold_113450_01g000100
secondary metabolism.phenylpropanoids.lignin biosynthesis.CAD	0.064207650273224	0.32751533122178	0.206587922696891	0.705015361510134	1.41534290383336	10	traescad_scaffold_013209_01g000100;traescad_scaffold_106046_01g000100;traescad_scaffold_035955_01g000100;traescad_scaffold_065302_01g000100;traescad_scaffold_043508_01g000100
secondary metabolism.phenylpropanoids.lignin biosynthesis.COMT	0.00263051357768315	0.0315661629321979	0.431707695803346	0.88235659761099	1.69437485382673	7	traescad_scaffold_069169_01g000200;traescad_scaffold_069169_01g000100;traescad_scaffold_008402_01g000100;traescad_scaffold_010177_01g000100
secondary metabolism.phenylpropanoids.lignin biosynthesis.PAL	2.592096408224e-05	0.000933154706960641	0.575610261071129	0.956447480785653	1.75768653115504	6	traescad_scaffold_105035_01g000100;traescad_scaffold_134062_01g000100;traescad_scaffold_026600_01g000200;traescad_scaffold_054259_01g000200;traescad_scaffold_046504_01g000200;traescad_scaffold_072111_01g000200
signalling.14-3-3 proteins	0.75	0.914634146341463	0.0799858801499946	-0.378217893352672	-0.798139668474247	6	traescad_scaffold_072929_01g000100
signalling.G-proteins	0.956340956340956	0.995036833187122	0.0135373162884418	0.235686581789291	0.616710708295731	54	traescad_scaffold_060522_01g000200;traescad_scaffold_103119_01g000200;traescad_scaffold_043785_01g000300;traescad_scaffold_124355_01g000200;traescad_scaffold_017580_01g000100;traescad_scaffold_067624_01g000200;traescad_scaffold_004421_01g000200;traescad_scaffold_036722_01g000300;traescad_scaffold_008288_01g000100;traescad_scaffold_038267_01g000100;traescad_scaffold_077960_01g000100;traescad_scaffold_073647_01g000100;traescad_scaffold_036722_01g000400;traescad_scaffold_080683_01g000200;traescad_scaffold_019452_01g000200;traescad_scaffold_067637_01g000100;traescad_scaffold_015541_01g000100;traescad_scaffold_074820_01g000500;traescad_scaffold_090175_01g000100;traescad_scaffold_056700_01g000200;traescad_scaffold_000016_01g000300;traescad_scaffold_046887_01g000100;traescad_scaffold_014815_01g000100
signalling.MAP kinases	0.216617210682493	0.530980603448276	0.110564716336619	0.687251987505608	1.2629795009297	6	traescad_scaffold_013596_01g000100;traescad_scaffold_022044_01g000100;traescad_scaffold_458666_01g000100;traescad_scaffold_005937_01g000100
signalling.calcium	0.723830734966592	0.914167916041979	0.0335297167141207	0.332815158173013	0.829516226792486	33	traescad_scaffold_045294_01g000200;traescad_scaffold_133847_01g000100;traescad_scaffold_009052_01g000200;traescad_scaffold_069460_01g000100;traescad_scaffold_077669_01g000100;traescad_scaffold_062310_01g000200;traescad_scaffold_149503_01g000100;traescad_scaffold_085952_01g000200;traescad_scaffold_046197_01g000100;traescad_scaffold_047450_01g000700;traescad_scaffold_037441_01g000200;traescad_scaffold_072757_01g000200;traescad_scaffold_111923_01g000100;traescad_scaffold_076753_01g000200;traescad_scaffold_103051_01g000100
signalling.light	0.000777525170130003	0.013295340953587	0.477270815362862	-0.78711221985055	-2.01999006726682	10	traescad_scaffold_057564_01g000400;traescad_scaffold_107860_01g000100;traescad_scaffold_023652_01g000100;traescad_scaffold_028165_01g000400;traescad_scaffold_076285_01g000200;traescad_scaffold_050363_01g000100;traescad_scaffold_032699_01g000400;traescad_scaffold_040036_01g000100
signalling.phosphinositides.inositol-1,3,4-trisphosphate 5/6-kinase	0.203470031545741	0.523208652546192	0.118815039412263	0.720538183699833	1.26671398137586	5	traescad_scaffold_071204_01g000100;traescad_scaffold_086804_01g000100;traescad_scaffold_040956_01g000200
signalling.receptor kinases.DUF 26	0.0661040787623066	0.32751533122178	0.206587922696891	0.751700383650279	1.44347787631149	7	traescad_scaffold_045491_01g000300;traescad_scaffold_005906_01g000600;traescad_scaffold_036706_01g000100;traescad_scaffold_038577_01g000100;traescad_scaffold_017217_01g000700;traescad_scaffold_006470_01g000200
signalling.receptor kinases.leucine rich repeat III	0.0896739130434783	0.375379170879676	0.248911114434702	-0.718718230439263	-1.45364182932166	5	traescad_scaffold_050398_01g000200;traescad_scaffold_115941_01g000400;traescad_scaffold_048333_01g000100;traescad_scaffold_019326_01g000100
stress	0.259643916913947	0.543440756331516	0.0992333343771191	0.655372589689621	1.20439396509195	6	traescad_scaffold_052724_01g000300;traescad_scaffold_023973_01g000100;traescad_scaffold_008704_01g000400;traescad_scaffold_121542_01g000100
stress.abiotic	0.000289196461745533	0.00578392923491065	0.49849310876659	0.833997392797167	1.76756960730469	13	traescad_scaffold_069763_01g000200;traescad_scaffold_005235_01g000100;traescad_scaffold_000030_01g000400;traescad_scaffold_000030_01g000100;traescad_scaffold_009838_01g000100;traescad_scaffold_034247_01g000400;traescad_scaffold_128978_01g000200;traescad_scaffold_049256_01g000100
stress.abiotic.drought/salt	0.900630914826498	0.964961694456963	0.0395979123961192	0.34760362173449	0.611090956161449	5	traescad_scaffold_013461_01g000300;traescad_scaffold_091922_01g000200;traescad_scaffold_033193_01g000100
stress.abiotic.heat	0.280167890870934	0.573070685872365	0.0756946307932749	0.439424745190133	1.14101508890418	51	traescad_scaffold_022091_01g000300;traescad_scaffold_132648_01g000100;traescad_scaffold_028329_01g000700;traescad_scaffold_093393_01g000100;traescad_scaffold_057434_01g000200;traescad_scaffold_087625_01g000200;traescad_scaffold_096483_01g000100;traescad_scaffold_009065_01g000700;traescad_scaffold_077985_01g000300;traescad_scaffold_027728_01g000300;traescad_scaffold_025623_01g000100;traescad_scaffold_107132_01g000200;traescad_scaffold_024466_01g000300;traescad_scaffold_075511_01g000100;traescad_scaffold_076289_01g000200;traescad_scaffold_084497_01g000200;traescad_scaffold_078283_01g000100;traescad_scaffold_042461_01g000300
stress.abiotic.unspecified	0.00365862636518568	0.0411595466083389	0.431707695803346	0.740714173365181	1.65697290340694	18	traescad_scaffold_042854_01g000300;traescad_scaffold_080239_01g000400;traescad_scaffold_161577_01g000200;traescad_scaffold_018010_01g000300;traescad_scaffold_374997_01g000100;traescad_scaffold_035254_01g000400;traescad_scaffold_051534_01g000200
stress.biotic	2.79697340739728e-13	5.03455213331511e-11	0.932595211336209	0.818229125058544	2.15150781063599	58	traescad_scaffold_056989_01g000100;traescad_scaffold_131328_01g000100;traescad_scaffold_098437_01g000200;traescad_scaffold_110001_01g000200;traescad_scaffold_095755_01g000300;traescad_scaffold_042728_01g000100;traescad_scaffold_114293_01g000100;traescad_scaffold_011533_01g000300;traescad_scaffold_010428_01g000200;traescad_scaffold_055207_01g000100;traescad_scaffold_006911_01g000100;traescad_scaffold_040954_01g000200;traescad_scaffold_030935_01g000600;traescad_scaffold_116497_01g000100;traescad_scaffold_092477_01g000100;traescad_scaffold_047916_01g000200;traescad_scaffold_063102_01g000100;traescad_scaffold_149528_01g000100;traescad_scaffold_094995_01g000100;traescad_scaffold_096412_01g000400;traescad_scaffold_044525_01g000400;traescad_scaffold_002446_01g000100;traescad_scaffold_014474_01g000200;traescad_scaffold_018387_01g000400;traescad_scaffold_110001_01g000100;traescad_scaffold_019321_01g000100;traescad_scaffold_111708_01g000100;traescad_scaffold_001468_01g000300;traescad_scaffold_072677_01g000300;traescad_scaffold_008954_01g000100;traescad_scaffold_061524_01g000200;traescad_scaffold_124065_01g000100;traescad_scaffold_007449_01g000500;traescad_scaffold_077847_01g000100;traescad_scaffold_001264_01g000200;traescad_scaffold_064095_01g000300;traescad_scaffold_067098_01g000300;traescad_scaffold_140042_01g000100;traescad_scaffold_007449_01g000400
stress.biotic.PR-proteins	0.227432590855803	0.530980603448276	0.0931454575337804	0.5253149288087	1.21897016195095	22	traescad_scaffold_007210_01g000200;traescad_scaffold_018667_01g000600;traescad_scaffold_080248_01g000100;traescad_scaffold_007210_01g000100;traescad_scaffold_006023_01g000200;traescad_scaffold_100081_01g000100;traescad_scaffold_075589_01g000200
tetrapyrrole synthesis.magnesium chelatase	0.00107219655172593	0.0160829482758889	0.45505986738723	-0.902663934426229	-1.82568077075223	5	traescad_scaffold_077228_01g000100;traescad_scaffold_095850_01g000100;traescad_scaffold_084049_01g000500;traescad_scaffold_069828_01g000100;traescad_scaffold_011409_01g000500
transport.ABC transporters and multidrug resistance systems	0.00152871154748959	0.0196548627534376	0.45505986738723	0.673358140978703	1.6782934631069	33	traescad_scaffold_030585_01g000100;traescad_scaffold_131130_01g000100;traescad_scaffold_098712_01g000100;traescad_scaffold_094300_01g000100;traescad_scaffold_017602_01g000100;traescad_scaffold_070969_01g000100;traescad_scaffold_091535_01g000100;traescad_scaffold_067999_01g000100;traescad_scaffold_075684_01g000100;traescad_scaffold_098622_01g000100;traescad_scaffold_079338_01g000200
transport.Major Intrinsic Proteins.PIP	0.00144414122519858	0.0196548627534376	0.45505986738723	-0.718749030762255	-1.98581959709553	13	traescad_scaffold_011461_01g000200;traescad_scaffold_057742_01g000200;traescad_scaffold_051880_01g000100;traescad_scaffold_089360_01g000100;traescad_scaffold_081541_01g000100;traescad_scaffold_030172_01g000100;traescad_scaffold_051782_01g000400;traescad_scaffold_090142_01g000100;traescad_scaffold_118402_01g000100
transport.amino acids	0.0815752461322082	0.365110134468472	0.184706471207739	0.741442565194135	1.42377995633869	7	traescad_scaffold_135843_01g000100;traescad_scaffold_008032_01g000400;traescad_scaffold_003668_01g000100;traescad_scaffold_032489_01g000100;traescad_scaffold_036549_01g000400;traescad_scaffold_035674_01g000100
transport.calcium	0.650071123755334	0.866134317676749	0.0497903187820785	0.452602982271175	0.875319843964177	8	traescad_scaffold_021254_01g000200;traescad_scaffold_049685_01g000300;traescad_scaffold_078042_01g000200
transport.metabolite transporters at the envelope membrane	0.361204013377926	0.631230314641036	0.131457611642763	-0.460842487626747	-1.09273908821482	8	traescad_scaffold_086112_01g000200
transport.metabolite transporters at the mitochondrial membrane	0.989182692307692	1	0.0212181723861707	0.199862422494893	0.451063074544956	19	traescad_scaffold_027934_01g000100;traescad_scaffold_030442_01g000200;traescad_scaffold_041900_01g000100;traescad_scaffold_090945_01g000100;traescad_scaffold_065563_01g000200;traescad_scaffold_072070_01g000200;traescad_scaffold_152978_01g000100;traescad_scaffold_021609_01g000100;traescad_scaffold_045472_01g000200
transport.metal	0.783505154639175	0.918921151542687	0.0840745577910723	-0.340107601455255	-0.752352243796011	7	traescad_scaffold_026490_01g000100;traescad_scaffold_043264_01g000100;traescad_scaffold_004055_01g000100;traescad_scaffold_016757_01g000200
transport.misc	0.887434554973822	0.956516286798131	0.0314928902471297	0.31070720783435	0.64451722080349	12	traescad_scaffold_013085_01g000400;traescad_scaffold_000178_01g000200;traescad_scaffold_127354_01g000100;traescad_scaffold_008059_01g000600;traescad_scaffold_266898_01g000100;traescad_scaffold_124078_01g000100
transport.peptides and oligopeptides	0.617210682492582	0.866134317676749	0.0541200569620232	0.493607101194935	0.90711363758326	6	traescad_scaffold_023882_01g000100;traescad_scaffold_035989_01g000800;traescad_scaffold_041746_01g000100;traescad_scaffold_009524_01g000100
transport.potassium	0.229970326409496	0.530980603448276	0.106729884364606	0.679767374997023	1.24922484857132	6	traescad_scaffold_001114_01g000100;traescad_scaffold_059462_01g000100;traescad_scaffold_042782_01g000500
transport.sugars	0.111111111111111	0.408163265306122	0.149207542435322	0.630456797187927	1.34903785166461	14	traescad_scaffold_097725_01g000100;traescad_scaffold_056628_01g000100;traescad_scaffold_064515_01g000100;traescad_scaffold_094202_01g000100;traescad_scaffold_003610_01g000600;traescad_scaffold_058762_01g000100;traescad_scaffold_082685_01g000100;traescad_scaffold_017054_01g000100;traescad_scaffold_068732_01g000100;traescad_scaffold_018483_01g000300
transport.unspecified cations	0.972508591065292	1	0.0727141077934447	-0.233744166433581	-0.517065620815502	7	traescad_scaffold_066660_01g000600;traescad_scaffold_027432_01g000200
