group_id	majority_protein_ids	unique_peptides	reverse	potential_contaminant	only_identified_by_site
PG00002	P00003	6			
PG00004	P00012	4			
PG00005	P00015	3			
PG00006	P00018	7			
PG00007	P00019	7			
PG00008	P00020	4			
PG00009	P00024	3			
PG00010	P00025	3			
PG00012	P00029	5			
PG00013	P00031	4			
PG00014	P00034	6			
PG00015	P00035	6			
PG00016	P00036	2			
PG00017	P00037	5			
PG00019	P00041	2			
PG00020	P00042	4			
PG00021	P00043	5			
PG00022	P00044	3			
PG00023	P00047	4			
PG00024	P00048	8			
PG00025	P00050	5			
PG00026	P00051	6			
PG00027	P00058	3			
PG00028	P00060	7			
PG00030	P00067	5			
PG00031	P00068	3			
PG00031b	P00068	4			
PG00033	P00077	4			
PG00034	P00078	3			
PG00035	P00082	5			
PG00036	P00085	7			
PG00037	P00088	8			
PG00038	P00089	4			
PG00040	P00093	3			
PG00041	P00094	2			
PG00042	P00095	11			
PG00043	P00096	4			
PG00044	P00100	4			
PG00045	P00101	5			
PG00046	P00102	4			
PG00048	P00109	8			
PG00049	P00111	2			
PG00050b	P00112	3			
PG00051	P00114	4			
PG00052	P00116	3			
PG00054	P00119	3			
PG00055	P00120	7			
PG00056	P00122	8			
PG00057	P00123	12			
PG00058	P00125	5			
PG00058b	P00125	5			
PG00059	P00126	4			
PG00060	P00129	4			
PG00061	P00134	7			
PG00062	P00136	3			
PG00063	P00138	7			
PG00065	P00141	8			
PG00066	P00145	8			
PG00067	P00149	4			
PG00069	P00155	5			
PG00070	P00156	7			
PG00071	P00157	6			
PG00072	P00160	8			
PG00073	P00162	6			
PG00074	P00163	4			
PG00075	P00164	2			
PG00076	P00166	7			
PG00077	P00168	5			
PG00078	P00177	9			
PG00079	P00178	8			
PG00080	P00180	2			
PG00081	P00186	4			
PG00082	P00188	5			
PG00083	P00190	3			
PG00084	P00192	3			
PG00085	P00194	4			
PG00086	P00196	4			
PG00087	P00197	7			
PG00088	P00198	8			
PG00089	P00199	5			
PG00090	P00203	5			
PG00091	P00206	6			
PG00092	P00207	7			
PG00093	P00209	3			
PG00094	P00210	5			
PG00095	P00211	5			
PG00096	P00213	5			
PG00097	P00214	4			
PG00098	P00215	5			
PG00099	P00219	5			
PG00100	P00220	9			
PG00101	P00221	3			
PG00102	P00222	8			
PG00103	P00223	5			
PG00104	P00225	5			
PG00105	P00227	6			
PG00106	P00228	11			
PG00108	P00232	8			
PG00109	P00233	4			
PG00110	P00235;Q9ORPH8	8			
PG00111	P00240	5			
PG00112	P00242	2			
PG00113	P00246	6			
PG00113b	P00246	4			
PG00114	P00247	4			
PG00115	P00248	5			
PG00116	P00251	5			
PG00117	P00254	6			
PG00119	P00256	6			
PG00120	P00257	6			
PG00121	P00259	2			
PG00122	P00261	3			
PG00123	P00262	5			
PG00123b	P00262	5			
PG00124	P00268	10			
PG00125	P00270	4			
PG00126	P00283	8			
PG00127	P00284	5			
PG00128	P00286	5			
PG00129	P00288	5			
PG00130	P00290	3			
PG00130b	P00290	4			
PG00131	P00291	5			
PG00132	P00292	5			
PG00134	P00299	3			
PG00136	P00302	6			
PG00137	P00303	5			
PG00139	P00306	5			
PG00140	P00308	3			
PG00143	P00314	7			
PG00144	P00318	5			
PG00144b	P00318	2			
PG00146	P00320	5			
PG00148	P00322	4			
PG00149	P00323	4			
PG00150	P00326	2			
PG00151	P00330	9			
PG00152	P00332	3			
PG00153	P00333	7			
PG00154	P00337	5			
PG00155	P00338	2			
PG00156	P00343	9			
PG00156b	P00343	2			
PG00157	P00347	4			
PG00158	P00349	5			
PG00160	P00352	4			
PG00163	P00358	8			
PG00164	P00359	4			
PG00165	P00361	2			
PG00166	P00363	5			
PG00167	P00364	9			
PG00168	P00365	5			
PG00169	P00366	4			
PG00170	P00367	4			
PG00171	P00368	5			
PG00172	P00370	9			
PG00173	P00371	4			
PG00174	P00381	5			
PG00176	P00384	3			
PG00177	P00386	6			
PG00179	P00388	2			
PG00180	P00390	5			
PG00181	P00391	3			
PG00182	P00393	4			
PG00184	P00397	8			
PG00185	P00401	7			
PG00188	P00410	2			
PG00189	P00411	6			
PG00189b	P00411	7			
PG00191	P00415	4			
PG00192	P00417	7			
PG00192b	P00417	3			
PG00194	P00419	8			
PG00195	P00420	2			
PG00196	P00424	3			
PG00197	P00425	3			
PG00198	P00430	5			
PG00199	P00432	2			
PG00200	P00433	4			
PG00201	P00436	7			
PG00202	P00437	5			
PG00203	P00440	5			
PG00204	P00441	5			
PG00206	P00443	3			
PG00207	P00444	5			
PG00208	P00446	4			
PG00209	P00447;Q9ORPH5	5			
PG00210	P00448	4			
PG00211	P00453	4			
PG00212	P00454	5			
PG00213	P00455;Q9ORPH3	2			
PG00214	P00457	2			
PG00215	P00458	5			
PG00216	P00461	9			
PG00217	P00462	4			
PG00218	P00463	7			
PG00219	P00464	7			
PG00220	P00465	4			
PG00221	P00468	6			
PG00222	P00470	6			
PG00223	P00471	4			
PG00225	P00477	4			
PG00226	P00478	4			
PG00226b	P00478	12			
PG00227	P00479	2			
PG00229	P00483	2			
PG00230	P00485	2			
PG00231	P00492	5			
PG00232	P00494	8			
PG00234	P00503	7			
PG00235	P00504	4			
PG00236	P00505	4			
PG00237	P00508	10			
PG00238	P00512	2			
PG00239	P00514	4			
PG00240	P00517	4			
PG00241	P00519	4			
PG00242	P00523	11			
PG00246	P00532	5			
PG00247	P00533	8			
PG00248	P00535	5			
PG00249	P00540	5			
PG00251	P00544	4			
PG00252	P00547	6			
PG00254	P00552	3			
PG00255	P00553	4			
PG00256	P00555	4			
PG00257	P00558	5			
PG00258	P00559	4			
PG00259	P00560	8			
PG00261	P00566	8			
PG00261b	P00566	5			
PG00262	P00567	4			
PG00263	P00568	6			
PG00264	P00572	3			
PG00265	P00573	5			
PG00267	P00590	5			
PG00268	P00592	10			
PG00269	P00595	6			
PG00270	P00597	2			
PG00271	P00598	3			
PG00272	P00599	5			
PG00273	P00601	9			
PG00274	P00604	2			
PG00275	P00606	5			
PG00276	P00607	6			
PG00277	P00614	4			
PG00279	P00619	7			
PG00281	P00631	5			
PG00282	P00634	4			
PG00284	P00638	6			
PG00285	P00641	6			
PG00286	P00643	3			
PG00287	P00644	3			
PG00288	P00646	4			
PG00290	P00648	7			
PG00291	P00649	4			
PG00292	P00651	2			
PG00293	P00655	5			
PG00294	P00659	3			
PG00295	P00660	5			
PG00296	P00661	9			
PG00298	P00663	6			
PG00299	P00664	5			
PG00301	P00666	8			
PG00302	P00667	6			
PG00303	P00668	10			
PG00304	P00671	6			
PG00305	P00673	3			
PG00306	P00675	11			
PG00307	P00676	4			
PG00308	P00678	2			
PG00309	P00682	4			
PG00310	P00683	8			
PG00311	P00688;Q9ORPH2	7			
PG00313	P00693	4			
PG00314	P00694	9			
PG00315	P00699	7			
PG00316	P00700	11			
PG00317	P00705	5			
PG00318	P00709	2			
PG00319	P00710	5			
PG00320	P00711	4			
PG00321	P00714	5			
PG00323	P00717	6			
PG00324	P00722	4			
PG00326	P00726	8			
PG00327	P00729	5			
PG00328	P00734	3			
PG00330	P00736	5			
PG00331	P00738	9			
PG00331b	P00738	4			
PG00332	P00740	4			
PG00334	P00743	7			
PG00337	P00749	7			
PG00338	P00750	7			
PG00339	P00752	6			
PG00340	P00753	2			
PG00342	P00760	5			
PG00343	P00763	8			
PG00344	P00769	4			
PG00345	P00777	4			
PG00346	P00779	7			
PG00347	P00784	3			
PG00349	P00788	6			
PG00350	P00790	3			
PG00351	P00791	2			
PG00352	P00793	6			
PG00352b	P00793	4			
PG00353	P00796	3			
PG00354	P00797	8			
PG00355	P00799	4			
PG00356	P00801	7			
PG00357	P00802	8			
PG00358	P00803	9			
PG00361	P00816	3			
PG00362	P00817	9			
PG00364	P00820	5			
PG00366	P00828	4			
PG00367	P00829	5			
PG00369	P00831	7			
PG00370	P00832	8			
PG00371	P00836	5			
PG00372	P00837	8			
PG00373	P00838	8			
PG00374	P00839	7			
PG00375	P00842	4			
PG00376	P00844	7			
PG00376b	P00844	5			
PG00377	P00845	8			
PG00378	P00848	5			
PG00379	P00849	8			
PG00380	P00850	5			
PG00381	P00851	5			
PG00383	P00854	3			
PG00384	P00855	6			
PG00385	P00856	6			
PG00387	P00860	3			
PG00388	P00862	7			
PG00389	P00863	3			
PG00390	P00866	5			
PG00391	P00870	5			
PG00391b	P00870	4			
PG00392	P00873	3			
PG00393	P00875	6			
PG00393b	P00875	5			
PG00395	P00880	5			
PG00398	P00886	7			
PG00399	P00888	4			
PG00400	P00889	7			
PG00401	P00894	4			
PG00402	P00896	4			
PG00403	P00897	7			
PG00404	P00899	8			
PG00405	P00901	7			
PG00406	P00903	6			
PG00407	P00908	5			
PG00408	P00910	6			
PG00409	P00914	7			
PG00410	P00916	4			
PG00410b	P00916	5			
PG00411	P00921	3			
PG00413	P00929	2			
PG00414	P00930	3			
PG00415	P00931	5			
PG00417	P00934	6			
PG00418	P00935	6			
PG00420	P00938	6			
PG00421	P00942	3			
PG00423	P00953	6			
PG00424	P00955	3			
PG00425	P00956	3			
PG00425b	P00956	7			
PG00426	P00957	5			
PG00427	P00959	4			
PG00428	P00960	3			
PG00429	P00961	4			
PG00430	P00963	8			
PG00431	P00965	5			
PG00432	P00968	4			
PG00433	P00970	5			
PG00435	P00981	5			
PG00436	P00982	8			
PG00437	P00985	6			
PG00439	P00988	4			
PG00440	P00990	6			
PG00441	P00991	7			
PG00443	P00994	10			
PG00444	P00995	5			
PG00445	P00999	9			
PG00446	P01005	7			
PG00448b	P01010	4			
PG00449	P01011	3			
PG00450	P01014	6			
PG00452	P01017	6			
PG00453	P01018	4			
PG00454	P01019	2			
PG00455	P01020	3			
PG00456	P01021	5			
PG00457	P01024	5			
PG00458	P01026	2			
PG00460	P01028	7			
PG00461	P01030	2			
PG00462	P01031	6			
PG00463	P01032	4			
PG00464	P01035	4			
PG00465	P01037	5			
PG00466	P01039	2			
PG00466b	P01039	10			
PG00467	P01040	4			
PG00468	P01047	5			
PG00469	P01049	7			
PG00470	P01053	4			
PG00471	P01055	3			
PG00472	P01062	4			
PG00474	P01071	6			
PG00475	P01073	5			
PG00476	P01075	3			
PG00477	P01076	4			
PG00478	P01077	7			
PG00479	P01081	5			
PG00480	P01082	7			
PG00481	P01083	5			
PG00483	P01088	2			
PG00484	P01089	7			
PG00485	P01090	4			
PG00486	P01092	9			
PG00487	P01096	10			
PG00488	P01097	7			
PG00490	P01100	5			
PG00491	P01102	4			
PG00492	P01105	9			
PG00493	P01107	3			
PG00494	P01108	5			
PG00495	P01109	7			
PG00496	P01111	3			
PG00497	P01112	5			
PG00498	P01113	3			
PG00499	P01114	6			
PG00500	P01115	6			
PG00502	P01123	4			
PG00503	P01124	2			
PG00504	P01125	6			
PG00506	P01127	6			
PG00506b	P01127	7			
PG00507	P01128	5			
PG00508	P01131	6			
PG00511	P01136	6			
PG00512	P01137	4			
PG00513	P01138	7			
PG00514	P01139	10			
PG00515	P01143	7			
PG00516	P01144	7			
PG00517	P01145	6			
PG00518	P01149	2			
PG00519	P01152	3			
PG00520	P01153	4			
PG00521	P01154	6			
PG00522	P01155	7			
PG00524	P01158	4			
PG00526	P01163	9			
PG00527	P01164	5			
PG00528	P01167	3			
PG00529	P01168	6			
PG00530	P01170	7			
PG00531	P01171	9			
PG00532	P01173	4			
PG00532b	P01173	6			
PG00533	P01174	3			
PG00534	P01177	5			
PG00535	P01183;Q9ORPH12	6			
PG00536	P01184	6			
PG00537	P01186	4			
PG00538	P01187	5			
PG00539	P01188	8			
PG00540	P01189	5			
PG00540b	P01189	5			
PG00541	P01190	4			
PG00542	P01192	8			
PG00543	P01193	3			
PG00544	P01194	3			
PG00545	P01195	4			
PG00546	P01198	4			
PG00547	P01199	9			
PG00548	P01201	8			
PG00550	P01209	12			
PG00553	P01217	4			
PG00554	P01219	3			
PG00555	P01220	4			
PG00556	P01225	4			
PG00557	P01226	5			
PG00558	P01227	8			
PG00559	P01228	3			
PG00560	P01229	3			
PG00561	P01230	6			
PG00563	P01238	8			
PG00564	P01239	6			
PG00565	P01240	4			
PG00566	P01243	4			
PG00567	P01244	2			
PG00568	P01248	4			
PG00569	P01249	6			
PG00570	P01256	4			
PG00571	P01257	3			
PG00572	P01259	7			
PG00573	P01261	4			
PG00574	P01262	4			
PG00574b	P01262	7			
PG00575	P01263	2			
PG00576	P01266	3			
PG00577	P01268	10			
PG00578	P01271	6			
PG00579	P01281	3			
PG00580	P01282	5			
PG00581	P01284	4			
PG00582	P01286	7			
PG00585	P01296	5			
PG00587	P01299	6			
PG00590	P01304	3			
PG00591	P01305	4			
PG00592	P01307	5			
PG00593	P01308	5			
PG00595	P01318	11			
PG00596	P01322	8			
PG00597	P01323	3			
PG00599	P01327	6			
PG00602	P01331	4			
PG00603	P01333	2			
PG00604	P01336	12			
PG00605	P01337	3			
PG00606	P01343	4			
PG00607	P01347	5			
PG00608	P01348	4			
PG00609	P01353	6			
PG00610	P01354	6			
PG00611	P01355	5			
PG00612	P01357	7			
PG00613	P01364	4			
PG00615	P01366	6			
PG00617	P01372	4			
PG00618	P01373	7			
PG00619	P01375	12			
PG00620	P01377	3			
PG00621	P01380	7			
PG00622	P01383	4			
PG00623	P01385	4			
PG00624	P01388	4			
PG00626	P01392	5			
PG00628	P01395	5			
PG00629	P01397	2			
PG00630	P01405	4			
PG00632	P01410	4			
PG00634	P01426	2			
PG00635	P01427	6			
PG00637	P01434;Q9ORPH11	8			
PG00638	P01436	3			
PG00640	P01439	4			
PG00641	P01440	5			
PG00641b	P01440	6			
PG00642	P01443	2			
PG00643	P01444	8			
PG00644	P01449	4			
PG00646	P01453	7			
PG00647	P01454	6			
PG00648	P01456	2			
PG00649	P01458	5			
PG00651	P01462	6			
PG00652	P01463	3			
PG00653	P01464	5			
PG00654	P01467	10			
PG00657	P01473	4			
PG00658	P01474	9			
PG00659	P01476	5			
PG00660	P01478	6			
PG00661	P01479	7			
PG00662	P01484	3			
PG00664	P01490	6			
PG00665	P01492	2			
PG00666	P01494	6			
PG00666b	P01494	6			
PG00668	P01502	7			
PG00669	P01503	4			
PG00670	P01505	6			
PG00671	P01508	6			
PG00673	P01511	9			
PG00674	P01514	3			
PG00675	P01516	3			
PG00676	P01517	6			
PG00677	P01519	12			
PG00678	P01521;Q9ORPH13	5			
PG00679	P01522	4			
PG00680	P01524;Q9ORPH10	4			
PG00682	P01539	7			
PG00683	P01540	6			
PG00684	P01542	4			
PG00685	P01544	3			
PG00686	P01549	7			
PG00687	P01550	4			
PG00688	P01552	5			
PG00689	P01553	4			
PG00690	P01554	4			
PG00691	P01558	3			
PG00694	P01561	2			
PG00695	P01563	6			
PG00696	P01564	2			
PG00697	P01567	10			
PG00698	P01570	3			
PG00699	P01571	3			
PG00700	P01572	4			
PG00700b	P01572	5			
PG00701	P01573	6			
PG00702	P01577	4			
PG00703	P01578	4			
PG00704	P01583	3			
PG00705	P01584	3			
PG00706	P01587	6			
PG00707	P01591	7			
PG00708	P01593	3			
PG00709	P01594	4			
PG00710	P01596	2			
PG00711	P01597	7			
PG00712	P01599	7			
PG00713	P01600	9			
PG00713b	P01600	4			
PG00714	P01601	4			
PG00715	P01605	4			
PG00716	P01606	7			
PG00718	P01608	5			
PG00719	P01610	4			
PG00720	P01611	7			
PG00721	P01613	7			
PG00723	P01617	2			
PG00724	P01621	5			
PG00725	P01622	8			
PG00726	P01623	9			
PG00727	P01625	4			
PG00728	P01629	3			
PG00729	P01633	7			
PG00730	P01634	6			
PG00732	P01645	4			
PG00734	P01648	9			
PG00737	P01653	5			
PG00738	P01656	11			
PG00739	P01657	6			
PG00740	P01658	5			
PG00741	P01661	8			
PG00743	P01664	4			
PG00744	P01665	5			
PG00746	P01670	9			
PG00747	P01672	3			
PG00748	P01673	5			
PG00749b	P01674	7			
PG00750	P01676	5			
PG00751	P01677	9			
PG00752	P01678	4			
PG00753	P01679	4			
PG00755	P01684	4			
PG00756	P01685	8			
PG00757	P01686	5			
PG00759	P01688	5			
PG00759b	P01688	4			
PG00760	P01689	5			
PG00761	P01690	5			
PG00763	P01694	8			
PG00764	P01698	6			
PG00765	P01703	2			
PG00766	P01704	8			
PG00766b	P01704	4			
PG00769	P01709	6			
PG00769b	P01709	4			
PG00770	P01711	7			
PG00772	P01713	8			
PG00773	P01715	6			
PG00774	P01719	3			
PG00775	P01721	6			
PG00777	P01728	5			
PG00778	P01729	4			
PG00779	P01732	7			
PG00780	P01733	4			
PG00782	P01740	5			
PG00783	P01741	6			
PG00784	P01742	6			
PG00785	P01743	8			
PG00786	P01744	4			
PG00787	P01745	7			
PG00788	P01747	3			
PG00789	P01748	5			
PG00790	P01749	4			
PG00792	P01752	6			
PG00793	P01753	7			
PG00794	P01755	5			
PG00795	P01762	6			
PG00796	P01763	4			
PG00798	P01765	6			
PG00799	P01767	10			
PG00800	P01768	7			
PG00802	P01778	6			
PG00803	P01780	2			
PG00804	P01781	8			
PG00805	P01783	5			
PG00806	P01785	8			
PG00808	P01789	8			
PG00810	P01791	4			
PG00812	P01794	5			
PG00813	P01798	5			
PG00814	P01799	5			
PG00815	P01802	9			
PG00816	P01803	2			
PG00817	P01804	4			
PG00818	P01818	3			
PG00820	P01823	6			
PG00821	P01824	6			
PG00822	P01825	3			
PG00823	P01827	6			
PG00824	P01830	4			
PG00825	P01831	3			
PG00826	P01835	5			
PG00827	P01838	11			
PG00829	P01840	6			
PG00830	P01842	5			
PG00833	P01846	8			
PG00834	P01850	5			
PG00835	P01855	2			
PG00836	P01856	3			
PG00837	P01858	4			
PG00838	P01860	4			
PG00840	P01864	7			
PG00841	P01866	4			
PG00843	P01873	5			
PG00845	P01882	5			
PG00846	P01884	3			
PG00847	P01887	5			
PG00848	P01889	4			
PG00849	P01891	6			
PG00850	P01895	5			
PG00852	P01897	7			
PG00853	P01902	2			
PG00855	P01905	7			
PG00856	P01912	3			
PG00857	P01914	6			
PG00860	P01918	6			
PG00861	P01920	9			
PG00862	P01922	4			
PG00863	P01924	5			
PG00865	P01928	6			
PG00866	P01929	9			
PG00867	P01935	3			
PG00868	P01937	7			
PG00869	P01938	2			
PG00870	P01939	10			
PG00871	P01940	10			
PG00872	P01942	5			
PG00872b	P01942	4			
PG00873	P01947	5			
PG00874	P01948	8			
PG00875	P01949	4			
PG00878	P01956	4			
PG00879	P01957	8			
PG00880	P01958	4			
PG00881	P01962	5			
PG00882	P01964	4			
PG00883	P01968	5			
PG00884	P01970	3			
PG00886	P01972	13			
PG00887	P01974	4			
PG00888	P01975	6			
PG00889	P01976	3			
PG00891	P01981	6			
PG00892	P01984	3			
PG00893	P01985	3			
PG00894	P01986	5			
PG00895	P01989	6			
PG00897	P01994	7			
PG00897b	P01994	3			
PG00898	P01998	3			
PG00899	P02000	2			
PG00900	P02006	6			
PG00901	P02007	5			
PG00902	P02009	5			
PG00903	P02010	9			
PG00904	P02013	3			
PG00905	P02014	3			
PG00906	P02015	6			
PG00907	P02016	2			
PG00908	P02021	2			
PG00909	P02023	3			
PG00910	P02026	6			
PG00911	P02034	5			
PG00912	P02036	4			
PG00914	P02043	4			
PG00915	P02045	2			
PG00916	P02050;Q9ORPH17	9			
PG00917	P02051	4			
PG00918	P02053	4			
PG00919	P02055	3			
PG00921	P02061	2			
PG00922	P02062	3			
PG00923	P02063	2			
PG00924	P02069	3			
PG00925	P02072	3			
PG00926	P02073	7			
PG00927	P02075	2			
PG00929	P02079	3			
PG00930	P02080	6			
PG00931	P02082	7			
PG00932	P02084	8			
PG00934	P02088	5			
PG00935	P02090	2			
PG00936	P02092	6			
PG00937	P02093	5			
PG00938	P02096	5			
PG00939	P02097	4			
PG00941	P02101	7			
PG00942	P02102	6			
PG00943	P02104	7			
PG00947	P02110	5			
PG00948	P02112	4			
PG00949	P02114	4			
PG00951	P02120	5			
PG00952	P02122	6			
PG00953	P02130	7			
PG00954	P02131	4			
PG00955	P02133	7			
PG00956	P02134	8			
PG00957	P02138	6			
PG00959	P02145	5			
PG00960	P02147	5			
PG00961	P02151	3			
PG00962	P02154	3			
PG00963	P02156	10			
PG00964	P02157	3			
PG00965b	P02159	5			
PG00966	P02161	4			
PG00967	P02162	6			
PG00968	P02163	3			
PG00969	P02166	3			
PG00971	P02168	6			
PG00972	P02169	8			
PG00973	P02170	5			
PG00974	P02171	3			
PG00975	P02173	4			
PG00976	P02176	5			
PG00977	P02177	7			
PG00977b	P02177	3			
PG00978	P02181	6			
PG00979	P02183	2			
PG00980	P02186	8			
PG00981	P02187	4			
PG00985	P02196	4			
PG00986	P02197;Q9ORPH6	5			
PG00987	P02199	8			
PG00988	P02204	6			
PG00990	P02207	6			
PG00990b	P02207	2			
PG00992	P02209	10			
PG00993	P02210	4			
PG00995	P02215	2			
PG00997	P02218	5			
PG01000	P02224	6			
PG01001	P02225	7			
PG01002	P02228	9			
PG01002b	P02228	4			
PG01003	P02230	7			
PG01004	P02233	10			
PG01005	P02234	2			
PG01006	P02235	3			
PG01006b	P02235	8			
PG01007	P02238	4			
PG01008	P02239	3			
PG01009	P02240	7			
PG01010	P02242	4			
PG01011b	P02243	4			
PG01012	P02244	3			
PG01013	P02248	7			
PG01015	P02251	2			
PG01016	P02254	4			
PG01017	P02255	2			
PG01019	P02259	6			
PG01020	P02260	8			
PG01021	P02262	5			
PG01022	P02263;Q9ORPH9	6			
PG01023	P02264	4			
PG01024	P02265	6			
PG01026	P02270	6			
PG01027	P02272	3			
PG01028	P02274	4			
PG01029	P02278	6			
PG01030	P02279	2			
PG01031	P02281	4			
PG01032	P02282	2			
PG01033	P02286	7			
PG01034	P02287	2			
PG01035	P02289	5			
PG01036	P02290	12			
PG01037	P02293	9			
PG01038	P02294	7			
PG01039	P02297	9			
PG01040	P02303	6			
PG01041	P02304	7			
PG01042	P02305	3			
PG01043	P02306	5			
PG01044	P02307	3			
PG01046	P02313	2			
PG01046b	P02313	12			
PG01047	P02317	6			
PG01049	P02324	4			
PG01050	P02325	5			
PG01052	P02327	9			
PG01053	P02330	6			
PG01054	P02333	5			
PG01055	P02334	7			
PG01056	P02335	5			
PG01058	P02341	3			
PG01060	P02345	6			
PG01061	P02346	5			
PG01062	P02347	4			
PG01064	P02350	2			
PG01066b	P02353	5			
PG01067	P02355	3			
PG01068	P02356	3			
PG01068b	P02356	4			
PG01069	P02358	5			
PG01070	P02363	6			
PG01071	P02365	8			
PG01072	P02366	7			
PG01073	P02367	10			
PG01074	P02368	7			
PG01075	P02369	6			
PG01076	P02370	9			
PG01077	P02371	8			
PG01078	P02373	2			
PG01079	P02374	6			
PG01081	P02385	4			
PG01082	P02395	8			
PG01084	P02397	2			
PG01085	P02398	4			
PG01086	P02399	8			
PG01087	P02401	6			
PG01088	P02402	2			
PG01089	P02404	6			
PG01090	P02405	3			
PG01091	P02406	4			
PG01092	P02407	5			
PG01093	P02410	8			
PG01094	P02411	4			
PG01094b	P02411	7			
PG01095	P02412	3			
PG01096	P02419	6			
PG01097	P02421	5			
PG01098	P02422	4			
PG01099	P02424	5			
PG01100	P02428	2			
PG01101	P02430	6			
PG01103	P02434	3			
PG01104	P02436	5			
PG01105	P02438	3			
PG01106	P02443	5			
PG01108	P02446	3			
PG01108b	P02446	3			
PG01109	P02450	7			
PG01110	P02451	3			
PG01111	P02453	5			
PG01112	P02455	5			
PG01113	P02457	6			
PG01114	P02458	6			
PG01115	P02464	6			
PG01117	P02471	5			
PG01119	P02475	3			
PG01120	P02477	2			
PG01121	P02479	7			
PG01122	P02480	3			
PG01123	P02484	3			
PG01124	P02485	3			
PG01125	P02487	4			
PG01126	P02488	5			
PG01127	P02491	6			
PG01130	P02497	5			
PG01131	P02498	5			
PG01132	P02503	7			
PG01132b	P02503	4			
PG01133	P02505	4			
PG01134	P02507	9			
PG01135	P02512	4			
PG01136	P02513	4			
PG01137	P02514	8			
PG01138	P02515	10			
PG01139	P02516	3			
PG01140	P02517	6			
PG01141	P02518	4			
PG01142	P02519	6			
PG01143	P02520	6			
PG01144	P02525	7			
PG01145	P02526	2			
PG01146	P02527	3			
PG01147	P02528	6			
PG01148	P02531	7			
PG01149	P02534	3			
PG01150	P02536	3			
PG01154	P02548	4			
PG01155	P02550	5			
PG01156	P02552	6			
PG01157	P02557	5			
PG01157b	P02557	7			
PG01159	P02561	3			
PG01161	P02564	3			
PG01162	P02568	10			
PG01164	P02573	8			
PG01165	P02574	4			
PG01165b	P02574	4			
PG01166	P02576	4			
PG01168	P02580	5			
PG01169	P02582	4			
PG01169b	P02582	5			
PG01170	P02583	6			
PG01171	P02584	6			
PG01173	P02588	2			
PG01174	P02591	6			
PG01176	P02597	4			
PG01177	P02598	6			
PG01178	P02599	6			
PG01179	P02601	2			
PG01182	P02610	8			
PG01182b	P02610	4			
PG01183	P02611	4			
PG01184	P02612	9			
PG01185	P02615	7			
PG01186	P02616	6			
PG01187	P02618	4			
PG01188	P02619	2			
PG01189	P02621	3			
PG01190	P02623	5			
PG01191	P02624	8			
PG01192	P02627	6			
PG01193	P02628	4			
PG01194	P02634	3			
PG01196	P02640	9			
PG01197	P02644	7			
PG01198	P02645	5			
PG01199	P02648	7			
PG01200	P02649	6			
PG01202	P02653	2			
PG01205	P02657	4			
PG01207	P02661	2			
PG01209	P02663	6			
PG01210	P02666	5			
PG01211	P02670	3			
PG01211b	P02670	5			
PG01213	P02673	5			
PG01215	P02678	5			
PG01216	P02679	6			
PG01217	P02680	5			
PG01220	P02688	7			
PG01222	P02695	8			
PG01222b	P02695	2			
PG01223	P02698	4			
PG01224	P02700	7			
PG01225	P02712	3			
PG01230	P02719	8			
PG01231	P02724	3			
PG01232	P02725	6			
PG01233	P02726	3			
PG01234	P02727	3			
PG01235	P02730	2			
PG01236	P02732	4			
PG01238	P02734	7			
PG01239	P02736	4			
PG01240	P02737	7			
PG01241	P02743	8			
PG01242	P02745	2			
PG01242b	P02745	4			
PG01244	P02749	3			
PG01245	P02751	6			
PG01246	P02752	8			
PG01247	P02754	3			
PG01248	P02759	8			
PG01249	P02761	6			
PG01251	P02763	8			
PG01252	P02765	7			
PG01253	P02766	4			
PG01255	P02770	6			
PG01257	P02774	3			
PG01258	P02776	7			
PG01259	P02783	4			
PG01260	P02786	8			
PG01261	P02788	3			
PG01262	P02789	4			
PG01263	P02791	5			
PG01264	P02792	3			
PG01265	P02794	7			
PG01266	P02795	4			
PG01267	P02797	6			
PG01269	P02802	6			
PG01270	P02803	6			
PG01271	P02805	4			
PG01272	P02806	2			
PG01273	P02808	3			
PG01274	P02809	5			
PG01277	P02814	7			
PG01278	P02819	4			
PG01279	P02821	6			
PG01280	P02822	5			
PG01281	P02823	4			
PG01282	P02825	2			
PG01282b	P02825	8			
PG01284	P02830	4			
PG01285	P02831	6			
PG01286	P02834	7			
PG01286b	P02834	3			
PG01287	P02835	4			
PG01288	P02839	8			
PG01289	P02840	2			
PG01290	P02842	6			
PG01291	P02845	5			
PG01291b	P02845	2			
PG01292	P02847	8			
PG01293	P02848	8			
PG01294	P02849	2			
PG01295	P02850	7			
PG01297	P02854	3			
PG01298	P02855	3			
PG01299	P02858	8			
PG01300	P02869	5			
PG01301	P02870	6			
PG01302	P02872	2			
PG01303	P02877	8			
PG01305	P02879	4			
PG01305b	P02879	5			
PG01306	P02880	4			
PG01308	P02882	7			
PG01309	P02884	7			
PG01310	P02885	5			
PG01311	P02887	4			
PG01314	P02891	8			
PG01315	P02893	8			
PG01316	P02897	6			
PG01317	P02899	6			
PG01318	P02902	5			
PG01319	P02906	6			
PG01321	P02910	5			
PG01322	P02911	6			
PG01324	P02916	6			
PG01325	P02919	5			
PG01326	P02921	8			
PG01327	P02923	6			
PG01328	P02924	2			
PG01329	P02925	4			
PG01330	P02926	6			
PG01331	P02929	2			
PG01332	P02931	3			
PG01333	P02935	3			
PG01335	P02940	9			
PG01336	P02943	10			
PG01337	P02950	6			
PG01338	P02951	3			
PG01339	P02952	3			
PG01341	P02956	6			
PG01342	P02960	2			
PG01343	P02963	2			
PG01344	P02964	5			
PG01345	P02967	3			
PG01347	P02974	3			
PG01349	P02981	6			
PG01350	P02983	8			
PG01351	P02985	10			
PG01352	P02994	3			
PG01353	P02996	4			
PG01354	P02998	6			
PG01355	P03000	5			
PG01356	P03002	6			
PG01356b	P03002	5			
PG01357	P03003	6			
PG01358	P03005	3			
PG01358b	P03005	5			
PG01359	P03006	6			
PG01360	P03008	2			
PG01361	P03009	4			
PG01361b	P03009	5			
PG01362	P03011	5			
PG01364	P03015	7			
PG01365	P03016	8			
PG01366	P03017	4			
PG01367	P03019	4			
PG01370	P03027	6			
PG01371	P03031	4			
PG01373	P03036	4			
PG01374	P03037	7			
PG01375	P03039	6			
PG01376	P03040	2			
PG01377	P03042	4			
PG01378	P03043	5			
PG01380	P03048	6			
PG01381	P03049	6			
PG01382	P03050	3			
PG01383	P03051	8			
PG01384	P03052	6			
PG01385	P03053	8			
PG01385b	P03053	7			
PG01386	P03057	6			
PG01387	P03058	11			
PG01388	P03059	5			
PG01389	P03062	5			
PG01391	P03065	6			
PG01392	P03067	3			
PG01394	P03069	9			
PG01395	P03071	5			
PG01396	P03073	7			
PG01397	P03074	6			
PG01398	P03075	7			
PG01399	P03076	4			
PG01400	P03077	3			
PG01401	P03078	7			
PG01403	P03081	4			
PG01404	P03082	7			
PG01407	P03096	9			
PG01408	P03098	5			
PG01409	P03100	11			
PG01410	P03103	5			
PG01411	P03104	3			
PG01412	P03105	6			
PG01414	P03108	7			
PG01416	P03113	8			
PG01417	P03114	5			
PG01419	P03116;Q9ORPH7	6			
PG01420	P03118	6			
PG01421	P03119	7			
PG01422	P03122	5			
PG01423	P03125	6			
PG01424	P03126	5			
PG01425	P03128	5			
PG01426	P03132	4			
PG01427	P03134	8			
PG01428	P03138	6			
PG01429	P03140	6			
PG01430	P03144	4			
PG01431	P03151	7			
PG01433	P03154	5			
PG01436	P03159	5			
PG01438	P03163	5			
PG01439	P03165	5			
PG01440	P03166	4			
PG01441	P03167	7			
PG01442	P03169	8			
PG01443	P03170	3			
PG01444	P03171	5			
PG01445	P03175	5			
PG01446	P03181	3			
PG01447	P03186	3			
PG01448	P03188	4			
PG01449	P03189	9			
PG01451	P03191	5			
PG01452	P03194	3			
PG01453	P03199	3			
PG01454	P03201	3			
PG01455	P03202	4			
PG01456	P03205	4			
PG01457	P03206	5			
PG01458	P03209	7			
PG01459	P03211	4			
PG01460	P03217	10			
PG01461	P03225	7			
PG01462	P03227	4			
PG01463	P03229	7			
PG01464	P03232	3			
PG01465	P03236	5			
PG01466	P03238	3			
PG01467	P03239	6			
PG01468	P03240	7			
PG01469	P03241	5			
PG01470	P03243	4			
PG01470b	P03243	4			
PG01471	P03245	5			
PG01473	P03250	3			
PG01474	P03257	5			
PG01475	P03258	4			
PG01479	P03263	2			
PG01480	P03268	4			
PG01481	P03269	4			
PG01482	P03271	5			
PG01485	P03274	5			
PG01487	P03279	4			
PG01488	P03280	7			
PG01489	P03285	4			
PG01491	P03288	6			
PG01492	P03290	3			
PG01493	P03292	7			
PG01494	P03293	5			
PG01495	P03295	6			
PG01496	P03296	5			
PG01497	P03299	7			
PG01498	P03302	6			
PG01499	P03306	6			
PG01500	P03309	11			
PG01502	P03312	4			
PG01502b	P03312	5			
PG01503	P03313	6			
PG01504	P03315	3			
PG01505	P03316	6			
PG01506	P03317	3			
PG01507	P03318	5			
PG01508	P03319	7			
PG01509	P03321	3			
PG01513	P03326	7			
PG01514	P03329	4			
PG01515	P03331	3			
PG01517	P03336	4			
PG01518	P03338	7			
PG01519	P03341	8			
PG01520	P03344	5			
PG01522	P03347	5			
PG01523	P03348	9			
PG01524	P03349	4			
PG01525	P03352	7			
PG01526	P03353	5			
PG01527	P03354	5			
PG01528	P03359	8			
PG01529	P03361	3			
PG01530	P03362	4			
PG01531	P03365	6			
PG01532	P03368	4			
PG01533	P03369	3			
PG01535	P03373	3			
PG01536	P03375	3			
PG01538	P03379	7			
PG01539	P03380	6			
PG01540	P03381	5			
PG01541	P03382	5			
PG01542	P03383	5			
PG01543	P03385	5			
PG01544	P03386	4			
PG01545	P03387	6			
PG01547	P03392	5			
PG01548	P03393	3			
PG01549	P03395	5			
PG01551	P03397	6			
PG01552	P03398	5			
PG01553	P03399	9			
PG01554	P03400	8			
PG01555	P03401	4			
PG01556	P03402	5			
PG01557	P03406	6			
PG01559	P03408	5			
PG01560	P03411	2			
PG01561	P03413	5			
PG01564	P03417	5			
PG01564b	P03417	6			
PG01565	P03418	4			
PG01567	P03421	5			
PG01568	P03422	4			
PG01569	P03425	6			
PG01570	P03427	2			
PG01571	P03428	4			
PG01572	P03429	6			
PG01573	P03430	3			
PG01575	P03433	4			
PG01577	P03439	4			
PG01578	P03443	8			
PG01579	P03446	6			
PG01580	P03448	5			
PG01581	P03449	3			
PG01582	P03451	4			
PG01584	P03454	4			
PG01586	P03456	2			
PG01587	P03457	7			
PG01588	P03460	5			
PG01590	P03467	5			
PG01591	P03472	5			
PG01593	P03475	7			
PG01596	P03482	5			
PG01597	P03485	4			
PG01599	P03488	4			
PG01600	P03489	5			
PG01601	P03491	4			
PG01602	P03495;Q9ORPH16	7			
PG01603	P03497	5			
PG01603b	P03497	2			
PG01605	P03499	2			
PG01606	P03501	4			
PG01607	P03503	5			
PG01608	P03504	4			
PG01610	P03507	3			
PG01611	P03510	5			
PG01612b	P03511	4			
PG01613	P03512	9			
PG01614	P03516	5			
PG01615	P03517	6			
PG01615b	P03517	3			
PG01616	P03518	6			
PG01617	P03521	5			
PG01619	P03525	11			
PG01620	P03528	3			
PG01621	P03529	7			
PG01623	P03531	7			
PG01624	P03533	3			
PG01625	P03535	2			
PG01626	P03540	6			
PG01627	P03543	3			
PG01628	P03551	4			
PG01629	P03554	5			
PG01630	P03555	4			
PG01632	P03558	6			
PG01633	P03559	6			
PG01634	P03562	8			
PG01634b	P03562	5			
PG01635	P03563	6			
PG01637	P03566	4			
PG01639	P03574	5			
PG01640	P03578	5			
PG01641	P03580	2			
PG01642	P03582	5			
PG01643	P03585	5			
PG01645	P03591	8			
PG01646	P03593	6			
PG01646b	P03593	6			
PG01648	P03599	4			
PG01649	P03600	7			
PG01650	P03602	11			
PG01651	P03611	2			
PG01652	P03612	7			
PG01653	P03613	3			
PG01654	P03614	3			
PG01655	P03616	5			
PG01656	P03617	3			
PG01657	P03622	4			
PG01657b	P03622	5			
PG01658	P03624	10			
PG01660	P03626	7			
PG01661	P03629	4			
PG01662	P03635	5			
PG01663	P03637	2			
PG01664	P03640	3			
PG01665	P03643	2			
PG01666	P03645	5			
PG01667	P03648	2			
PG01668	P03650	2			
PG01669	P03657	7			
PG01670	P03658	7			
PG01672	P03662	4			
PG01673	P03665	9			
PG01675	P03668	6			
PG01676	P03671;Q9ORPH15	2			
PG01677	P03673	3			
PG01679	P03676	6			
PG01680	P03677	7			
PG01682	P03686	4			
PG01683	P03687	7			
PG01684	P03689	6			
PG01685	P03692	2			
PG01686	P03693	6			
PG01687	P03695	8			
PG01688	P03696	5			
PG01689	P03698	3			
PG01690	P03701	6			
PG01691	P03703	9			
PG01693	P03707	4			
PG01694	P03708	8			
PG01696	P03712	5			
PG01697	P03713	6			
PG01699	P03716	2			
PG01700	P03717	5			
PG01701	P03718	5			
PG01702	P03719	2			
PG01705	P03725	6			
PG01705b	P03725	11			
PG01706	P03726	6			
PG01708	P03730	7			
PG01709	P03732	6			
PG01710	P03738	3			
PG01711	P03739	7			
PG01712	P03740	7			
PG01713	P03741	6			
PG01714	P03742	6			
PG01715	P03744	2			
PG01716	P03745	3			
PG01716b	P03745	4			
PG01717	P03751	2			
PG01718	P03754	4			
PG01721	P03760	9			
PG01723	P03765	6			
PG01724	P03767	5			
PG01725	P03777	4			
PG01726	P03779	3			
PG01727	P03781	5			
PG01728	P03782	6			
PG01729	P03786	3			
PG01730	P03787	11			
PG01732	P03790	2			
PG01733	P03791	2			
PG01734	P03794	7			
PG01735	P03798	8			
PG01737	P03800	3			
PG01739	P03803	5			
PG01740	P03805	7			
PG01741	P03806	6			
PG01742	P03808	5			
PG01743	P03812	4			
PG01744	P03813	9			
PG01745	P03814	7			
PG01746	P03818	5			
PG01747	P03821	11			
PG01749	P03824	9			
PG01750	P03825	7			
PG01751	P03826	4			
PG01752	P03829	4			
PG01753	P03830	7			
PG01754	P03831	4			
PG01755	P03836	9			
PG01756	P03837	4			
PG01757	P03841	10			
PG01758	P03846	5			
PG01759	P03848	4			
PG01760	P03851	6			
PG01761	P03854	6			
PG01762	P03856	4			
PG01763	P03858	6			
PG01764	P03859	3			
PG01764b	P03859	5			
PG01765	P03861	2			
PG01766	P03862	3			
PG01767	P03863	3			
PG01768	P03865	3			
PG01770	P03867	3			
PG01771	P03868	6			
PG01772	P03869	2			
PG01773	P03871	4			
PG01775	P03875	9			
PG01777	P03881	7			
PG01778	P03882	2			
PG01779	P03884	3			
PG01780	P03886	5			
PG01781	P03888	8			
PG01783	P03893	5			
PG01784	P03896	4			
PG01785	P03897	6			
PG01786	P03899	9			
PG01787	P03903	4			
PG01788	P03905	2			
PG01788b	P03905;Q9ORPH1	3			
PG01789	P03908;Q9ORPH18	4			
PG01790	P03910	3			
PG01791	P03911	6			
PG01792	P03913	8			
PG01794	P03918	3			
PG01795	P03919	5			
PG01796	P03920	3			
PG01796b	P03920	6			
PG01797	P03921	5			
PG01798	P03922	3			
PG01799	P03923	5			
PG01800	P03925	5			
PG01801	P03928	5			
PG01804	P03932	9			
PG01805	P03939	9			
PG01806	P03940	4			
PG01807	P03944	4			
PG01807b	P03944	4			
PG01808	P03946	5			
PG01809	P03948	7			
PG01810	P03954	6			
PG01812	P03956	7			
PG01813	P03963	2			
PG01814	P03964	4			
PG01815	P03967	5			
PG01816	P03969	4			
PG01817	P03971	2			
PG01818	P03972	3			
PG01819	P03974	7			
PG01820	P03976	4			
PG01821	P03977	3			
PG01822	P03979	4			
PG01823	P03981	5			
PG01824	P03985	4			
PG01826	P03990	6			
PG01827	P03991	9			
PG01828	P03992	4			
PG01829	P03995	9			
PG01830	P03997	5			
PG01831	P04000	4			
PGSHARED0001	P01324;P01950	5			
PGSHARED0002	P03414;P03876	6			
PGSHARED0004	P00530;P01707	6			
PGSHARED0005	P00442;P02396	4			
PGSHARED0006	P00063;P03724	5			
PGSHARED0007	P01468;P03260	10			
PGSHARED0008	P01302;P02718	6			
PGSHARED0009	P00482;P03799	5			
PGSHARED0010	P01764;P02972	5			
PGSHARED0011	P00858;P03523	5			
PGSHARED0012	P02813;P03396	3			
PGSHARED0013	P00936;P01896	4			
PGSHARED0014	P01215;P01843	2			
PGSHARED0015	P02492;P02545	3			
PGSHARED0016	P01738;P01903;P01903	6			
PGSHARED0017	P03325;P03866	4			
PGSHARED0018	P01451;P02686	8			
PGSHARED0019	P00387;P03345	3			
PGSHARED0020	P02638;P03323	7			
PGSHARED0021	P00724;P01391	7			
PGSHARED0022	P00882;P01607	8			
PGSHARED0023	P00108;P00321	3			
PGSHARED0024	P00409;P01559	3			
PGSHARED0025	P00526;P02208;P00526	5			
PGSHARED0026	P01726;P02139	9			
PGSHARED0029	P00565;P03152	5			
PGSHARED0030	P00747;P02544	7			
PGSHARED0031	P00993;P02672	4			
PGSHARED0032	P00038;P02662;P02662	6			
PGSHARED0033	P00885;P02562	4			
PGSHARED0034	P01016;P03370	5			
PGSHARED0036	P00576;P00818	5			
PGSHARED0037	P00394;P03723	9			
PGSHARED0038	P01915;P03064	2			
PGSHARED0039	P00821;P01525	10			
PGSHARED0040	P01084;P01438	5			
PGSHARED0041	P01064;P01705	5			
PGSHARED0042	P01647;P03162	2			
PGSHARED0043	P01295;P02602	9			
PGSHARED0044	P03478;P03498;P03478	4			
PGSHARED0045	P02310;P03452	6			
PGSHARED0046	P01663;P03530	2			
PGSHARED0047	P01750;P02445	10			
PGSHARED0048	P02687;P03705	5			
PGSHARED0049	P00231;P02773	4			
PGSHARED0050	P01297;P03714;P03714	4			
PGSHARED0051	P01157;P03917;P03917	11			
PGSHARED0052	P01693;P03247	6			
PGSHARED0053	P01560;P03595	6			
PGSHARED0054	P01459;P02654	5			
PGSHARED0055	P00785;P01495;P01495	5			
PGSHARED0056	P01489;P03012	3			
PGSHARED0058	P00075;P02768	5			
PGSHARED0059	P00412;P01291	2			
PGSHARED0060	P00807;P02249	5			
PGSHARED0061	P03625;P03675	9			
PGSHARED0062	P00735;P01117	9			
PGSHARED0063	P02167;P03026	6			
PGSHARED0064	P02267;P02339	2			
PGSHARED0065	P01313;P01876	3			
PGSHARED0066	P02881;P03024	3			
PGSHARED0067	P03465;P03988	7			
PGSHARED0068	P02888;P03571	4			
PGSHARED0069	P00529;P00541	6			
PGSHARED0070	P01510;P02762	5			
PGSHARED0071	P00636;P01668	3			
PGSHARED0072	P01636;P02572	2			
PGSHARED0073	P01469;P02746	5			
