group_id	prot_Ctrl_t0_r1	prot_Ctrl_t0_r2	prot_Ctrl_t0_r3	prot_Ctrl_t6_r1	prot_Ctrl_t6_r2	prot_Ctrl_t6_r3	prot_Ctrl_t24_r1	prot_Ctrl_t24_r2	prot_Ctrl_t24_r3	prot_Ctrl_t48_r1	prot_Ctrl_t48_r2	prot_Ctrl_t48_r3	prot_Trt_t0_r1	prot_Trt_t0_r2	prot_Trt_t0_r3	prot_Trt_t6_r1	prot_Trt_t6_r2	prot_Trt_t6_r3	prot_Trt_t24_r1	prot_Trt_t24_r2	prot_Trt_t24_r3	prot_Trt_t48_r1	prot_Trt_t48_r2	prot_Trt_t48_r3
PG00002	1	1	0	0	0	0	0	0	1	1	1	0	0	0	0	1	1	1	1	0	1	1	0	0
PG00004	1	1	1	1	1	1	1	1	1	1	1	0	0	1	1	0	1	1	1	1	1	1	1	1
PG00005	1	1	0	0	0	0	1	0	0	1	1	0	0	0	0	0	1	0	0	0	0	0	0	0
PG00006	1	1	1	1	1	1	1	1	1	0	1	1	1	1	0	1	1	1	1	1	0	1	1	0
PG00007	1	1	1	1	1	1	1	1	1	1	1	1	1	1	1	1	1	0	1	1	1	1	1	1
PG00008	1	1	1	1	1	1	1	1	1	1	1	1	1	1	1	1	1	1	1	1	1	1	1	1
PG00009	1	1	1	1	1	1	1	1	1	1	1	1	1	1	1	1	1	1	1	1	1	1	1	1
PG00010	1	1	1	1	1	1	1	1	1	1	1	1	0	1	1	1	1	0	1	1	1	1	1	1
PG00012	1	1	1	1	1	1	1	1	1	1	1	1	1	1	1	1	1	1	0	1	1	1	1	1
PG00013	1	1	1	1	0	1	1	1	1	1	1	1	0	1	1	1	1	1	1	1	0	1	0	1
PG00014	1	1	1	1	1	1	1	1	1	1	1	1	1	1	1	1	1	1	1	1	1	1	1	1
PG00015	0	0	0	1	0	1	0	0	1	0	0	0	1	1	0	0	1	1	0	1	0	1	0	0
PG00016	0	1	1	1	1	1	1	1	1	1	1	1	1	1	1	1	1	1	1	1	1	1	1	0
PG00017	0	0	1	0	0	1	1	1	1	1	1	0	1	1	0	0	1	1	0	1	0	1	0	1
PG00019	1	1	1	1	1	1	1	0	1	1	1	1	1	1	0	1	1	1	1	1	1	1	1	1
PG00020	1	0	1	1	1	1	0	0	1	0	1	1	1	0	1	0	0	1	0	1	0	1	1	1
PG00021	1	1	1	1	1	1	1	1	1	1	1	1	1	1	0	1	1	1	1	1	1	1	1	1
PG00022	1	1	1	1	1	1	1	1	1	1	1	1	1	1	1	1	1	1	1	1	0	1	1	1
PG00023	1	0	0	1	0	1	0	0	1	1	1	1	0	1	1	1	1	1	0	0	1	1	1	1
PG00024	0	1	0	1	1	1	1	1	1	1	1	0	1	1	1	1	1	1	1	1	0	1	1	1
PG00025	0	1	1	0	1	1	1	1	1	1	1	1	1	1	1	1	1	1	1	1	1	1	0	1
PG00026	0	1	1	1	1	1	1	1	1	1	1	1	1	0	1	1	1	1	0	1	1	1	1	1
PG00027	1	1	1	1	1	1	1	1	1	1	1	0	1	0	0	1	1	1	1	0	0	1	1	1
PG00028	1	1	1	1	1	1	1	1	1	0	0	1	1	1	0	1	1	1	1	1	1	1	1	1
PG00030	1	0	1	0	1	1	1	1	1	0	1	1	1	1	1	1	0	0	1	0	0	1	0	0
PG00031	1	0	1	1	1	1	1	0	0	1	1	0	1	1	1	1	1	0	1	1	0	1	1	1
PG00031b	1	1	1	1	1	0	1	1	1	1	1	1	1	1	1	1	0	1	0	1	1	1	1	1
PG00033	0	0	0	0	1	1	0	0	1	0	0	0	0	0	0	0	0	0	0	0	0	1	0	0
PG00034	1	1	1	0	1	1	1	0	1	1	1	1	1	1	1	1	1	1	1	1	1	1	1	0
PG00035	0	1	1	1	0	0	1	1	1	0	1	0	0	0	1	0	0	0	0	0	0	1	1	0
PG00036	0	1	1	1	1	1	1	1	1	1	1	1	1	1	1	0	1	1	1	1	1	1	1	1
PG00037	1	1	0	1	1	1	1	1	1	0	1	1	1	1	1	0	1	1	1	1	1	1	1	1
PG00038	1	1	0	1	1	1	1	1	1	1	1	1	1	1	1	1	1	1	1	1	1	1	1	1
PG00040	1	1	1	1	1	1	1	0	1	1	0	0	1	1	1	1	1	0	1	1	1	1	1	1
PG00041	1	1	1	1	1	1	1	1	1	1	1	1	1	1	1	1	1	1	1	1	1	1	1	1
PG00042	1	1	1	1	1	1	1	1	1	1	1	1	1	1	1	1	1	1	1	1	1	1	1	0
PG00043	1	1	1	1	1	1	1	1	1	1	1	1	1	1	1	1	1	1	1	1	1	1	1	1
PG00044	0	0	0	0	1	1	0	0	0	0	1	0	1	0	1	0	0	1	1	1	1	0	0	0
PG00045	1	1	1	1	0	0	1	1	0	1	1	1	0	0	1	1	0	1	1	0	1	1	1	0
PG00046	1	1	1	1	1	1	1	1	1	1	1	1	1	1	1	1	1	1	1	0	1	1	1	1
PG00048	0	0	0	1	0	1	1	0	1	0	1	0	0	1	1	0	0	0	0	0	0	0	1	0
PG00049	0	1	0	1	0	1	0	0	0	0	0	1	1	0	1	1	1	1	0	0	1	0	0	1
PG00050b	1	1	1	1	1	1	1	1	1	1	1	1	1	0	1	1	1	1	1	0	1	0	0	1
PG00051	1	0	0	0	0	0	0	0	0	1	1	1	1	0	0	0	0	0	0	1	0	1	1	1
PG00052	0	1	0	1	0	0	1	1	0	0	0	1	1	0	1	0	0	0	0	1	0	0	1	1
PG00054	0	1	0	1	0	1	1	0	1	1	1	1	1	0	1	0	0	0	1	0	1	1	1	1
PG00055	0	1	1	0	0	1	0	1	0	0	1	1	1	1	1	0	0	0	0	0	1	0	1	1
PG00056	1	1	0	0	0	1	1	1	0	1	1	1	1	0	0	1	1	0	1	1	1	1	1	0
PG00057	1	1	1	1	0	1	0	1	1	1	1	1	0	1	1	0	1	0	1	0	0	1	1	1
PG00058	1	1	0	0	1	0	0	0	1	1	1	0	0	0	1	1	0	1	1	1	1	0	0	1
PG00058b	0	1	0	0	1	1	0	1	0	1	1	1	0	1	1	0	0	0	1	0	1	1	1	1
PG00059	1	1	1	1	1	1	1	1	1	0	1	0	1	1	1	1	1	1	1	0	1	1	1	1
PG00060	1	1	1	1	0	1	1	1	1	1	1	1	1	1	1	1	1	1	1	1	1	1	0	0
PG00061	1	1	1	1	0	0	1	1	1	1	1	1	0	1	1	1	1	1	1	1	1	1	1	1
PG00062	1	1	1	1	1	1	1	1	1	1	1	1	1	1	1	1	1	1	1	1	1	1	1	1
PG00063	1	1	1	1	1	1	1	1	1	1	0	1	1	1	1	1	1	1	1	1	1	1	1	1
PG00065	1	1	1	1	1	0	1	1	1	1	1	1	1	1	1	1	1	1	1	1	1	1	1	1
PG00066	0	0	1	0	1	0	0	0	0	0	0	0	0	1	1	1	1	0	0	0	0	0	0	0
PG00067	1	1	1	1	1	1	1	1	1	1	1	1	1	1	1	1	1	1	1	1	1	1	1	1
PG00069	1	1	1	0	1	1	1	1	1	1	1	1	1	1	1	1	1	1	1	1	1	1	1	1
PG00070	1	1	1	1	1	1	1	1	0	1	1	1	1	1	0	1	1	1	1	1	1	1	1	1
PG00071	1	1	1	1	1	1	1	1	1	1	1	1	1	1	1	1	1	0	1	1	0	1	1	1
PG00072	0	0	0	0	1	0	0	0	0	0	1	0	1	0	1	0	0	1	0	0	1	0	0	0
PG00073	1	1	1	1	1	1	1	0	1	1	1	1	1	1	1	1	1	0	1	1	1	1	0	1
PG00074	1	1	1	1	1	1	1	0	1	1	0	1	1	1	1	1	1	1	1	1	0	1	1	1
PG00075	1	0	1	1	1	1	1	1	1	1	1	1	1	1	1	1	1	1	1	1	0	1	1	1
PG00076	1	1	1	1	1	1	1	1	1	1	1	1	1	1	1	1	1	1	0	1	1	1	1	1
PG00077	1	1	1	1	1	1	1	1	1	1	1	1	1	1	1	1	0	1	1	1	1	1	1	1
PG00078	0	1	0	0	0	1	1	0	0	0	1	0	0	0	0	0	1	0	1	0	1	0	1	0
PG00079	1	1	1	1	1	1	1	0	1	1	1	1	1	0	0	1	0	1	1	1	0	1	1	0
PG00080	1	0	1	0	0	0	0	1	0	0	1	1	1	0	1	0	0	1	1	0	1	1	0	1
PG00081	1	1	1	1	1	1	1	1	1	1	1	1	1	1	1	1	1	1	1	1	1	1	1	1
PG00082	0	1	1	0	1	0	0	1	0	0	0	0	0	0	0	0	0	0	0	0	0	0	0	1
PG00083	1	1	1	1	1	1	1	1	0	1	1	1	0	1	1	1	1	0	1	1	1	1	0	1
PG00084	1	1	1	1	1	1	1	1	1	1	1	1	1	1	1	1	1	1	1	1	1	1	1	1
PG00085	1	0	1	1	1	1	0	0	1	1	0	1	1	1	0	1	0	1	0	1	1	0	0	1
PG00086	1	1	1	1	1	1	1	1	1	1	1	1	1	1	1	0	0	1	0	1	1	1	1	1
PG00087	1	0	1	0	0	1	0	0	0	1	1	0	1	1	1	1	1	0	1	1	1	1	1	1
PG00088	1	1	0	0	0	1	1	1	1	1	1	1	1	1	1	0	1	0	0	0	1	1	1	1
PG00089	1	1	1	1	1	1	1	1	1	1	1	1	1	1	0	1	0	1	1	1	1	1	1	1
PG00090	1	1	1	1	1	1	1	1	1	1	1	1	1	1	1	1	1	1	1	1	1	1	1	1
PG00091	1	1	1	0	0	0	1	0	1	0	0	0	1	0	0	0	0	0	1	0	0	0	1	0
PG00092	1	1	1	1	1	1	1	1	1	1	1	0	1	1	1	1	1	1	0	0	1	1	1	1
PG00093	1	0	0	0	1	0	0	1	0	1	1	1	1	0	0	0	0	0	1	1	0	0	1	1
PG00094	1	1	0	1	1	1	1	0	0	1	1	1	1	1	1	1	1	1	1	1	1	1	1	1
PG00095	1	1	1	1	1	1	1	1	1	1	1	1	1	1	1	1	1	1	1	1	1	1	1	1
PG00096	0	0	1	0	0	1	0	1	1	1	1	1	1	1	0	0	1	1	0	1	0	1	1	1
PG00097	1	1	1	0	1	1	1	1	0	0	1	0	0	1	1	1	0	1	1	1	1	1	1	1
PG00098	1	1	1	1	1	1	1	1	0	1	0	1	1	0	1	1	0	1	0	1	1	1	1	1
PG00099	0	1	1	1	1	0	0	1	0	1	0	0	0	1	1	1	1	0	0	1	1	1	1	1
PG00100	1	1	1	1	0	1	1	1	1	1	1	0	0	1	1	1	1	1	1	0	1	1	1	1
PG00101	1	1	1	1	1	1	0	1	1	1	1	0	1	1	1	0	1	1	0	1	0	1	1	1
PG00102	1	1	1	1	1	1	1	1	1	0	1	1	1	1	0	1	1	1	1	1	1	1	1	1
PG00103	1	1	1	1	1	1	0	0	0	0	1	1	1	1	1	0	1	1	1	1	1	1	1	1
PG00104	1	0	1	1	1	1	1	1	1	1	1	1	1	1	1	1	0	1	1	1	1	1	1	1
PG00105	1	0	1	1	1	1	1	1	1	1	1	1	0	1	1	1	1	1	0	0	1	0	1	1
PG00106	1	1	1	1	1	1	1	1	1	1	1	1	1	1	1	1	1	1	1	1	1	1	1	1
PG00108	1	1	1	1	1	0	1	1	1	1	1	1	1	1	1	1	1	1	1	1	1	1	1	1
PG00109	1	0	1	1	0	1	0	0	1	0	0	0	0	0	1	0	0	0	0	1	0	0	0	0
PG00110	1	1	1	1	1	1	1	1	1	1	1	1	1	1	1	1	1	1	1	1	1	1	1	1
PG00111	1	0	1	1	1	0	0	0	1	0	0	0	1	1	0	1	0	0	0	0	0	0	1	0
PG00112	0	0	1	0	0	0	0	0	0	0	0	0	1	1	0	1	0	1	0	1	1	0	0	1
PG00113	1	1	1	0	0	1	0	1	0	1	0	1	1	1	1	0	1	0	0	0	0	1	1	1
PG00113b	1	0	0	0	0	0	1	1	0	0	1	0	0	0	1	1	0	1	0	1	0	1	0	1
PG00114	1	1	1	0	1	1	1	1	1	1	1	1	1	1	1	1	1	1	1	1	1	1	1	1
PG00115	1	1	0	1	1	1	1	0	1	1	1	1	1	1	1	1	1	1	1	1	0	1	1	1
PG00116	1	1	1	1	1	1	1	0	1	1	1	1	1	1	1	1	1	1	1	1	1	1	1	1
PG00117	1	1	0	0	0	0	0	1	0	1	1	0	0	0	1	0	0	0	0	0	0	0	1	0
PG00119	1	1	1	1	1	1	1	1	1	1	1	1	1	1	1	1	1	1	1	1	1	1	1	1
PG00120	1	1	1	1	1	1	1	1	1	1	1	1	1	1	1	1	1	1	1	1	1	1	1	1
PG00121	1	1	1	1	1	1	1	1	1	1	1	1	1	1	1	1	1	1	1	0	1	1	1	1
PG00122	1	1	1	1	1	1	1	0	1	1	1	1	1	1	1	1	1	1	0	0	1	1	1	1
PG00123	1	1	1	1	1	1	0	1	1	1	1	1	1	1	1	1	1	1	1	1	1	1	1	1
PG00123b	1	1	1	1	1	0	1	1	1	1	1	1	1	1	0	1	1	1	1	1	1	1	1	1
PG00124	1	1	0	1	1	1	1	1	0	0	0	1	1	0	1	0	0	0	1	1	1	1	1	0
PG00125	1	1	1	1	1	1	1	0	1	0	1	1	1	1	1	1	1	1	1	1	1	0	1	1
PG00126	1	1	1	0	0	1	0	0	0	0	0	0	1	1	0	0	0	0	1	0	1	1	1	1
PG00127	1	1	1	1	1	0	1	1	1	1	1	0	1	1	1	1	1	1	1	1	1	1	1	1
PG00128	1	1	0	1	1	0	1	1	0	1	1	1	0	1	1	1	1	0	0	1	0	1	0	0
PG00129	1	0	1	0	0	0	0	1	0	0	0	0	1	0	0	0	1	1	0	0	0	0	0	0
PG00130	1	1	0	1	1	1	1	1	0	1	1	0	0	1	0	1	1	1	0	1	0	1	1	0
PG00130b	1	1	1	1	1	1	1	1	1	1	1	1	1	1	1	1	1	0	0	1	1	1	1	1
PG00131	1	0	1	1	0	0	1	1	1	0	1	1	1	0	1	0	1	1	0	1	0	1	1	1
PG00132	1	1	1	1	1	0	1	1	1	1	1	1	1	1	1	1	1	1	1	1	1	1	1	1
PG00134	1	0	1	1	1	1	1	1	1	1	1	1	1	1	1	1	0	1	1	1	1	1	1	1
PG00136	1	1	1	1	1	1	1	1	1	1	1	1	0	1	1	1	0	1	1	1	1	1	1	1
PG00137	1	1	1	1	1	1	1	1	1	1	1	1	1	1	1	1	1	1	1	1	1	1	1	1
PG00139	1	0	1	1	1	1	1	1	1	1	1	1	1	1	0	1	1	1	1	1	1	1	1	1
PG00140	0	1	1	1	1	1	1	1	1	1	0	0	1	1	0	1	0	0	1	0	0	1	1	0
PG00143	1	0	1	1	0	1	1	1	0	1	1	1	1	1	1	1	1	1	0	1	1	1	1	0
PG00144	1	1	0	1	1	1	1	1	1	1	1	1	1	1	1	1	1	1	1	1	0	0	1	1
PG00144b	0	0	1	1	0	0	1	0	1	1	0	0	1	0	1	0	0	0	1	1	1	0	0	1
PG00146	1	0	0	1	1	1	1	0	1	0	0	0	0	0	1	0	0	0	0	1	1	0	1	0
PG00148	1	1	1	1	1	1	1	1	1	1	1	1	1	1	1	1	1	1	1	1	1	1	1	1
PG00149	1	1	1	1	1	1	0	1	0	1	1	0	1	1	0	1	1	1	0	1	0	1	0	1
PG00150	1	0	0	0	1	0	0	0	0	0	1	1	0	0	0	0	0	0	0	1	0	0	1	0
PG00151	1	1	1	1	1	1	1	1	1	1	1	1	1	1	1	1	1	1	1	1	1	1	1	1
PG00152	1	1	1	1	1	1	1	1	1	1	1	1	1	1	1	1	1	1	1	1	1	1	1	1
PG00153	1	1	1	1	1	1	1	1	1	1	1	1	1	1	1	1	1	1	1	1	0	1	1	1
PG00154	1	1	1	1	1	1	1	1	1	1	0	1	1	1	1	1	1	1	1	0	1	1	1	1
PG00155	1	0	1	1	1	0	1	1	1	1	1	1	1	0	1	1	1	1	1	1	1	1	1	1
PG00156	0	0	0	0	0	0	0	0	0	0	0	0	0	0	1	0	0	1	0	0	0	1	1	0
PG00156b	0	0	0	0	0	0	0	0	0	1	1	0	0	0	0	0	0	1	0	0	1	1	0	0
PG00157	1	1	1	1	1	1	1	1	1	1	1	1	1	1	1	1	1	1	1	1	1	1	1	1
PG00158	0	1	1	1	0	0	0	1	0	0	1	0	0	1	0	1	0	1	0	0	0	0	0	0
PG00160	1	1	1	1	1	1	1	1	1	1	1	1	1	1	1	0	1	1	1	1	1	1	1	1
PG00163	0	1	1	0	1	0	1	1	1	0	1	0	1	1	0	1	0	1	1	1	0	1	0	1
PG00164	1	1	0	1	1	0	0	0	0	0	0	0	0	0	0	0	0	1	0	1	0	1	1	1
PG00165	1	1	1	1	1	1	1	1	1	1	1	0	1	1	1	1	1	1	1	1	1	1	1	1
PG00166	1	1	0	1	1	1	1	1	1	1	1	1	1	1	1	1	1	1	1	1	1	1	1	1
PG00167	0	0	0	1	0	1	0	1	0	0	0	0	0	0	1	0	0	1	1	1	1	0	0	1
PG00168	0	1	1	0	1	0	0	1	1	0	1	0	1	1	0	0	1	1	0	1	0	0	1	1
PG00169	1	1	1	1	1	1	1	1	0	1	1	1	1	1	1	1	1	1	0	1	1	1	1	1
PG00170	0	0	0	1	1	0	0	0	0	0	0	0	0	0	0	0	0	0	0	1	1	1	0	0
PG00171	1	1	1	1	1	1	1	1	0	1	1	1	0	1	0	1	1	1	1	1	1	1	1	0
PG00172	1	1	0	0	1	1	1	1	1	1	1	0	1	0	1	1	1	1	1	1	1	0	0	1
PG00173	0	0	1	1	1	1	1	0	1	1	0	0	1	0	0	0	0	0	1	0	0	0	0	0
PG00174	0	0	1	0	0	0	0	0	0	0	1	0	1	0	1	0	0	1	1	1	0	0	1	0
PG00176	1	1	1	1	1	1	1	1	1	1	1	1	1	0	1	1	1	1	1	1	1	1	1	1
PG00177	1	1	1	1	1	1	0	1	1	1	1	1	1	1	1	1	1	1	1	1	0	1	1	1
PG00179	0	1	1	1	1	1	1	1	1	1	1	1	1	1	1	1	1	1	1	1	1	1	1	1
PG00180	0	1	1	1	1	1	1	1	0	1	1	0	1	1	1	1	1	1	1	1	0	1	1	0
PG00181	0	0	1	1	1	0	0	0	0	0	0	0	1	1	1	1	0	0	0	1	0	0	0	0
PG00182	1	1	1	1	1	1	1	1	1	1	1	1	1	1	1	0	1	1	1	1	1	1	1	1
PG00184	1	1	1	1	1	1	1	1	1	1	0	1	1	1	1	1	1	1	1	1	1	1	1	1
PG00185	1	1	1	1	0	1	1	0	1	0	1	1	1	1	0	0	1	0	0	1	0	0	1	0
PG00188	1	1	1	1	1	1	1	1	1	1	1	1	1	1	1	1	0	1	1	1	0	1	1	1
PG00189	1	1	1	1	1	1	1	1	1	0	1	1	1	1	1	1	1	1	1	1	1	1	1	1
PG00189b	1	1	1	1	0	1	1	1	0	1	1	1	1	1	1	1	1	1	1	1	1	1	1	1
PG00191	0	0	0	0	1	1	1	0	0	0	0	0	0	0	0	1	1	0	0	0	0	1	0	0
PG00192	0	1	0	0	1	0	1	1	0	0	0	1	0	1	1	1	1	1	1	0	1	0	0	1
PG00192b	1	0	1	1	1	1	0	0	1	1	0	1	1	1	1	1	0	0	0	1	1	1	0	1
PG00194	0	1	0	1	0	1	0	1	1	1	1	0	1	1	0	1	1	1	1	1	0	1	1	1
PG00195	0	0	1	0	1	1	1	1	0	1	1	1	0	1	1	0	1	1	0	1	1	0	0	0
PG00196	1	1	1	1	1	0	0	1	0	0	1	0	0	0	0	1	0	0	1	1	0	1	1	1
PG00197	1	1	1	1	0	0	1	1	0	1	1	0	0	1	1	1	0	1	0	1	1	0	1	1
PG00198	1	1	1	1	1	1	1	1	1	1	1	1	1	1	1	1	1	1	1	1	1	1	1	1
PG00199	1	1	1	1	1	1	1	1	1	1	1	1	1	1	1	1	0	1	1	1	1	1	1	1
PG00200	0	1	1	1	1	0	1	1	1	0	1	1	1	1	1	1	1	1	0	1	1	1	0	1
PG00201	1	1	1	1	1	1	1	0	1	1	1	1	1	1	1	1	1	1	1	1	1	1	1	1
PG00202	1	1	1	0	1	1	0	1	1	1	1	1	0	1	1	0	1	1	0	0	1	0	0	0
PG00203	1	1	0	1	1	0	1	1	1	1	0	1	1	0	1	1	1	0	1	1	0	1	1	0
PG00204	0	1	0	1	1	1	1	1	1	1	1	1	1	1	1	1	1	1	1	0	1	1	1	1
PG00206	1	0	1	1	1	1	1	1	1	1	1	1	1	1	1	1	1	1	1	1	1	1	1	1
PG00207	1	1	1	1	1	0	1	1	1	1	1	1	1	1	1	1	1	1	1	1	1	1	1	1
PG00208	1	1	0	1	1	1	1	1	0	1	1	1	1	1	1	1	1	1	1	1	1	1	1	1
PG00209	1	1	1	1	1	1	1	1	1	1	1	1	1	1	1	0	1	1	1	1	1	0	1	1
PG00210	1	1	1	1	1	0	1	1	0	1	1	1	1	1	1	1	1	1	1	1	1	1	1	1
PG00211	1	1	1	0	0	0	1	1	1	1	1	1	1	0	1	1	1	1	1	1	1	0	1	1
PG00212	0	1	0	0	1	0	0	1	0	0	1	1	0	1	1	0	1	0	0	1	1	1	1	1
PG00213	1	1	1	1	1	1	1	1	1	1	1	1	1	1	1	0	1	1	1	1	1	1	1	1
PG00214	0	1	1	1	1	1	1	1	1	0	1	1	1	1	1	0	1	1	1	1	0	1	1	1
PG00215	1	1	1	1	1	1	0	1	1	1	1	1	1	1	1	1	1	1	1	1	1	0	1	1
PG00216	0	1	1	1	0	1	0	1	1	1	1	1	1	1	1	0	1	1	1	0	1	1	1	0
PG00217	1	1	1	1	1	1	0	1	1	1	1	1	1	1	0	1	1	1	1	1	1	1	1	1
PG00218	1	1	1	1	1	1	1	1	1	1	1	1	1	1	1	1	1	1	1	1	1	1	1	0
PG00219	1	1	1	1	1	1	0	1	1	1	0	1	1	1	1	1	1	1	1	0	1	1	1	1
PG00220	1	1	1	1	1	1	1	1	1	1	1	1	1	1	1	1	1	1	1	1	1	0	1	0
PG00221	1	1	1	0	1	1	0	1	1	0	1	1	1	1	1	1	1	1	1	1	1	1	1	0
PG00222	1	1	1	1	1	1	1	1	1	1	1	1	1	1	1	1	1	1	1	1	1	1	1	1
PG00223	0	0	1	1	1	1	0	1	1	1	0	1	1	1	1	1	1	1	1	0	1	1	1	1
PG00225	1	1	1	1	1	1	1	1	1	1	1	1	1	1	1	1	0	1	1	1	1	1	1	1
PG00226	1	1	1	1	1	1	1	1	1	1	1	1	1	1	1	1	1	1	1	1	1	0	1	1
PG00226b	1	1	1	1	1	1	1	1	0	1	1	1	1	1	1	1	1	1	1	1	1	1	1	0
PG00227	1	1	1	0	1	0	1	1	1	1	1	0	1	0	1	1	1	1	1	1	1	1	1	1
PG00229	1	1	1	1	1	1	1	1	1	1	0	1	0	1	1	1	1	1	1	1	0	1	1	1
PG00230	1	1	1	1	1	1	1	1	1	0	1	1	1	1	1	1	1	1	1	1	1	1	1	1
PG00231	1	1	1	1	1	1	1	1	1	1	1	1	1	1	0	1	1	1	1	1	1	1	1	1
PG00232	1	1	0	1	1	1	1	1	1	1	1	1	1	1	1	1	1	1	1	1	1	1	1	1
PG00234	0	1	1	1	0	0	0	1	1	1	1	1	0	1	1	0	1	1	0	0	0	0	1	1
PG00235	1	0	1	1	1	1	1	1	1	1	0	1	1	1	1	1	0	1	0	1	1	0	0	0
PG00236	1	1	1	1	1	1	1	1	1	1	1	1	1	1	1	1	1	1	1	1	1	1	1	1
PG00237	1	1	1	0	0	0	1	0	0	1	0	0	0	0	1	0	1	1	0	1	0	1	0	0
PG00238	1	0	0	0	0	0	0	1	1	0	0	0	0	0	0	0	0	1	0	1	0	0	0	1
PG00239	1	1	1	1	1	1	0	1	1	1	1	1	1	0	1	1	1	1	1	1	1	1	1	1
PG00240	0	0	0	1	0	0	1	0	0	0	1	0	1	1	1	0	1	1	0	1	1	0	0	0
PG00241	1	1	1	1	1	1	1	1	1	1	0	1	1	1	1	1	1	1	1	1	1	1	1	1
PG00242	1	1	1	0	1	0	1	1	1	1	1	0	1	1	1	1	1	1	1	1	1	1	0	1
PG00246	0	1	0	1	0	0	1	1	1	1	0	1	1	1	0	1	0	0	1	0	1	0	1	1
PG00247	1	1	1	1	1	1	1	1	1	1	1	1	1	1	1	1	1	1	1	0	1	1	1	1
PG00248	0	1	1	0	0	1	1	1	1	1	1	1	1	0	1	0	1	1	1	1	0	1	1	1
PG00249	1	1	1	1	1	1	0	0	1	1	0	1	1	1	1	1	1	1	1	0	1	1	1	1
PG00251	1	1	1	0	1	1	1	1	1	1	0	1	1	1	1	1	1	0	1	1	1	0	1	0
PG00252	1	0	1	0	1	1	1	1	1	0	1	1	1	0	1	1	1	1	0	1	0	1	1	1
PG00254	1	1	1	1	1	1	1	1	1	1	1	1	1	1	1	1	1	1	0	1	1	1	1	1
PG00255	0	0	1	0	1	1	1	0	0	1	1	1	0	0	1	0	1	0	0	1	1	1	1	0
PG00256	1	1	1	1	0	1	1	1	1	1	1	1	1	1	1	1	1	1	1	1	1	1	0	1
PG00257	1	1	1	1	1	1	1	1	1	1	1	1	0	1	1	1	1	1	1	1	1	1	1	1
PG00258	1	1	0	1	1	1	0	0	1	0	1	1	0	1	1	0	0	1	1	1	1	1	0	1
PG00259	1	1	1	1	1	1	1	1	1	1	1	1	1	1	1	1	1	1	1	1	1	1	0	1
PG00261	1	1	1	1	1	1	1	1	1	1	0	1	1	1	1	1	1	0	1	1	1	1	1	1
PG00261b	1	1	1	1	1	1	1	1	1	1	1	1	1	1	1	1	1	1	1	0	1	1	1	1
PG00262	1	1	1	1	1	1	1	1	1	1	1	1	1	1	1	1	1	0	1	1	1	1	1	1
PG00263	0	1	0	1	1	1	0	1	1	1	1	1	0	1	0	1	1	1	1	1	1	1	0	1
PG00264	0	0	1	1	1	1	0	1	0	0	1	1	0	0	0	0	1	0	0	0	0	1	1	1
PG00265	1	1	0	1	1	1	0	0	1	1	1	1	1	1	1	1	1	1	1	1	1	1	0	1
PG00267	1	1	1	0	1	1	1	1	1	1	1	1	1	1	1	1	1	1	0	1	1	1	1	1
PG00268	1	0	0	1	1	1	1	1	1	1	1	1	1	1	1	1	1	1	1	1	1	1	1	1
PG00269	0	0	0	1	1	1	1	1	0	1	0	1	1	1	1	1	1	1	1	0	1	1	1	1
PG00270	1	1	1	0	1	1	1	1	0	1	1	0	1	0	0	1	1	1	1	1	1	0	0	1
PG00271	0	1	1	1	1	0	1	1	1	0	0	0	0	0	0	1	0	0	0	0	0	0	0	0
PG00272	1	1	1	1	1	1	1	1	1	1	1	1	1	1	1	1	1	1	0	1	1	1	1	1
PG00273	1	1	0	1	1	1	1	1	1	0	1	1	1	1	1	1	1	1	0	0	1	1	1	1
PG00274	1	1	1	1	0	1	1	1	0	1	1	1	1	1	1	0	1	0	0	1	1	1	1	0
PG00275	0	0	1	1	0	1	0	0	0	0	1	1	0	1	0	0	0	1	0	1	0	1	0	0
PG00276	1	1	1	1	1	1	1	1	1	1	1	1	1	1	1	1	1	1	1	1	1	1	1	1
PG00277	1	1	1	1	0	1	1	1	1	1	1	1	1	1	1	1	1	1	1	1	1	1	1	1
PG00279	1	1	0	1	1	0	1	1	0	0	1	0	1	1	0	1	1	1	1	1	1	1	1	1
PG00281	0	1	1	1	1	1	1	1	1	1	1	1	1	1	1	1	1	1	1	1	1	1	1	1
PG00282	1	1	1	1	0	1	1	1	1	1	1	1	1	1	1	1	1	1	1	0	1	1	1	1
PG00284	1	1	1	1	1	1	1	1	1	1	1	1	1	1	1	1	1	1	1	1	1	1	1	1
PG00285	0	0	0	0	0	0	0	0	0	1	0	0	0	0	0	0	0	0	1	0	1	1	0	1
PG00286	0	1	1	0	1	1	1	1	1	1	1	1	1	1	0	0	1	1	1	1	0	1	1	0
PG00287	1	1	1	0	1	1	1	1	1	1	1	1	1	1	1	1	0	1	1	1	1	1	1	1
PG00288	0	1	0	0	1	0	0	1	1	0	1	1	1	1	0	1	1	0	0	1	1	1	0	1
PG00290	1	1	1	1	1	0	1	1	1	1	1	0	1	1	1	1	1	1	1	1	1	1	1	1
PG00291	1	1	1	1	1	1	1	1	1	0	1	1	1	1	1	1	1	1	1	1	1	1	1	1
PG00292	1	1	1	1	1	1	1	1	1	1	1	1	0	1	1	1	1	1	1	1	1	1	1	1
PG00293	1	1	1	1	1	1	1	0	1	0	1	0	1	1	1	0	1	0	1	1	1	1	1	1
PG00294	1	1	1	1	1	1	1	1	1	1	1	0	1	1	1	1	0	1	1	1	1	1	0	1
PG00295	1	1	1	1	1	1	1	1	1	1	1	1	1	1	1	1	1	1	1	1	1	1	1	1
PG00296	1	1	0	1	1	1	0	1	0	1	1	0	0	0	0	1	1	1	1	1	0	0	1	0
PG00298	1	1	1	1	1	1	1	1	1	1	0	1	1	1	1	1	1	1	1	1	1	1	1	1
PG00299	0	1	1	1	1	1	1	1	1	1	1	1	1	1	1	1	1	1	1	1	1	1	1	1
PG00301	1	1	0	1	1	1	1	1	1	1	0	1	1	1	1	1	1	1	1	1	1	1	1	1
PG00302	1	1	1	1	1	1	1	0	1	1	1	1	1	1	1	1	1	1	1	1	1	1	1	1
PG00303	1	1	1	1	0	1	1	1	0	1	1	1	1	1	1	1	1	1	1	1	1	1	1	1
PG00304	1	1	0	1	1	1	1	1	1	1	0	1	1	1	0	1	0	0	0	1	0	1	1	1
PG00305	1	1	0	1	0	1	1	1	1	0	0	1	1	1	1	1	1	1	1	1	1	1	1	1
PG00306	1	1	1	1	1	1	1	0	0	0	1	1	0	1	0	1	0	1	0	1	0	1	1	0
PG00307	1	1	1	0	0	0	0	0	0	1	0	1	1	0	0	1	1	1	0	1	1	1	0	1
PG00308	1	1	1	1	1	1	1	1	1	1	1	1	1	1	1	1	1	1	0	1	1	1	0	1
PG00309	1	1	0	1	1	1	1	1	1	1	1	1	1	1	1	1	1	1	1	1	1	1	1	1
PG00310	1	0	1	1	1	1	1	1	1	1	0	1	0	1	1	0	1	1	0	1	0	1	0	1
PG00311	1	0	1	1	0	0	1	0	1	0	0	0	1	1	0	1	0	1	1	0	1	1	0	0
PG00313	0	1	1	1	1	1	1	0	1	1	1	1	1	1	1	1	1	1	1	1	1	0	1	1
PG00314	1	1	1	1	1	1	1	1	1	1	1	1	1	1	1	1	1	1	1	1	1	1	1	0
PG00315	1	1	0	1	1	1	1	1	0	0	0	1	1	1	1	1	1	1	1	1	0	1	1	1
PG00316	1	0	1	1	1	1	1	1	1	0	1	1	0	1	0	1	1	0	1	0	1	0	0	1
PG00317	1	1	1	1	1	1	1	1	1	1	1	1	1	1	1	1	0	1	1	1	1	1	1	1
PG00318	0	1	1	1	1	1	0	1	1	1	0	0	1	0	1	1	1	0	0	1	1	1	0	0
PG00319	1	1	1	0	1	1	1	1	1	1	0	1	1	1	1	1	1	1	1	1	1	0	1	1
PG00320	1	1	0	1	1	1	1	1	0	1	0	1	1	1	1	1	0	1	0	0	1	0	0	1
PG00321	0	1	1	1	1	1	1	1	1	1	1	1	1	1	1	1	1	1	1	1	1	1	0	1
PG00323	0	0	0	1	0	0	0	1	0	1	1	0	0	0	1	0	0	0	0	1	0	0	1	1
PG00324	1	1	1	0	0	0	1	1	0	0	0	0	1	1	1	1	0	1	0	1	0	1	1	1
PG00326	0	1	1	1	1	1	1	1	1	1	1	1	0	1	1	1	1	1	1	1	1	1	0	1
PG00327	0	0	0	1	1	1	0	0	1	1	0	1	1	1	1	0	0	1	1	0	1	1	0	1
PG00328	1	1	1	1	1	1	0	1	1	1	0	1	1	1	1	1	1	1	1	1	1	1	1	1
PG00330	1	1	1	1	1	0	1	1	0	1	1	1	1	1	1	0	1	0	1	1	1	1	1	1
PG00331	1	1	1	1	1	1	1	1	1	1	1	0	1	1	1	1	1	1	1	1	1	1	1	1
PG00331b	1	1	1	1	1	1	1	1	1	1	1	1	1	1	1	1	1	1	1	1	1	1	1	1
PG00332	1	1	1	1	1	1	1	1	1	1	1	0	1	1	1	1	0	1	1	1	1	1	1	1
PG00334	1	0	0	0	1	0	0	0	1	0	0	1	0	0	1	1	1	0	0	1	0	0	0	0
PG00337	0	1	1	1	1	0	1	1	1	0	1	0	0	1	1	1	1	1	1	1	0	0	0	1
PG00338	1	1	1	1	1	1	1	1	1	1	1	1	1	1	1	1	1	1	1	0	0	1	1	1
PG00339	1	1	1	0	1	1	1	1	1	1	1	1	1	1	1	1	1	1	1	1	1	1	1	1
PG00340	1	1	1	1	1	1	1	1	1	1	1	1	1	1	1	1	1	0	1	0	1	1	1	1
PG00342	1	0	0	1	0	1	0	1	0	1	1	0	1	1	1	0	0	0	0	1	0	1	0	1
PG00343	1	1	1	1	1	1	1	1	1	1	0	1	1	0	1	0	1	1	1	1	1	1	1	1
PG00344	1	1	1	1	1	1	1	1	1	1	1	1	1	1	1	1	1	1	1	1	1	1	1	1
PG00345	1	1	1	1	1	1	1	1	1	1	1	1	1	1	1	1	1	1	1	1	1	0	1	1
PG00346	1	1	1	1	1	1	0	1	1	1	1	1	1	1	1	1	1	1	1	1	1	1	1	1
PG00347	0	1	1	1	1	1	1	1	1	1	1	1	1	1	1	1	1	1	1	1	1	1	1	1
PG00349	0	0	0	1	0	0	0	0	0	0	0	0	0	1	1	1	0	1	0	1	1	0	1	1
PG00350	1	1	1	1	1	1	1	1	1	1	1	1	1	1	1	1	1	1	1	0	1	1	1	1
PG00351	1	1	1	1	1	0	0	1	1	1	0	1	0	1	1	1	0	0	0	1	0	1	1	1
PG00352	1	1	1	1	1	1	1	1	1	1	1	1	1	1	1	1	1	1	1	1	1	1	1	1
PG00352b	1	1	1	1	1	1	1	1	1	1	1	1	1	1	1	1	1	1	1	1	1	1	1	1
PG00353	1	1	1	1	1	0	1	1	1	1	1	1	1	1	1	1	1	0	0	1	1	1	1	1
PG00354	1	1	1	1	0	0	1	1	0	1	1	1	0	1	1	0	1	1	1	0	1	1	0	0
PG00355	0	1	1	0	1	0	0	1	1	1	0	0	1	0	1	1	0	1	0	1	0	1	0	0
PG00356	1	1	1	1	1	1	1	0	1	1	1	1	1	1	1	0	1	0	1	1	1	1	1	1
PG00357	0	1	0	0	1	1	1	1	1	1	1	1	1	1	0	1	1	1	1	1	1	1	1	1
PG00358	1	1	1	1	1	1	1	1	0	1	1	1	1	1	1	1	1	1	1	1	1	1	1	1
PG00361	1	1	1	1	1	1	1	1	1	1	1	1	1	1	1	1	0	1	1	1	1	1	1	1
PG00362	1	1	0	1	1	1	1	1	1	1	1	1	1	1	1	1	1	1	1	1	1	1	1	1
PG00364	1	1	1	1	1	1	1	1	1	1	0	1	1	1	1	1	1	1	1	1	1	1	1	1
PG00366	0	1	0	0	0	0	0	0	1	0	0	0	1	0	0	0	1	1	0	0	0	0	0	0
PG00367	0	0	0	0	0	0	0	0	0	0	0	0	0	0	0	0	0	0	0	0	0	1	1	1
PG00369	1	1	1	1	1	1	1	1	1	1	1	1	1	1	1	1	1	0	1	1	1	0	1	1
PG00370	1	1	0	1	1	1	1	1	0	1	1	0	1	0	1	1	1	1	1	1	1	1	1	0
PG00371	1	1	1	1	1	1	1	1	1	1	1	1	1	1	1	1	1	1	1	1	0	1	1	1
PG00372	1	0	1	1	1	0	1	1	0	1	0	0	1	1	0	1	1	1	1	0	1	1	1	0
PG00373	1	1	1	1	1	0	1	0	0	1	1	1	1	1	1	1	1	1	1	1	1	1	1	1
PG00374	0	1	0	1	1	1	0	1	1	0	0	0	0	1	0	0	0	1	0	0	1	0	0	1
PG00375	1	1	0	1	1	0	0	0	0	0	0	0	1	0	0	0	0	0	0	1	0	0	1	0
PG00376	1	0	1	1	1	1	1	0	1	1	1	1	1	1	1	1	0	1	1	1	1	0	1	1
PG00376b	1	1	1	1	1	1	0	1	1	1	1	1	1	1	1	0	1	1	1	1	1	1	1	1
PG00377	1	1	1	1	1	1	1	1	1	1	0	1	1	1	1	1	1	1	1	1	1	1	1	1
PG00378	1	0	0	1	1	1	1	1	1	0	0	0	0	0	1	1	0	1	1	1	1	1	1	1
PG00379	0	0	1	0	0	1	0	0	1	1	1	1	1	1	0	0	0	0	0	0	0	1	0	0
PG00380	1	1	1	1	1	1	1	1	1	1	1	1	1	1	1	1	1	1	1	1	1	1	1	1
PG00381	1	0	1	0	0	0	1	0	1	1	0	1	0	1	0	0	1	1	0	0	1	1	1	1
PG00383	1	1	1	1	1	1	1	1	1	1	0	1	1	1	1	1	1	1	1	1	1	1	1	1
PG00384	1	1	1	1	1	1	1	1	1	1	1	0	1	1	1	1	1	1	1	1	1	1	1	1
PG00385	1	0	0	0	0	0	1	1	0	1	0	0	0	0	0	0	0	0	0	0	0	0	0	1
PG00387	1	1	1	1	1	1	1	1	1	1	1	1	1	1	1	1	1	0	1	1	1	0	1	1
PG00388	1	1	0	1	0	1	0	1	1	1	1	0	0	1	1	1	0	0	1	1	0	1	1	1
PG00389	1	1	1	0	1	1	1	1	1	1	1	1	1	1	1	0	1	1	1	1	1	1	1	1
PG00390	1	1	1	1	1	1	1	1	1	1	1	1	1	1	1	1	1	1	1	0	1	1	1	1
PG00391	1	1	1	1	1	1	1	1	1	1	1	1	0	1	1	1	1	1	1	1	1	1	0	1
PG00391b	1	1	1	1	1	1	1	1	1	1	1	1	1	1	1	1	1	1	0	1	1	1	1	1
PG00392	1	1	1	1	1	1	1	1	1	1	1	1	1	1	1	1	1	1	0	1	1	1	1	1
PG00393	1	1	1	0	1	1	1	1	1	1	1	1	1	1	1	1	0	1	1	1	0	1	1	1
PG00393b	1	1	1	1	1	1	1	1	1	1	1	1	1	1	1	0	1	0	1	1	1	1	0	1
PG00395	1	1	1	1	1	1	1	1	1	0	1	1	1	1	1	1	1	1	1	1	1	1	1	1
PG00398	1	1	1	1	1	1	1	1	1	1	1	1	1	1	1	1	1	1	1	1	1	1	1	1
PG00399	1	1	1	1	0	1	0	1	1	1	1	1	1	1	0	1	1	0	1	1	0	0	0	1
PG00400	0	1	1	1	1	1	1	1	0	1	1	1	1	0	1	1	1	1	0	1	0	1	0	1
PG00401	1	1	1	1	1	1	1	1	1	1	0	1	1	1	1	1	1	1	0	1	1	1	1	1
PG00402	1	1	1	1	1	1	1	1	1	1	0	1	1	1	1	1	1	1	1	1	1	0	1	1
PG00403	1	0	1	1	1	1	1	1	1	1	0	1	1	1	0	0	1	1	1	1	1	1	1	1
PG00404	1	1	1	1	1	1	1	1	1	1	1	1	1	1	1	1	1	1	1	1	1	1	0	1
PG00405	0	1	1	1	0	1	1	0	0	1	0	1	0	1	1	0	0	1	0	1	0	1	0	0
PG00406	1	1	0	1	1	1	1	0	1	1	1	1	1	0	1	1	1	0	1	1	0	1	0	1
PG00407	1	1	1	1	1	1	1	1	1	1	1	1	1	1	1	1	1	1	1	1	1	1	1	1
PG00408	1	0	1	1	1	1	1	1	1	1	1	0	1	1	1	1	1	0	1	1	1	0	1	1
PG00409	1	1	1	1	1	1	1	1	1	1	1	1	1	1	1	1	1	1	1	1	1	1	1	0
PG00410	0	1	0	1	0	0	0	0	1	0	0	0	1	0	0	0	0	0	1	1	1	1	1	0
PG00410b	0	0	0	1	1	0	1	1	1	1	1	1	1	0	1	0	1	1	1	0	0	1	1	1
PG00411	1	1	1	0	1	1	0	1	1	1	1	1	0	1	0	0	1	1	1	1	1	0	0	1
PG00413	1	0	1	1	1	0	1	1	1	1	1	1	1	1	0	1	0	1	1	1	0	1	0	0
PG00414	1	1	1	1	1	1	1	1	1	1	1	1	1	1	1	1	1	1	1	1	1	1	1	1
PG00415	1	1	0	0	0	1	0	1	0	1	1	1	1	0	1	1	1	1	1	0	1	0	1	1
PG00417	1	1	1	1	1	1	1	0	0	1	1	1	1	1	1	1	0	1	1	1	1	1	1	1
PG00418	1	1	1	1	1	1	1	0	1	1	1	1	1	1	1	1	1	0	1	1	1	1	1	1
PG00420	1	1	1	1	1	1	1	1	1	1	1	1	1	1	1	1	1	1	1	1	1	1	1	1
PG00421	1	1	1	1	1	1	1	0	1	1	1	1	1	1	1	1	0	1	1	1	0	1	1	1
PG00423	1	1	1	1	0	1	1	1	1	1	1	1	0	1	0	0	1	1	1	0	1	1	1	1
PG00424	1	0	1	0	0	1	1	0	1	1	0	1	0	0	1	1	0	0	1	0	0	1	1	1
PG00425	1	1	1	1	1	0	1	1	1	1	1	1	1	1	1	1	1	1	0	0	1	1	1	1
PG00425b	0	1	1	1	0	1	1	1	1	0	1	1	1	1	1	1	1	1	0	0	1	1	0	1
PG00426	1	1	1	1	1	1	1	1	1	1	1	1	1	1	1	1	1	1	1	1	1	1	1	1
PG00427	1	1	0	1	1	1	0	1	0	1	0	1	0	1	0	1	1	0	0	1	0	0	0	1
PG00428	1	1	1	1	1	1	0	1	1	1	1	1	1	1	1	1	1	1	1	1	1	1	1	1
PG00429	1	1	1	1	1	1	1	1	1	1	1	1	1	1	1	1	1	1	1	1	0	1	0	1
PG00430	1	1	1	1	1	1	1	1	0	0	1	1	1	1	1	1	1	1	0	1	1	0	1	1
PG00431	1	1	0	0	0	1	0	1	1	1	1	1	0	0	1	1	1	1	1	0	1	1	0	1
PG00432	1	1	1	1	1	1	1	0	0	1	0	0	0	1	1	1	1	1	0	1	1	1	1	1
PG00433	0	1	1	1	1	1	0	1	1	1	1	1	1	1	1	1	1	1	1	1	1	1	1	1
PG00435	0	0	0	0	1	1	0	0	0	0	1	1	1	1	1	1	1	1	1	0	1	1	1	1
PG00436	1	1	1	1	1	1	1	1	1	0	1	1	1	1	1	1	1	1	1	1	1	1	1	0
PG00437	1	1	1	1	0	0	0	1	1	1	1	1	1	0	1	1	1	1	1	0	0	1	1	1
PG00439	1	1	0	1	1	1	1	1	1	1	1	1	1	1	1	1	1	1	1	1	1	1	1	1
PG00440	1	1	1	1	1	0	0	0	0	1	1	1	0	0	0	1	0	0	1	1	1	1	0	1
PG00441	1	1	1	1	1	1	1	1	1	1	0	1	1	1	0	1	1	1	1	1	1	0	1	1
PG00443	1	1	1	1	1	1	0	1	1	1	1	1	1	1	1	0	1	0	1	1	1	1	1	1
PG00444	1	1	1	0	0	1	1	1	1	1	1	1	0	1	1	0	0	1	1	0	0	1	1	1
PG00445	1	1	1	1	0	1	1	1	0	1	1	0	1	1	1	1	1	1	1	0	1	1	1	1
PG00446	1	1	0	1	1	1	1	1	0	1	1	1	0	1	1	0	1	1	1	1	1	1	1	1
PG00448b	0	0	0	1	1	0	0	0	0	0	1	0	1	0	1	0	0	1	0	1	0	1	0	0
PG00449	1	1	1	1	1	1	1	1	1	1	1	1	1	1	1	1	1	1	1	1	1	1	1	1
PG00450	1	0	0	1	0	1	0	1	0	1	0	0	0	0	0	0	1	0	0	1	1	0	0	0
PG00452	0	1	1	1	1	1	1	1	1	0	1	0	1	1	1	0	0	0	1	1	0	1	1	0
PG00453	1	1	1	1	1	1	1	1	1	1	1	1	1	1	1	1	1	1	1	1	1	1	1	1
PG00454	1	1	1	1	1	1	1	1	1	1	1	0	1	1	1	1	1	1	0	1	1	1	1	1
PG00455	1	0	0	1	1	0	0	0	0	1	0	0	0	1	0	0	1	0	0	1	0	0	0	1
PG00456	1	1	1	1	0	1	1	1	1	1	1	0	0	0	0	1	1	0	1	1	1	0	0	0
PG00457	1	1	1	1	1	0	1	1	1	1	1	1	1	1	1	1	1	1	1	1	1	1	1	1
PG00458	1	1	1	1	1	1	1	1	1	1	1	1	1	1	1	1	1	1	1	1	1	1	1	1
PG00460	0	1	1	1	1	1	1	1	1	1	1	1	1	1	1	1	1	1	0	1	0	1	1	1
PG00461	1	1	0	1	1	1	1	0	1	1	1	0	1	1	1	0	0	0	1	0	0	1	1	1
PG00462	0	0	1	0	0	0	0	1	1	0	0	0	0	0	0	0	0	0	0	1	0	0	0	0
PG00463	0	1	0	0	0	1	0	1	1	1	1	0	1	0	0	1	0	0	0	1	0	0	0	0
PG00464	1	1	1	1	1	1	1	1	1	1	1	1	1	1	1	1	1	1	1	1	1	1	1	1
PG00465	1	1	0	1	1	0	0	0	1	1	1	0	1	0	1	1	1	1	1	1	1	1	1	1
PG00466	1	1	1	1	1	1	1	1	1	1	1	1	1	1	1	1	1	1	1	1	1	1	1	1
PG00466b	0	0	1	1	0	1	1	1	0	1	1	1	1	1	1	1	1	0	0	1	1	1	1	1
PG00467	1	1	1	1	1	1	1	1	1	1	1	1	0	1	1	1	1	1	1	1	1	1	1	1
PG00468	0	1	1	1	1	0	1	1	1	1	1	1	1	1	0	0	1	0	1	1	0	1	1	1
PG00469	1	1	1	1	1	0	1	1	1	1	1	0	1	1	1	1	1	1	1	1	1	1	1	1
PG00470	1	1	1	1	1	1	1	1	1	1	1	1	1	1	1	1	1	1	1	1	1	1	1	1
PG00471	1	1	1	1	1	0	1	1	1	1	1	1	1	0	1	1	1	1	1	1	1	1	1	1
PG00472	1	1	1	1	1	1	1	1	0	1	1	1	1	0	1	1	1	1	1	1	1	0	1	1
PG00474	0	0	0	1	1	0	0	0	1	0	0	0	1	0	0	0	1	0	1	1	0	1	1	1
PG00475	1	1	1	1	1	1	1	1	1	0	0	0	1	0	1	1	0	1	1	1	1	0	0	0
PG00476	1	0	1	1	1	1	1	1	1	1	0	1	1	1	0	1	1	0	1	1	1	1	1	1
PG00477	1	1	0	1	1	1	0	1	0	1	1	0	1	1	0	0	1	1	1	1	1	0	1	1
PG00478	1	1	0	1	1	1	0	0	1	0	1	1	0	1	0	0	1	1	0	1	0	1	1	1
PG00479	1	0	0	0	0	1	0	0	0	0	1	0	1	0	0	1	1	1	0	1	0	0	0	1
PG00480	1	1	1	0	1	0	1	1	1	1	1	1	1	1	1	1	1	1	1	1	0	1	1	1
PG00481	1	1	0	1	1	1	0	1	1	1	1	1	1	1	1	1	1	1	1	1	1	0	1	1
PG00483	1	1	1	1	1	1	1	1	1	1	1	1	1	1	1	1	1	1	1	1	1	1	1	1
PG00484	1	0	1	1	0	1	1	1	1	1	1	1	1	1	1	1	1	1	1	1	1	1	1	1
PG00485	1	1	0	1	1	1	1	1	1	1	1	1	1	1	1	0	1	1	1	1	1	1	1	1
PG00486	1	1	1	1	1	1	1	1	1	1	1	1	1	1	1	1	1	1	1	1	1	1	1	1
PG00487	1	1	1	0	1	1	1	1	1	1	1	1	1	1	1	1	1	1	1	1	1	1	1	1
PG00488	1	1	1	0	0	1	1	0	0	1	1	1	1	1	1	1	1	0	1	1	1	1	1	1
PG00490	1	1	1	0	1	1	0	0	0	1	1	1	0	1	1	0	1	1	1	1	1	1	1	1
PG00491	1	1	1	1	1	1	1	0	0	1	1	1	1	1	1	1	1	1	1	1	1	1	1	1
PG00492	0	1	0	0	1	1	1	1	1	1	1	1	1	1	1	1	1	1	1	1	1	1	1	1
PG00493	1	1	1	1	1	1	1	1	1	1	0	1	1	1	1	1	1	1	1	1	1	1	0	1
PG00494	1	0	1	1	1	1	1	1	1	1	1	1	1	1	1	1	1	1	1	1	1	1	1	1
PG00495	1	1	1	1	1	1	1	1	1	1	1	1	1	1	1	1	1	1	1	1	1	1	1	1
PG00496	1	1	0	1	1	1	0	0	0	0	1	1	1	0	1	1	0	1	1	0	1	0	1	1
PG00497	1	0	1	1	1	1	1	1	1	1	1	0	1	1	1	1	1	1	1	1	1	1	1	0
PG00498	1	1	1	1	1	1	1	1	1	1	1	1	1	1	1	1	1	1	1	1	1	1	1	1
PG00499	1	1	1	0	1	1	1	1	1	1	1	0	1	1	1	1	1	1	1	1	1	1	1	1
PG00500	1	1	1	1	1	1	1	1	1	1	1	1	1	1	1	1	1	1	1	1	1	1	1	1
PG00502	1	1	1	0	1	1	1	1	0	1	0	1	1	1	1	1	1	1	1	1	1	0	1	1
PG00503	1	0	1	0	0	0	0	1	1	0	0	1	0	0	1	1	1	1	0	0	0	0	1	0
PG00504	0	0	0	1	0	0	1	0	1	0	0	0	0	1	1	0	0	0	0	0	0	0	0	1
PG00506	1	1	0	1	1	0	1	1	1	1	1	1	1	1	1	1	1	1	1	1	1	1	1	1
PG00506b	0	1	1	1	1	1	1	1	1	1	1	1	1	1	1	1	1	0	1	1	0	1	1	0
PG00507	1	1	1	1	1	1	1	1	1	1	1	1	1	1	1	1	1	1	1	1	1	1	1	1
PG00508	1	1	0	0	0	1	1	1	1	0	1	1	1	1	1	1	0	1	1	1	1	1	1	1
PG00511	0	1	1	1	0	1	1	0	0	0	0	1	1	0	1	1	1	0	1	1	1	1	1	1
PG00512	1	0	1	1	0	1	1	0	1	0	1	0	1	0	1	0	1	1	1	1	1	0	0	1
PG00513	0	1	1	1	1	0	1	1	0	1	1	0	0	0	1	0	0	0	0	1	0	0	1	1
PG00514	0	0	0	0	0	0	1	0	0	0	0	0	1	0	0	0	0	1	0	0	0	1	0	1
PG00515	1	0	0	1	1	1	1	1	1	1	1	1	1	1	1	1	1	1	1	1	1	1	1	0
PG00516	1	1	1	1	0	1	1	1	1	0	1	0	1	1	0	1	1	1	0	0	1	0	0	1
PG00517	1	1	1	1	0	1	0	1	1	0	1	1	1	1	1	1	0	1	1	1	1	1	1	1
PG00518	0	1	1	1	0	1	0	1	0	1	1	0	1	0	0	0	0	0	1	1	0	1	0	0
PG00519	1	1	1	1	1	1	1	1	1	1	1	1	1	1	1	1	1	1	1	1	1	1	0	1
PG00520	1	1	1	1	1	1	1	1	1	1	1	1	1	1	1	1	1	1	1	1	1	1	1	1
PG00521	1	1	1	1	1	0	1	1	1	1	1	1	1	1	1	1	1	1	1	1	1	1	1	1
PG00522	1	0	0	1	0	0	1	0	1	0	0	0	1	0	0	0	0	1	1	0	0	0	1	1
PG00524	1	1	1	1	1	1	1	1	1	1	1	1	1	1	1	1	1	1	1	1	1	1	1	1
PG00526	1	1	1	1	1	1	1	1	1	1	1	1	1	1	1	1	1	1	1	1	1	1	1	1
PG00527	1	1	0	1	1	1	1	1	1	1	1	0	1	1	1	1	1	1	1	1	1	1	0	1
PG00528	1	1	1	1	1	1	1	1	0	1	1	1	1	1	1	0	1	1	1	1	1	1	1	1
PG00529	0	1	1	1	1	1	0	1	1	1	1	0	1	0	1	1	1	1	1	0	0	1	1	1
PG00530	1	1	1	1	1	1	1	1	1	0	1	1	1	0	1	1	1	1	1	1	1	1	1	0
PG00531	0	1	1	1	1	1	1	1	1	0	1	1	1	1	1	0	1	1	1	0	1	1	1	1
PG00532	1	1	1	1	1	1	0	1	1	1	1	1	1	1	1	1	1	1	1	1	1	1	1	1
PG00532b	1	1	1	1	1	1	1	1	1	1	1	1	1	1	1	1	1	1	1	1	1	1	0	1
PG00533	1	1	1	1	1	0	1	1	1	1	1	1	1	0	1	0	1	1	1	1	1	1	1	1
PG00534	1	1	1	1	1	1	0	1	1	1	1	1	1	1	1	1	1	1	1	1	1	1	1	1
PG00535	1	0	1	1	1	1	1	1	1	0	1	1	0	1	0	1	1	1	1	1	1	1	1	1
PG00536	0	0	1	0	1	1	1	1	1	1	1	1	0	1	1	1	0	1	0	0	0	0	0	1
PG00537	0	0	1	0	1	0	1	1	1	0	1	1	0	1	0	0	0	0	0	0	0	0	0	0
PG00538	1	1	1	1	1	1	1	1	1	1	1	1	1	1	1	1	1	1	1	1	1	1	1	1
PG00539	0	1	1	1	1	1	0	1	0	1	1	1	1	1	1	1	1	1	1	1	1	1	1	1
PG00540	1	1	0	0	0	1	1	1	1	1	1	1	1	0	0	0	1	1	1	1	1	1	1	1
PG00540b	1	1	1	1	1	1	1	0	1	1	1	1	1	1	1	1	1	1	1	1	1	1	1	0
PG00541	1	1	1	1	0	0	1	1	1	1	1	1	0	1	1	1	1	1	1	0	1	1	0	1
PG00542	1	0	1	1	1	1	1	1	0	1	1	1	1	1	1	1	1	1	1	1	1	0	1	1
PG00543	1	1	1	1	1	1	1	1	1	1	1	1	0	1	1	1	1	1	1	1	1	1	1	0
PG00544	1	1	1	1	1	1	1	1	1	1	1	1	1	1	0	1	1	1	1	1	1	1	1	1
PG00545	1	1	1	1	1	1	1	1	1	0	1	1	1	1	1	1	1	1	1	1	1	1	1	0
PG00546	1	1	1	1	1	1	1	1	1	1	1	1	1	1	1	1	1	1	1	1	1	1	1	1
PG00547	0	1	1	1	1	1	1	1	1	1	1	1	1	1	1	1	1	1	1	1	1	1	1	0
PG00548	1	1	1	1	1	1	1	1	1	1	1	1	1	1	1	1	1	1	1	1	1	1	1	1
PG00550	1	1	1	1	1	1	1	1	1	1	1	1	1	1	1	1	1	1	1	1	1	1	1	1
PG00553	1	1	1	1	1	1	1	0	1	1	1	1	1	0	1	1	1	1	1	1	1	1	1	1
PG00554	0	1	0	0	0	0	0	0	0	1	0	0	0	1	0	1	1	1	0	0	1	1	0	1
PG00555	1	1	1	1	1	1	1	1	1	1	1	1	1	1	1	1	1	1	1	1	1	1	1	1
PG00556	1	1	1	1	1	1	1	1	1	1	1	1	1	1	1	1	1	1	1	1	1	1	1	1
PG00557	1	0	1	0	1	1	1	0	0	1	1	0	0	0	1	1	1	1	0	1	1	0	1	1
PG00558	1	1	1	1	1	1	1	1	1	1	1	1	1	1	1	1	0	1	1	1	1	1	1	1
PG00559	1	0	1	1	1	1	0	1	1	1	1	1	1	1	1	1	1	0	1	1	1	1	1	1
PG00560	1	1	1	1	0	1	1	1	1	1	1	1	1	1	1	0	1	1	1	1	1	0	1	1
PG00561	1	1	1	1	1	1	1	1	1	1	1	1	1	0	1	1	1	1	1	1	0	1	0	1
PG00563	1	1	0	1	1	1	1	1	1	1	1	1	1	1	1	1	1	1	1	0	1	1	1	1
PG00564	0	0	0	0	0	0	0	1	0	1	1	1	0	0	0	0	1	1	0	0	1	0	1	1
PG00565	1	1	1	0	1	1	0	1	1	1	1	1	1	1	0	1	1	1	0	0	1	1	1	1
PG00566	1	1	1	0	0	1	1	1	1	1	1	1	1	1	1	1	0	1	1	1	0	1	0	1
PG00567	1	1	1	1	1	1	1	1	1	1	1	1	1	1	1	1	1	1	1	1	1	1	1	1
PG00568	1	1	1	1	1	1	1	1	1	1	0	1	1	1	1	1	0	1	1	1	1	1	1	1
PG00569	1	0	1	0	1	1	0	0	1	1	0	0	1	0	0	1	0	1	0	1	0	0	1	0
PG00570	1	1	1	1	1	1	1	1	0	1	1	1	1	1	1	1	1	1	1	1	1	1	1	1
PG00571	1	1	1	1	1	1	1	1	1	1	1	1	1	1	1	1	1	1	1	1	1	0	0	1
PG00572	1	1	0	1	1	0	1	1	1	1	1	0	1	1	0	1	1	1	1	1	0	1	1	1
PG00573	1	1	1	1	1	1	1	1	1	1	0	1	1	1	1	1	1	1	0	0	1	1	1	0
PG00574	1	1	1	1	1	1	1	1	1	1	1	1	1	1	1	1	1	1	0	1	0	1	1	1
PG00574b	1	0	1	0	0	0	1	1	0	0	0	1	1	1	1	0	1	0	1	1	1	1	1	1
PG00575	1	0	0	1	0	1	0	0	1	0	0	1	0	1	1	0	1	1	1	1	1	1	1	1
PG00576	1	1	0	1	1	1	1	1	1	1	1	1	1	1	1	1	0	1	1	1	1	0	1	1
PG00577	1	0	1	0	1	1	1	1	0	1	1	1	1	0	0	0	1	1	1	0	0	0	0	1
PG00578	1	1	1	1	1	1	1	1	1	1	1	1	1	1	0	1	0	1	1	1	1	1	1	1
PG00579	1	1	1	1	1	1	1	0	1	1	1	1	1	1	1	1	1	1	1	1	1	1	1	1
PG00580	1	1	1	1	1	1	1	1	0	1	1	1	1	1	1	1	1	1	1	0	1	1	1	1
PG00581	1	1	1	1	1	1	1	1	1	1	1	1	1	1	1	1	1	1	1	1	1	1	1	1
PG00582	1	1	1	1	1	1	1	1	0	1	1	0	1	1	1	1	0	1	1	0	0	0	1	1
PG00585	1	1	1	1	1	1	1	0	0	1	1	1	1	1	1	0	1	0	1	1	1	1	1	1
PG00587	1	1	1	1	1	0	1	0	1	1	1	1	1	1	0	1	0	1	1	0	1	1	0	0
PG00590	1	1	1	1	1	1	1	1	1	1	1	1	1	1	1	1	1	1	1	1	0	1	1	1
PG00591	1	1	1	1	0	0	1	0	1	1	1	1	1	1	1	1	1	1	1	1	1	1	0	1
PG00592	1	0	1	1	1	1	1	1	1	0	0	1	1	1	1	1	1	0	1	1	1	1	1	1
PG00593	0	0	0	0	1	0	0	0	0	0	0	0	0	0	1	1	1	0	1	1	1	1	0	1
PG00595	0	0	1	1	1	0	0	1	1	1	1	0	1	1	1	1	0	1	0	1	1	0	1	1
PG00596	0	1	0	1	1	1	0	1	1	0	0	1	1	0	0	0	0	0	0	0	0	0	0	0
PG00597	1	1	1	1	1	1	1	1	1	1	1	1	1	1	1	1	1	0	1	1	1	1	1	1
PG00599	0	0	1	0	1	0	0	0	0	1	0	1	0	0	1	1	0	1	1	0	1	1	1	1
PG00602	1	1	1	1	1	1	1	1	0	1	0	1	1	1	1	1	1	1	1	1	1	1	1	1
PG00603	0	1	1	0	1	1	1	1	1	1	1	0	1	1	1	1	0	1	1	1	0	1	1	0
PG00604	1	1	1	1	1	1	1	1	1	1	1	1	1	1	1	1	1	1	1	1	0	1	0	1
PG00605	0	1	1	0	0	1	0	1	1	1	1	0	1	1	1	1	0	0	1	0	0	0	0	0
PG00606	0	1	0	1	1	1	1	0	1	1	1	1	1	0	1	1	1	1	0	1	1	1	0	1
PG00607	0	1	1	1	1	1	0	0	0	0	0	1	1	0	1	1	1	0	1	1	0	1	1	0
PG00608	1	1	1	1	1	1	1	1	1	1	1	1	1	1	1	1	1	1	1	1	1	1	1	1
PG00609	0	1	1	0	1	1	0	1	1	1	1	0	0	0	1	1	1	1	1	1	0	1	1	0
PG00610	1	1	1	1	1	1	1	1	1	1	1	1	1	1	1	1	1	1	1	1	1	0	0	1
PG00611	1	0	1	1	1	0	1	1	0	1	1	1	1	1	1	1	0	1	1	1	1	1	1	1
PG00612	1	1	1	0	0	1	0	0	0	1	0	0	1	1	1	0	1	1	0	1	1	1	0	1
PG00613	1	1	1	1	1	1	1	1	1	0	1	1	1	1	1	1	0	1	1	1	1	1	1	1
PG00615	1	1	1	1	1	1	0	0	1	1	1	0	1	1	1	1	1	1	1	1	1	1	1	1
PG00617	1	1	1	1	1	1	1	1	1	1	1	1	1	1	1	1	1	1	1	0	1	1	1	1
PG00618	1	1	1	1	1	1	1	1	1	1	1	1	1	1	1	0	1	1	1	1	1	0	1	0
PG00619	1	1	1	1	1	0	0	0	0	1	1	1	1	0	1	1	0	1	0	0	0	1	0	1
PG00620	1	1	1	1	1	1	1	1	0	1	0	1	1	1	1	1	1	1	1	1	1	1	1	1
PG00621	1	0	1	0	1	1	1	1	1	1	1	1	1	1	1	1	1	1	1	1	1	1	1	1
PG00622	1	0	1	1	1	0	1	1	0	1	1	1	1	1	1	1	1	1	1	1	0	1	1	1
PG00623	1	1	1	1	1	0	1	1	1	1	1	1	1	1	1	1	0	1	1	1	1	1	1	1
PG00624	1	0	1	1	0	1	1	1	1	1	1	1	1	1	1	1	1	1	1	1	1	1	1	1
PG00626	1	1	1	1	1	1	1	1	1	1	1	0	1	1	1	1	0	1	1	1	1	1	1	1
PG00628	1	0	0	1	1	1	0	1	1	0	1	0	0	1	0	1	1	0	0	0	1	1	1	0
PG00629	1	1	1	0	1	1	1	1	1	1	1	1	1	1	1	1	1	1	1	0	1	1	1	1
PG00630	1	1	0	1	1	1	1	0	0	1	1	1	0	1	1	0	1	0	1	1	0	1	1	0
PG00632	1	1	1	1	1	0	1	1	1	1	1	1	1	1	1	1	1	0	1	1	0	1	1	1
PG00634	1	1	1	1	1	1	1	1	1	1	1	1	1	1	1	1	1	1	1	1	1	1	1	1
PG00635	1	1	1	1	0	1	1	1	1	1	1	1	0	1	1	1	1	1	1	0	1	1	1	1
PG00637	1	1	1	1	1	1	1	1	1	1	1	1	1	1	1	1	1	1	1	1	1	1	1	1
PG00638	1	0	0	0	0	1	1	1	1	1	0	0	1	0	1	1	1	0	1	1	1	1	1	1
PG00640	1	1	0	1	1	1	1	1	1	1	1	0	1	0	1	0	1	0	1	1	1	1	0	0
PG00641	1	1	1	1	1	1	1	1	1	1	1	1	1	1	1	1	1	1	1	1	0	1	1	1
PG00641b	1	1	1	0	0	0	1	1	1	1	1	0	0	1	1	1	1	1	1	1	1	1	1	1
PG00642	1	1	1	1	1	1	1	1	0	1	1	1	1	1	1	1	1	1	1	1	1	1	1	1
PG00643	1	0	1	1	1	0	1	1	1	1	1	0	1	1	1	0	1	1	1	0	1	1	1	1
PG00644	1	1	1	0	1	1	1	1	1	1	1	0	1	1	1	1	1	1	1	1	1	1	1	0
PG00646	1	0	0	0	0	1	0	0	0	0	1	0	0	0	1	1	1	0	0	0	1	1	0	0
PG00647	1	1	1	1	1	1	1	1	1	1	1	1	1	1	1	1	1	1	1	1	1	1	1	1
PG00648	1	1	1	1	0	1	1	1	1	0	1	1	1	1	1	1	1	1	1	1	1	1	1	1
PG00649	1	1	1	1	1	1	1	1	0	1	1	1	1	1	1	1	1	1	1	1	1	1	1	0
PG00651	0	1	1	1	1	1	1	1	1	1	1	1	1	1	1	1	0	1	1	1	1	1	1	1
PG00652	1	1	1	1	1	1	0	1	1	1	1	1	1	1	1	1	1	1	1	1	1	1	1	1
PG00653	1	1	0	0	0	0	0	0	0	0	1	1	0	0	0	0	0	1	0	0	0	0	0	1
PG00654	1	1	1	1	1	1	1	1	1	1	1	1	1	1	1	1	1	1	1	1	1	0	1	1
PG00657	1	1	1	1	1	1	1	1	0	0	1	1	1	1	1	1	1	1	1	1	1	1	1	1
PG00658	1	0	1	1	1	1	1	1	1	1	1	1	1	1	1	1	1	1	1	1	1	1	1	1
PG00659	1	0	1	1	1	1	1	1	1	1	1	1	1	1	1	1	1	1	1	1	1	1	1	1
PG00660	0	0	1	1	1	1	0	1	0	1	1	1	1	1	0	0	1	1	1	1	1	1	1	1
PG00661	0	1	1	1	1	1	1	1	1	1	1	1	1	1	1	1	0	1	1	1	1	1	1	1
PG00662	1	1	0	1	1	1	1	1	1	1	1	1	1	1	1	1	1	1	1	1	1	1	1	1
PG00664	1	1	1	1	1	1	1	1	1	1	1	1	1	1	0	1	0	1	1	0	1	1	1	0
PG00665	1	1	1	1	1	1	1	1	1	1	1	1	1	1	1	1	0	1	1	1	1	1	1	1
PG00666	1	1	1	1	1	1	1	1	1	0	1	1	0	1	1	1	1	1	1	1	1	1	1	1
PG00666b	0	1	1	1	1	1	1	1	1	0	1	0	1	1	1	1	1	1	1	1	1	0	1	1
PG00668	1	1	1	1	1	0	1	1	1	1	1	1	1	1	1	1	1	1	1	1	1	1	1	1
PG00669	1	1	1	1	1	0	1	1	1	1	1	1	1	1	0	0	0	1	1	1	1	1	0	1
PG00670	1	0	1	0	1	0	1	0	1	0	1	1	0	0	0	0	1	1	1	0	0	1	0	0
PG00671	1	1	1	1	1	1	1	1	1	1	1	1	1	1	1	1	1	1	1	1	1	1	1	1
PG00673	1	0	1	1	1	1	1	0	0	1	1	1	1	1	1	0	1	1	0	0	0	0	0	1
PG00674	1	1	0	0	1	0	0	0	0	0	1	1	1	0	0	0	0	1	0	1	1	1	1	1
PG00675	1	1	1	1	1	1	0	1	1	1	0	1	1	1	1	1	1	1	0	1	1	1	1	1
PG00676	0	1	0	1	0	0	1	0	0	0	0	1	0	1	1	1	0	1	0	1	1	1	1	1
PG00677	1	1	1	1	1	1	1	1	1	1	1	1	1	1	1	1	1	1	1	1	1	1	1	1
PG00678	1	1	1	0	1	1	0	1	1	1	1	1	1	1	1	1	1	1	0	1	1	1	1	1
PG00679	1	1	1	1	1	1	0	1	1	1	1	1	1	1	1	1	1	1	1	1	1	1	1	1
PG00680	1	1	1	1	1	1	1	1	1	1	1	1	1	1	1	1	1	1	1	1	1	1	1	1
PG00682	0	0	1	1	0	0	1	0	0	1	1	1	1	1	1	1	1	0	1	1	0	0	1	0
PG00683	1	1	1	1	1	1	1	1	1	1	1	1	1	1	0	1	1	1	1	0	1	1	1	1
PG00684	1	1	1	1	1	1	1	0	1	1	1	1	1	1	1	0	1	1	1	0	0	1	1	1
PG00685	1	1	1	1	1	1	1	1	0	0	1	1	1	1	1	1	1	1	1	1	0	1	1	1
PG00686	1	1	1	1	1	1	1	1	1	1	1	1	1	1	1	0	1	1	1	1	1	1	1	1
PG00687	0	0	0	0	1	0	0	0	0	1	1	0	1	0	1	0	0	0	1	0	1	1	1	1
PG00688	1	1	1	1	1	1	0	1	0	1	0	1	0	1	1	1	0	1	1	0	1	1	0	0
PG00689	1	1	1	1	1	1	1	1	1	1	1	1	1	1	1	1	1	1	1	1	1	1	1	0
PG00690	1	1	1	1	1	1	1	1	1	1	1	1	1	1	1	1	1	1	1	1	1	1	1	1
PG00691	1	1	1	1	1	1	1	1	1	1	1	1	1	1	1	1	1	1	1	1	1	1	1	1
PG00694	0	0	1	0	0	1	1	1	0	1	1	0	1	1	1	0	0	0	0	1	1	0	1	1
PG00695	1	1	1	0	0	1	1	1	0	1	1	1	1	1	1	1	1	1	1	1	1	0	1	1
PG00696	0	1	0	1	1	1	0	1	0	1	1	1	1	1	1	1	1	1	0	0	1	1	1	0
PG00697	1	1	1	1	0	1	0	0	0	0	0	1	1	0	0	0	1	1	1	0	0	0	0	0
PG00698	1	1	1	1	1	1	0	1	1	1	1	1	1	1	1	1	1	1	1	1	1	1	1	1
PG00699	1	1	0	1	1	1	0	1	1	1	1	1	1	1	1	1	0	1	1	1	1	1	0	0
PG00700	1	0	0	1	0	0	0	1	0	0	0	0	1	0	0	0	1	0	0	0	0	1	0	1
PG00700b	1	0	1	0	0	1	0	0	0	1	0	1	0	1	0	0	1	0	1	1	1	0	0	1
PG00701	1	1	1	0	0	1	1	0	1	1	0	1	1	1	1	0	0	0	1	1	1	0	1	0
PG00702	0	1	1	1	0	1	0	0	1	0	1	0	0	1	0	1	1	0	1	1	1	1	1	1
PG00703	0	1	1	1	0	1	1	1	0	0	1	1	0	1	1	1	0	1	1	1	1	1	1	1
PG00704	1	1	1	1	1	1	1	1	1	1	1	1	1	0	1	1	0	1	1	1	1	1	1	1
PG00705	1	1	1	1	1	0	1	1	0	1	1	1	1	1	0	0	0	1	1	1	1	1	1	0
PG00706	1	1	1	1	1	1	0	0	0	1	1	1	1	1	1	1	1	1	1	1	1	0	0	1
PG00707	1	1	1	1	1	0	1	1	1	1	1	1	0	1	1	0	1	1	1	1	1	1	1	1
PG00708	1	1	0	1	1	1	0	1	1	1	0	1	1	1	1	1	1	1	1	1	1	1	1	1
PG00709	1	1	1	1	1	1	1	1	1	1	1	1	1	1	1	1	1	1	1	0	1	1	1	1
PG00710	0	1	1	1	1	1	1	1	1	1	1	1	1	1	1	1	1	1	1	1	1	1	1	1
PG00711	1	1	0	1	1	1	1	1	1	1	1	1	1	1	0	1	0	1	1	0	1	1	1	1
PG00712	1	1	1	1	1	1	1	1	1	1	1	1	1	1	1	1	1	1	1	1	1	1	1	0
PG00713	1	0	1	1	1	1	1	1	1	1	1	1	0	1	1	0	1	1	1	1	0	1	0	1
PG00713b	0	1	1	1	1	1	0	1	1	1	1	1	0	1	1	0	1	1	1	1	1	0	1	1
PG00714	1	1	1	1	1	1	1	1	1	1	1	1	1	1	1	1	1	1	1	1	1	1	0	1
PG00715	1	1	0	1	1	1	1	1	1	1	1	0	1	1	1	1	1	0	0	1	1	0	1	1
PG00716	1	1	1	1	1	1	1	1	1	1	0	1	1	1	1	0	1	1	1	1	1	1	1	1
PG00718	1	0	1	0	0	0	0	0	0	1	1	0	0	0	1	1	0	1	0	0	0	1	1	0
PG00719	1	1	1	1	1	1	1	1	1	1	0	1	1	1	1	0	1	0	0	1	1	1	0	1
PG00720	0	1	0	0	1	1	1	1	1	0	1	1	0	0	0	0	1	1	1	1	0	1	1	1
PG00721	0	1	1	1	1	1	0	1	1	1	1	0	0	0	1	1	0	0	1	0	1	0	1	1
PG00723	1	1	0	1	1	1	1	0	0	1	1	1	1	0	1	1	1	0	1	1	0	1	0	1
PG00724	1	1	1	1	1	1	1	1	1	1	1	1	1	1	1	1	1	1	1	1	1	1	1	0
PG00725	1	1	1	0	0	1	1	1	1	1	1	1	1	1	1	1	1	1	1	1	1	1	1	1
PG00726	1	1	1	1	1	1	1	1	1	1	1	1	1	1	1	1	1	1	1	1	1	1	1	1
PG00727	1	1	1	1	1	1	1	1	1	1	1	1	1	0	1	1	1	1	1	1	1	1	1	1
PG00728	1	0	1	1	0	0	1	1	0	0	0	0	1	0	0	1	1	1	0	1	0	0	0	0
PG00729	1	1	1	1	1	1	1	1	1	1	1	1	1	1	1	1	1	1	1	1	1	1	1	1
PG00730	1	0	1	1	0	1	0	1	0	0	1	0	0	1	0	0	0	1	0	1	1	0	0	0
PG00732	0	1	0	0	1	1	1	1	1	1	1	1	1	1	1	1	0	1	0	0	1	0	1	1
PG00734	1	1	1	1	0	1	1	1	1	1	1	1	1	1	1	1	1	1	1	0	1	1	1	0
PG00737	1	1	0	0	0	1	1	0	0	0	1	0	1	0	0	0	0	0	1	0	0	0	0	0
PG00738	1	1	1	1	1	1	1	1	1	1	1	1	1	1	1	1	1	1	1	1	1	0	1	1
PG00739	1	1	1	1	1	1	0	0	1	1	0	1	1	0	0	1	1	1	0	1	0	1	0	1
PG00740	1	1	1	1	1	1	1	1	1	0	1	1	1	1	1	1	1	1	1	1	1	1	1	1
PG00741	0	0	1	1	1	0	1	1	0	0	0	0	0	0	1	0	1	1	1	0	1	1	0	1
PG00743	1	1	1	1	1	0	0	1	1	0	1	1	1	1	1	1	1	1	0	1	0	1	1	1
PG00744	1	1	1	1	1	1	1	1	1	1	1	1	1	1	1	1	1	1	1	1	1	1	0	1
PG00746	1	1	1	1	1	1	0	1	1	1	1	1	1	1	1	1	0	1	1	1	1	0	1	1
PG00747	1	1	1	1	1	0	0	1	1	0	1	1	1	1	1	0	1	0	0	1	0	1	1	0
PG00748	1	1	1	1	1	1	1	1	1	1	1	1	1	1	1	1	1	1	1	1	1	1	1	0
PG00749b	0	0	0	0	0	0	1	0	1	0	0	1	0	0	0	0	0	1	0	0	0	0	0	0
PG00750	1	1	1	1	1	1	1	1	1	1	1	1	1	1	1	1	1	1	1	1	1	1	1	1
PG00751	1	1	1	1	1	1	1	1	1	1	1	1	1	1	1	1	1	1	1	1	1	1	1	1
PG00752	0	1	1	0	0	1	0	0	0	1	1	0	0	1	1	0	0	1	0	0	1	1	0	0
PG00753	1	1	1	1	1	1	1	1	1	1	0	1	1	1	1	1	1	1	1	1	1	1	1	1
PG00755	1	1	1	0	1	1	1	1	1	0	1	0	1	1	1	1	1	1	1	1	1	1	1	1
PG00756	1	1	1	1	1	1	1	1	1	1	1	1	0	1	1	1	1	1	0	1	1	1	1	1
PG00757	1	1	1	1	0	1	1	1	1	1	1	1	1	1	1	1	1	0	1	1	1	1	1	1
PG00759	0	0	0	0	0	0	0	1	0	0	0	0	1	0	1	0	0	0	0	0	0	1	0	0
PG00759b	1	0	0	0	0	1	0	0	0	0	0	0	1	0	1	1	0	0	0	0	0	1	0	1
PG00760	0	1	1	0	1	0	0	1	1	1	1	1	1	1	1	1	1	1	1	1	1	0	1	1
PG00761	1	0	0	0	1	1	0	0	1	1	1	1	1	0	1	0	0	1	1	1	0	1	1	1
PG00763	1	1	1	1	1	1	1	1	0	1	1	1	1	0	1	0	1	1	1	1	1	1	1	1
PG00764	1	1	0	1	1	1	1	1	1	1	1	0	1	1	1	1	1	1	1	1	1	1	1	1
PG00765	0	1	1	0	0	1	0	0	1	1	0	1	0	1	0	0	1	0	0	0	1	1	0	1
PG00766	1	1	0	1	1	0	0	0	0	1	0	1	1	1	1	1	1	1	0	0	1	1	0	1
PG00766b	0	1	1	1	1	0	1	1	1	0	0	1	0	1	1	1	0	1	1	0	0	0	0	1
PG00769	1	1	1	1	1	0	1	1	1	0	1	1	0	0	1	1	1	1	1	1	1	1	1	1
PG00769b	0	0	1	1	1	1	1	1	0	0	1	0	0	1	1	0	1	1	1	1	1	1	1	1
PG00770	1	1	1	1	1	1	1	1	1	1	1	1	1	1	1	1	1	1	1	1	0	1	1	1
PG00772	1	1	1	1	1	1	1	1	1	1	1	1	1	1	1	0	1	0	1	1	1	1	1	1
PG00773	1	1	1	1	1	1	1	1	1	1	1	1	1	1	1	1	1	1	1	0	1	1	1	1
PG00774	1	1	1	0	1	1	0	1	1	1	1	1	1	1	1	1	1	1	1	1	1	1	1	1
PG00775	1	1	1	0	1	1	1	1	1	1	1	1	1	1	1	1	1	1	1	1	1	1	1	0
PG00777	0	1	0	1	1	1	1	1	1	1	1	1	1	0	1	1	1	1	0	1	0	1	1	1
PG00778	1	1	1	1	1	0	1	1	1	1	1	1	0	1	1	1	1	1	1	1	1	1	1	1
PG00779	1	1	1	1	0	1	1	1	1	1	1	1	1	1	1	1	1	1	1	1	1	1	1	1
PG00780	1	1	1	1	0	1	1	1	1	1	1	1	1	1	1	1	1	1	1	1	1	1	1	1
PG00782	1	1	0	1	0	1	1	1	1	1	1	1	1	1	0	1	1	0	0	1	0	1	0	0
PG00783	1	0	1	1	1	1	1	1	1	1	1	1	1	1	1	1	1	1	1	1	1	1	1	1
PG00784	1	1	1	1	1	1	1	1	1	1	1	1	1	1	1	1	1	1	1	1	1	1	1	1
PG00785	1	1	1	0	1	1	1	1	1	1	1	1	1	1	1	1	1	1	1	1	1	1	1	1
PG00786	1	1	1	1	1	1	1	1	1	1	1	1	1	0	1	1	1	1	1	1	1	1	1	1
PG00787	1	1	1	1	1	1	1	1	1	1	1	1	1	1	1	1	1	1	1	1	0	1	1	1
PG00788	1	1	0	1	0	1	1	1	1	1	1	1	1	1	1	1	1	1	1	1	1	1	1	0
PG00789	1	1	1	1	1	1	1	1	1	1	1	1	1	1	1	1	0	0	1	1	1	1	1	0
PG00790	1	1	1	1	1	1	1	0	0	1	1	1	1	1	1	1	0	1	0	1	1	1	0	1
PG00792	1	1	1	1	1	1	1	0	1	1	1	1	1	1	1	1	1	1	1	1	1	1	1	1
PG00793	1	1	0	1	1	1	1	0	1	1	1	1	0	1	1	1	1	1	1	1	0	1	1	0
PG00794	0	0	0	1	0	1	0	0	0	0	0	1	0	0	0	0	0	0	0	0	0	0	0	0
PG00795	1	1	1	1	1	1	1	1	1	1	1	1	1	1	1	1	1	1	1	1	0	1	1	1
PG00796	1	1	1	1	1	0	1	1	1	1	1	1	1	1	1	1	1	1	1	1	1	1	1	1
PG00798	1	0	1	1	0	0	0	1	1	1	0	0	1	0	0	1	1	1	1	0	0	0	0	1
PG00799	1	1	1	1	1	1	1	1	1	1	1	1	1	1	0	1	1	1	1	1	1	1	1	0
PG00800	0	1	1	0	1	1	1	1	1	1	0	1	1	1	1	1	1	1	1	1	1	1	1	1
PG00802	1	0	1	0	0	0	0	0	0	1	1	1	1	0	1	0	1	1	0	1	1	1	1	1
PG00803	1	0	1	1	1	1	1	1	1	1	1	1	0	1	1	1	1	1	1	1	1	1	1	1
PG00804	0	0	1	0	1	0	1	0	0	0	0	0	0	1	1	0	1	1	0	0	1	0	1	0
PG00805	1	1	1	1	1	0	0	1	1	1	1	1	1	1	1	1	1	1	1	1	0	1	0	1
PG00806	1	1	0	1	1	1	1	1	1	1	1	1	1	1	1	1	1	1	1	1	1	1	1	1
PG00808	0	1	1	1	1	1	1	1	1	1	1	1	1	1	0	1	1	1	1	1	1	1	1	1
PG00810	1	1	1	1	1	1	0	1	0	0	1	1	1	0	0	1	1	1	1	0	1	1	1	1
PG00812	0	1	1	0	0	1	1	1	1	0	1	0	0	1	1	0	0	0	1	0	1	1	0	1
PG00813	0	0	0	1	1	1	1	1	0	0	1	1	1	1	0	1	1	1	0	1	1	0	0	0
PG00814	1	1	0	1	0	1	1	0	1	1	1	1	1	1	1	1	1	1	1	1	1	1	1	1
PG00815	1	1	1	1	1	1	1	1	0	0	1	1	1	1	0	1	1	1	1	1	0	1	1	0
PG00816	1	1	1	0	1	1	1	1	0	0	0	1	1	1	1	1	1	1	1	1	1	1	1	1
PG00817	0	1	1	1	1	1	0	1	1	1	1	1	0	1	0	1	1	1	1	0	0	1	0	1
PG00818	1	1	0	1	1	1	1	1	1	1	1	1	1	1	1	1	1	1	1	1	1	1	1	1
PG00820	1	1	1	0	1	1	1	1	1	1	1	1	1	1	1	1	1	1	1	1	1	1	1	1
PG00821	0	1	1	1	1	0	1	1	0	1	1	0	0	0	1	0	0	0	0	1	1	1	0	1
PG00822	0	0	0	1	1	0	0	0	0	0	1	0	1	0	1	0	0	0	0	0	1	1	0	1
PG00823	1	1	1	1	1	1	1	1	1	1	1	1	1	1	1	1	1	1	1	1	1	1	1	1
PG00824	1	1	0	1	0	0	1	0	1	1	0	1	0	1	1	1	1	0	1	1	0	0	1	1
PG00825	1	1	1	1	1	0	1	1	1	1	1	0	1	1	1	1	0	1	1	1	0	1	1	1
PG00826	1	1	1	1	1	1	1	1	1	1	1	1	1	1	1	1	1	1	1	1	1	1	1	1
PG00827	1	1	0	1	1	1	1	0	1	1	1	0	0	0	1	0	1	0	1	0	1	1	1	1
PG00829	0	0	0	0	1	0	1	1	0	1	0	1	0	1	1	0	1	1	0	0	1	0	0	0
PG00830	1	1	1	0	1	0	1	1	1	1	1	1	1	1	1	1	1	0	1	1	1	1	1	1
PG00833	1	1	1	1	1	1	1	0	1	1	1	0	1	0	1	1	1	1	0	1	1	0	0	0
PG00834	1	1	1	0	1	1	1	1	1	1	1	0	1	1	1	1	1	1	1	1	1	1	1	1
PG00835	1	1	1	1	1	1	1	1	1	1	1	1	1	1	1	1	1	1	1	0	0	1	1	1
PG00836	0	0	1	1	1	1	1	0	1	1	0	1	1	1	1	0	0	1	0	1	1	0	0	0
PG00837	1	1	1	0	0	1	1	0	1	0	1	0	0	1	1	1	1	1	0	1	1	1	1	1
PG00838	1	1	1	1	1	1	1	1	1	1	1	1	1	1	1	1	0	1	1	1	1	1	1	1
PG00840	1	0	1	1	1	1	1	1	1	1	1	1	1	1	0	1	1	0	1	1	1	1	1	1
PG00841	1	1	1	1	1	1	1	1	1	1	1	0	1	1	1	1	0	1	1	1	1	1	1	1
PG00843	1	1	1	1	1	1	1	1	1	1	1	1	1	1	1	1	1	1	1	1	1	1	1	1
PG00845	1	1	1	1	1	0	1	1	1	1	1	1	1	1	0	0	0	1	0	0	1	1	1	1
PG00846	1	1	1	1	1	1	1	1	1	1	1	0	1	1	1	1	1	1	1	1	1	1	1	1
PG00847	1	1	1	1	1	1	1	1	1	1	1	1	1	1	1	1	1	1	1	1	1	1	1	1
PG00848	1	1	1	1	0	1	1	1	1	1	1	1	1	1	1	1	1	1	1	0	1	1	1	0
PG00849	1	1	1	1	1	1	0	0	0	1	1	0	0	0	1	1	1	0	1	1	1	1	1	1
PG00850	1	1	1	1	1	1	1	1	1	1	1	1	1	1	1	1	1	1	0	1	1	1	1	1
PG00852	0	0	0	0	0	1	0	1	0	1	0	0	0	0	0	0	0	0	1	1	1	1	0	1
PG00853	0	0	0	0	1	1	0	0	1	0	0	0	0	1	0	1	0	1	1	1	0	1	1	0
PG00855	0	0	0	1	0	1	0	0	1	1	0	0	0	1	0	0	1	0	0	0	1	1	0	0
PG00856	1	1	1	1	1	1	1	1	1	1	1	1	1	1	1	1	1	1	1	1	1	1	1	0
PG00857	1	1	1	1	1	1	1	1	1	1	1	1	1	1	1	1	1	1	1	1	1	1	1	1
PG00860	1	1	1	1	1	1	1	1	1	1	1	1	1	1	1	1	1	1	1	0	1	0	1	1
PG00861	1	0	1	1	1	1	1	1	1	1	1	1	1	0	1	0	1	0	1	1	1	1	0	1
PG00862	1	1	1	1	1	1	1	1	0	1	1	1	1	1	1	1	1	1	1	1	1	1	1	1
PG00863	1	1	1	1	1	1	1	1	1	1	1	1	1	1	1	1	1	1	1	1	1	1	1	1
PG00865	1	0	1	0	1	0	0	1	0	1	1	0	1	1	1	1	0	0	0	0	0	0	1	0
PG00866	1	1	1	1	1	0	1	1	1	1	0	1	1	1	1	1	1	1	1	1	1	1	1	1
PG00867	1	1	1	1	1	1	1	1	1	1	1	1	1	1	1	1	1	1	1	1	1	1	1	1
PG00868	1	1	1	1	1	1	1	1	1	1	1	1	1	1	1	1	1	1	1	1	1	1	1	1
PG00869	1	0	1	1	0	1	1	1	0	1	0	0	1	1	1	0	0	1	0	0	0	1	1	1
PG00870	0	1	1	1	1	1	1	0	0	0	1	1	1	1	1	1	0	1	0	0	1	1	0	1
PG00871	1	1	1	1	1	1	1	1	1	1	1	1	1	1	1	1	1	1	0	1	1	1	1	1
PG00872	1	1	1	1	1	1	0	1	1	1	1	1	1	0	1	1	0	1	1	1	1	1	1	0
PG00872b	0	1	1	1	1	0	1	1	0	1	0	0	1	1	1	0	1	1	1	0	0	1	1	1
PG00873	1	0	1	1	1	1	1	1	1	1	1	1	1	1	1	1	1	1	1	0	1	1	0	0
PG00874	1	1	1	1	1	1	1	1	1	1	1	1	1	1	1	1	1	1	1	1	1	1	1	1
PG00875	1	0	0	0	1	0	0	1	1	0	0	0	0	1	1	0	1	1	0	0	1	1	0	0
PG00878	1	1	1	1	1	1	1	1	1	1	1	1	1	1	1	1	1	1	1	1	1	1	1	1
PG00879	1	0	1	1	1	1	1	0	0	0	0	0	1	0	0	0	0	0	0	0	0	0	0	0
PG00880	1	1	1	1	0	1	1	1	1	1	1	1	1	1	1	1	1	0	1	1	0	0	1	1
PG00881	1	1	1	1	1	1	1	1	1	1	1	1	1	1	0	1	1	1	1	1	1	1	1	1
PG00882	1	1	1	0	1	1	1	1	1	1	1	1	1	1	1	1	1	1	1	1	1	1	1	1
PG00883	1	1	1	1	0	1	1	1	1	0	1	0	1	1	1	1	0	1	1	1	1	1	1	1
PG00884	1	1	1	1	1	1	1	1	1	1	1	1	1	1	1	1	1	0	1	1	1	1	1	1
PG00886	1	1	1	1	1	1	0	0	0	0	1	1	1	1	1	0	0	0	1	0	1	1	1	0
PG00887	1	1	1	1	1	1	0	1	1	1	1	0	1	1	1	0	1	0	1	1	1	1	1	1
PG00888	1	0	1	0	1	1	1	1	1	1	1	1	1	1	1	1	1	1	1	1	1	1	1	1
PG00889	1	0	1	1	1	1	1	1	0	1	0	1	1	1	0	1	1	1	0	1	0	0	1	1
PG00891	1	1	1	1	1	1	1	1	1	1	1	1	1	1	1	1	1	1	1	1	1	1	1	1
PG00892	0	0	0	1	0	1	0	1	1	0	1	0	1	0	0	0	0	0	1	0	0	1	0	1
PG00893	1	1	1	1	1	1	1	1	1	0	1	1	1	1	1	1	1	1	1	1	1	1	1	1
PG00894	0	1	1	1	1	1	1	1	1	1	1	1	1	1	1	1	0	1	0	1	1	1	1	1
PG00895	1	1	1	1	1	1	1	1	1	1	1	1	1	1	1	1	1	1	1	1	0	1	0	1
PG00897	1	1	1	1	1	1	0	1	1	1	1	0	1	1	1	1	1	1	1	0	0	1	1	1
PG00897b	1	0	0	1	1	0	0	1	0	0	1	1	1	1	1	1	0	1	1	1	1	1	1	1
PG00898	1	1	1	1	1	1	1	1	1	1	1	1	1	1	1	1	1	1	1	1	1	0	1	1
PG00899	1	1	1	1	1	1	1	1	1	1	1	1	0	1	1	1	1	1	0	1	1	1	1	1
PG00900	1	0	1	1	0	1	1	1	1	0	1	1	1	1	1	1	0	1	1	1	1	1	1	1
PG00901	1	1	1	1	1	1	1	1	1	1	1	1	1	1	0	1	1	1	1	1	1	1	1	1
PG00902	1	1	1	0	0	0	1	1	1	0	1	1	1	0	1	1	1	1	1	0	1	1	1	0
PG00903	0	0	0	0	0	0	1	0	0	0	1	0	0	0	1	1	1	0	0	0	0	0	0	0
PG00904	1	1	0	0	0	0	0	1	0	1	0	0	0	0	1	0	1	1	0	0	0	0	1	0
PG00905	1	1	0	1	1	1	1	1	0	1	1	1	1	1	0	0	1	0	1	0	0	0	1	1
PG00906	0	1	1	1	1	1	1	1	1	1	1	1	0	1	1	0	1	1	0	1	1	1	1	1
PG00907	0	1	1	1	1	1	1	1	1	1	1	1	1	1	1	0	1	0	1	1	0	0	1	1
PG00908	1	1	1	1	1	1	1	1	1	1	1	1	1	1	1	1	1	0	1	1	1	1	1	1
PG00909	1	0	1	1	1	1	1	1	1	1	1	1	0	1	0	0	1	1	1	1	1	1	0	1
PG00910	0	1	1	1	0	1	0	0	1	0	1	1	1	1	1	1	1	1	1	1	1	1	1	1
PG00911	1	1	1	1	1	1	1	1	1	1	1	1	1	1	1	1	1	1	1	1	1	1	1	1
PG00912	1	1	1	1	1	1	1	1	1	1	1	1	0	0	1	1	0	1	1	1	0	1	1	1
PG00914	0	0	0	1	1	0	1	1	1	1	0	0	0	1	1	1	1	1	1	0	0	1	0	0
PG00915	0	1	1	1	0	0	1	1	1	0	0	1	1	1	1	0	1	1	1	0	0	0	0	0
PG00916	1	1	1	1	1	1	1	1	1	1	1	1	1	1	1	1	1	1	1	1	1	1	1	1
PG00917	0	0	0	0	0	0	0	0	0	0	0	1	1	0	0	0	1	0	1	0	1	0	0	0
PG00918	1	0	1	1	1	1	1	0	1	1	1	1	1	0	1	0	1	1	1	1	1	1	1	1
PG00919	1	0	0	0	0	1	0	0	1	0	0	0	1	1	0	1	0	0	0	0	1	0	0	1
PG00921	1	1	1	1	1	1	1	1	1	1	1	1	1	1	1	0	1	1	1	1	1	1	1	1
PG00922	1	0	1	0	0	0	1	1	0	1	1	1	1	1	1	0	1	1	1	0	1	1	1	1
PG00923	0	1	1	1	1	0	1	1	1	1	0	1	1	1	0	0	1	0	1	0	1	1	1	0
PG00924	1	1	1	1	0	1	1	1	1	0	1	1	1	1	0	0	0	1	0	1	1	1	1	1
PG00925	1	1	1	1	1	1	1	1	1	1	1	1	1	1	1	1	1	1	1	1	1	1	1	1
PG00926	1	1	1	1	1	1	1	1	1	1	1	1	1	1	1	1	1	1	1	1	1	1	0	1
PG00927	1	1	1	1	1	0	1	1	1	1	1	1	0	0	1	1	0	1	1	1	1	0	1	1
PG00929	1	1	1	1	1	1	1	1	1	1	1	1	1	0	1	1	1	1	1	0	1	1	1	0
PG00930	0	0	1	1	1	1	1	1	1	1	0	0	1	1	1	0	1	1	1	1	0	1	0	0
PG00931	1	1	0	1	1	1	0	1	1	0	0	0	1	1	0	0	0	1	1	1	0	0	1	0
PG00932	1	1	1	1	1	0	0	1	1	0	1	0	1	0	1	1	0	1	0	1	1	0	1	1
PG00934	1	1	1	1	1	1	1	1	1	1	1	1	0	1	1	1	1	1	1	1	1	0	1	1
PG00935	0	1	1	0	1	0	0	1	1	0	0	0	1	0	1	1	0	1	0	1	1	1	1	1
PG00936	1	1	1	1	1	1	1	1	1	1	1	1	1	1	1	1	1	1	1	1	0	1	1	1
PG00937	1	1	1	1	1	1	1	0	1	1	1	1	1	0	0	1	1	1	1	1	1	1	1	1
PG00938	1	1	1	1	1	1	1	1	1	1	1	1	1	1	1	1	1	1	1	1	1	1	1	1
PG00939	1	0	1	1	0	1	0	1	1	1	1	1	1	1	1	1	1	0	1	1	1	1	1	1
PG00941	1	1	1	1	1	1	0	1	1	1	1	1	1	1	1	1	1	1	1	1	1	1	1	1
PG00942	1	1	1	1	1	1	1	1	1	0	1	1	1	1	1	1	1	1	1	1	1	1	1	1
PG00943	1	1	1	1	1	1	1	1	1	1	1	1	1	1	1	1	1	1	1	1	1	1	1	1
PG00947	1	1	1	1	1	1	0	1	1	1	1	1	0	1	0	1	1	1	0	1	1	1	1	1
PG00948	1	1	0	1	0	1	1	1	1	1	1	1	1	1	1	0	1	1	0	1	1	0	1	0
PG00949	0	1	1	1	1	0	1	1	1	1	1	1	0	1	1	0	1	0	0	1	1	1	0	1
PG00951	0	1	1	1	1	0	0	1	1	0	1	1	0	0	0	1	1	1	1	1	1	1	1	1
PG00952	1	1	1	0	0	1	1	1	1	1	0	1	1	1	1	1	1	1	0	1	0	0	1	1
PG00953	1	1	1	0	1	0	1	1	1	0	1	0	1	0	0	1	0	1	0	1	0	1	1	0
PG00954	1	1	1	0	0	0	1	0	1	0	0	1	0	0	0	1	0	0	0	1	0	1	0	1
PG00955	1	0	1	0	0	0	0	0	1	0	0	0	0	0	0	0	0	0	0	0	0	0	1	0
PG00956	1	1	1	1	1	1	1	1	1	1	1	1	1	1	1	1	1	1	1	1	1	1	1	1
PG00957	1	1	1	1	1	1	1	1	1	1	1	1	1	1	1	1	1	1	1	1	1	1	1	1
PG00959	1	1	0	0	1	1	1	1	1	1	0	1	0	0	1	0	1	1	0	1	0	1	1	1
PG00960	0	1	1	1	1	1	0	0	1	1	1	0	1	1	1	1	0	1	1	1	0	1	1	0
PG00961	0	1	1	1	1	0	1	1	1	0	1	1	1	1	1	1	0	1	1	0	0	1	1	0
PG00962	0	1	1	1	1	1	1	1	1	1	1	1	1	1	1	1	1	1	1	1	1	0	1	1
PG00963	1	0	1	1	1	0	1	1	1	1	1	1	1	1	1	1	1	1	0	1	1	1	1	1
PG00964	1	1	1	1	1	1	1	1	1	1	1	1	1	1	1	1	1	1	1	1	1	0	1	1
PG00965b	1	0	1	1	0	0	0	0	0	0	0	0	0	0	0	0	0	1	0	0	0	0	0	0
PG00966	0	1	1	0	1	0	0	1	1	0	0	1	0	0	0	0	1	0	0	1	0	1	0	0
PG00967	1	1	1	1	1	1	0	1	1	1	1	1	1	1	1	1	1	1	1	1	1	1	1	1
PG00968	1	1	1	1	1	0	1	1	1	1	1	1	1	1	1	1	1	1	0	1	1	1	1	1
PG00969	1	1	1	1	1	1	1	1	1	1	1	1	1	0	1	1	1	1	1	1	1	1	0	1
PG00971	1	1	1	1	1	1	1	1	1	1	1	1	1	1	1	1	1	1	0	1	1	1	1	1
PG00972	1	1	1	1	1	1	1	1	0	1	1	1	1	1	0	1	1	1	1	1	1	1	1	0
PG00973	1	1	1	1	1	1	1	1	1	1	1	1	1	1	1	1	1	1	1	1	1	1	1	1
PG00974	1	1	1	1	0	1	1	1	1	1	1	1	1	1	1	1	1	1	0	1	1	1	1	1
PG00975	1	1	0	0	1	1	1	1	1	1	1	0	0	1	1	0	1	1	0	0	1	0	1	0
PG00976	1	1	1	1	1	1	1	1	1	1	1	1	1	1	1	1	1	1	0	1	1	1	1	1
PG00977	1	1	1	1	1	1	1	0	1	1	1	1	1	1	1	0	0	1	1	0	1	1	1	1
PG00977b	1	1	1	1	1	1	1	1	1	1	1	1	1	1	1	1	1	1	1	1	1	1	1	1
PG00978	0	1	0	0	1	1	0	0	0	0	1	0	0	0	0	0	0	0	0	1	0	1	0	0
PG00979	1	1	1	1	1	1	1	1	1	1	1	1	0	1	1	1	1	1	1	1	1	1	1	1
PG00980	1	1	1	1	1	1	0	1	1	0	1	1	1	1	1	1	0	1	1	0	1	0	1	1
PG00981	1	1	1	1	1	1	1	1	1	1	1	0	1	1	1	1	1	1	1	1	1	1	0	1
PG00985	0	0	1	1	1	0	0	1	1	1	1	1	1	1	0	0	1	1	1	1	0	1	1	1
PG00986	1	1	1	1	1	1	1	1	0	1	1	1	1	1	1	0	1	1	1	1	1	1	0	1
PG00987	1	1	0	1	1	1	0	1	0	0	1	1	1	0	1	1	0	0	0	1	0	1	1	1
PG00988	1	1	1	0	1	0	0	0	1	1	1	1	0	0	1	0	1	1	1	1	1	1	1	1
PG00990	1	1	1	1	1	1	1	1	1	0	0	1	0	1	0	1	1	1	1	1	1	1	1	1
PG00990b	1	1	1	1	0	1	0	0	1	0	1	0	0	0	0	0	0	0	0	1	1	1	1	0
PG00992	1	1	1	1	1	1	1	1	1	1	1	1	1	1	0	1	1	1	0	1	1	1	1	1
PG00993	1	1	1	1	1	1	1	1	1	1	1	1	1	1	1	1	1	1	0	1	0	1	1	1
PG00995	1	1	1	1	0	1	1	1	1	1	1	1	0	1	1	1	1	1	1	1	0	1	1	1
PG00997	1	1	1	1	1	1	1	1	1	0	1	1	1	1	1	1	1	1	1	1	1	1	1	1
PG01000	1	1	1	1	1	0	1	0	1	1	1	0	1	1	1	1	1	1	1	0	1	1	1	1
PG01001	0	0	1	1	0	1	1	1	1	0	1	1	1	1	0	1	1	1	1	0	1	1	1	0
PG01002	1	0	0	0	1	1	0	0	0	1	1	0	0	1	1	0	0	0	0	0	0	0	0	0
PG01002b	1	0	0	0	1	0	0	0	0	1	0	1	0	0	0	0	0	0	0	0	1	0	0	1
PG01003	1	1	1	1	1	1	1	1	1	1	1	1	1	1	1	1	1	1	1	1	1	1	1	1
PG01004	1	1	1	0	1	0	1	1	1	1	1	1	1	1	1	1	1	1	0	0	1	0	1	0
PG01005	1	1	1	1	1	1	1	1	1	1	1	1	1	1	1	1	1	1	0	1	1	1	1	1
PG01006	0	0	0	1	0	1	1	0	1	1	0	0	0	0	0	0	0	0	0	0	0	0	1	0
PG01006b	0	1	1	1	1	1	1	1	0	1	1	0	0	1	1	0	0	0	0	0	0	0	0	1
PG01007	1	0	0	0	0	0	1	0	1	1	0	1	0	1	0	0	1	0	0	0	1	1	0	1
PG01008	0	1	1	1	1	0	0	1	1	1	1	1	0	0	0	0	0	0	1	0	0	0	1	0
PG01009	0	1	1	1	0	1	1	1	0	1	1	1	1	1	1	1	1	1	1	1	1	0	1	0
PG01010	1	1	1	1	1	1	1	1	1	1	1	1	1	1	1	1	1	1	1	1	1	1	1	1
PG01011b	0	1	1	1	1	0	0	0	0	1	0	1	0	0	0	0	1	0	0	1	0	0	0	0
PG01012	1	1	1	1	1	1	1	1	0	1	1	0	1	1	1	1	1	1	1	1	1	1	0	1
PG01013	1	1	0	0	0	1	0	0	0	1	0	0	0	1	0	1	0	1	1	1	1	1	0	1
PG01015	1	1	1	1	0	0	1	1	0	0	0	1	1	1	1	1	1	1	1	1	1	1	1	1
PG01016	1	1	1	1	1	1	1	1	1	1	1	0	1	1	1	1	1	1	1	1	0	1	0	0
PG01017	0	1	1	0	0	1	1	1	1	1	1	1	1	1	1	1	1	0	0	1	1	1	1	1
PG01019	1	1	1	1	1	1	1	1	1	1	1	1	1	1	1	1	1	1	1	1	0	1	1	1
PG01020	1	1	1	1	0	1	1	1	1	1	0	1	1	1	1	0	1	1	1	0	1	1	0	1
PG01021	1	1	1	1	1	1	1	1	1	1	1	1	1	1	1	1	1	1	1	0	1	1	1	1
PG01022	1	1	1	1	1	1	1	1	1	1	1	1	1	1	1	1	1	1	1	1	1	1	1	1
PG01023	1	1	1	1	1	1	1	1	1	1	1	1	1	1	1	1	1	1	1	1	1	1	1	1
PG01024	0	1	1	0	1	0	0	0	1	0	0	0	0	0	0	0	1	0	0	1	1	0	0	0
PG01026	1	1	1	1	1	1	1	1	1	1	1	1	1	1	1	1	1	1	1	1	1	1	1	1
PG01027	0	0	1	0	0	0	0	1	0	0	0	0	0	1	1	0	0	0	0	1	0	0	1	0
PG01028	1	0	1	1	1	1	1	1	1	1	1	1	1	1	1	1	1	1	1	1	1	1	1	1
PG01029	1	1	1	1	1	1	1	1	1	1	1	1	1	1	1	1	0	1	1	1	1	1	1	1
PG01030	0	0	1	1	1	1	1	1	0	1	0	0	0	1	1	0	1	0	0	1	0	1	1	1
PG01031	1	1	1	1	1	1	0	1	1	1	1	1	1	0	1	1	1	1	1	1	1	1	0	1
PG01032	0	0	1	1	1	1	1	1	1	1	1	0	1	1	1	1	0	0	1	1	1	1	1	1
PG01033	0	1	1	1	1	1	0	1	1	1	1	1	1	1	1	0	1	1	1	0	1	1	1	1
PG01034	1	1	1	0	1	1	1	1	1	0	1	0	1	1	1	1	1	1	1	1	1	1	1	1
PG01035	1	1	1	1	1	1	1	0	1	1	0	1	1	1	1	1	1	1	1	1	1	1	1	1
PG01036	1	1	0	1	1	1	1	1	1	1	1	1	1	1	1	1	1	1	1	1	1	1	1	1
PG01037	1	0	1	0	0	0	0	1	0	1	0	1	1	0	0	1	0	1	0	1	0	0	0	0
PG01038	1	1	1	1	1	1	1	1	1	1	1	1	1	0	0	1	1	1	1	1	1	0	1	1
PG01039	1	1	1	1	1	1	1	1	1	0	1	1	1	1	1	1	1	1	0	0	1	1	0	1
PG01040	0	0	0	0	0	0	0	0	0	0	1	0	0	1	1	0	0	1	1	0	0	0	0	0
PG01041	1	0	0	1	0	1	1	1	1	1	1	1	1	1	1	1	1	1	1	1	1	0	1	1
PG01042	0	0	1	1	1	1	1	0	1	1	1	0	1	1	1	1	1	1	1	1	1	1	1	1
PG01043	1	1	1	1	1	1	1	1	1	1	1	1	0	1	1	1	1	1	1	1	1	1	1	1
PG01044	1	1	1	1	1	1	1	1	1	1	1	1	1	1	1	1	1	1	1	1	1	1	1	1
PG01046	1	0	0	1	0	0	1	1	0	0	1	0	0	0	1	0	1	1	0	1	1	1	0	0
PG01046b	0	1	1	0	0	0	0	0	1	0	0	0	1	1	0	0	0	0	0	0	0	0	0	0
PG01047	1	0	1	1	0	1	1	1	1	1	1	1	1	1	1	1	0	1	1	0	1	1	0	1
PG01049	1	1	0	1	0	1	0	1	0	0	1	0	1	0	0	1	1	0	1	1	1	0	1	0
PG01050	1	1	1	1	1	1	1	1	1	1	1	1	1	1	1	1	1	1	1	1	1	1	1	1
PG01052	1	1	0	1	1	1	1	1	1	1	1	1	1	1	1	1	1	1	1	1	1	1	1	1
PG01053	1	0	1	1	1	1	0	0	0	1	1	1	0	1	1	1	1	0	1	0	0	1	1	1
PG01054	1	1	0	1	1	1	1	1	1	1	0	1	1	1	1	1	1	1	1	1	1	1	1	1
PG01055	0	1	1	1	0	1	1	1	0	1	0	0	1	0	0	1	0	0	1	0	1	1	1	0
PG01056	0	0	1	0	1	0	0	1	0	0	1	0	1	0	0	0	0	0	1	1	1	1	1	1
PG01058	0	1	1	1	1	1	1	1	1	1	0	1	1	1	1	1	0	1	1	0	1	1	0	1
PG01060	0	1	1	0	1	1	1	1	0	1	0	1	1	0	0	1	1	1	1	1	0	0	1	1
PG01061	0	1	0	0	1	1	0	0	0	0	0	1	0	0	0	0	0	1	1	1	0	0	1	1
PG01062	1	1	1	1	1	0	0	1	1	0	1	0	0	0	1	0	0	1	0	1	1	1	1	1
PG01064	1	1	0	1	0	1	1	1	0	0	1	1	1	0	1	0	1	1	0	1	1	1	1	1
PG01066b	0	1	0	0	1	0	0	0	0	0	0	0	1	0	1	0	0	0	0	0	1	1	0	0
PG01067	1	1	1	1	1	1	1	1	1	1	1	1	0	1	1	1	1	1	1	1	1	1	1	1
PG01068	1	1	1	0	1	1	1	1	1	1	1	1	1	1	1	1	1	1	1	1	1	1	1	1
PG01068b	0	1	1	0	1	0	0	0	0	1	0	0	0	0	1	0	1	0	0	0	0	1	1	0
PG01069	1	1	1	1	1	1	1	1	1	1	1	0	1	1	1	0	0	1	1	1	1	1	1	0
PG01070	1	1	1	1	0	1	1	1	1	1	1	0	1	1	1	1	1	0	1	1	1	1	1	1
PG01071	1	0	0	1	1	1	1	1	1	1	1	0	1	1	1	1	1	1	1	0	0	0	1	0
PG01072	1	0	1	0	0	0	1	1	0	1	1	1	0	1	0	1	1	0	0	1	0	1	1	1
PG01073	1	1	1	1	1	0	1	0	1	0	1	1	1	1	1	0	1	0	1	1	1	1	1	1
PG01074	1	1	1	1	1	1	0	1	1	0	1	1	1	1	1	1	1	0	1	1	1	1	1	1
PG01075	1	1	0	0	1	1	1	1	1	1	1	1	1	1	1	1	0	1	1	0	1	1	1	1
PG01076	1	1	1	1	1	1	1	1	1	1	1	1	1	1	1	1	0	1	1	0	1	1	1	1
PG01077	1	1	1	1	1	1	1	0	1	1	1	1	1	1	1	1	1	1	1	1	1	1	1	1
PG01078	1	1	1	1	1	1	1	1	1	1	1	1	1	1	1	1	1	1	0	1	1	1	1	1
PG01079	1	1	1	1	1	1	1	1	1	1	1	1	1	1	1	1	1	1	1	1	1	1	1	1
PG01081	1	1	1	1	1	1	1	1	1	1	1	1	1	1	1	1	1	1	1	1	1	1	1	1
PG01082	1	1	1	1	0	1	1	1	1	1	1	1	1	1	1	1	1	0	1	1	1	1	1	1
PG01084	1	0	0	1	1	0	0	0	0	1	0	0	0	0	0	0	0	0	0	0	1	0	0	0
PG01085	1	1	1	1	0	1	1	1	1	1	1	1	1	1	1	1	1	1	1	1	1	1	1	1
PG01086	1	0	1	1	1	1	1	1	1	1	1	0	1	1	1	1	1	1	0	1	0	1	1	0
PG01087	0	1	0	0	1	0	1	1	0	1	0	0	0	1	1	0	1	0	0	1	1	0	0	0
PG01088	1	1	1	0	1	1	1	1	1	0	0	0	0	1	1	1	0	1	0	1	0	0	1	1
PG01089	1	0	0	0	1	0	0	0	0	0	1	0	0	0	1	1	0	0	0	1	0	1	1	1
PG01090	0	1	1	1	0	0	1	0	1	0	1	0	1	1	1	0	0	0	1	0	0	1	0	1
PG01091	1	1	0	1	1	1	0	1	1	1	0	1	1	1	0	1	1	0	1	1	1	1	1	1
PG01092	1	1	1	1	1	1	1	1	1	1	1	1	1	1	1	1	1	1	1	1	0	1	1	1
PG01093	1	1	1	1	1	1	1	0	1	1	1	1	1	1	1	1	1	0	1	1	1	1	1	1
PG01094	0	0	0	1	1	0	0	1	0	1	0	0	0	0	0	0	0	0	0	0	0	0	0	1
PG01094b	1	1	1	0	0	1	0	0	0	1	0	1	0	0	1	0	0	1	1	0	0	0	0	0
PG01095	1	1	1	1	1	1	1	1	1	1	1	1	1	1	1	1	1	1	1	1	1	1	1	1
PG01096	1	1	1	1	0	1	1	1	1	1	0	1	1	1	1	1	1	0	0	0	1	1	1	1
PG01097	1	1	1	1	1	1	1	1	1	1	1	1	1	1	1	1	1	1	1	0	0	1	1	0
PG01098	1	1	1	1	1	1	1	1	1	1	1	1	1	1	1	1	1	1	0	1	1	1	1	0
PG01099	1	0	1	0	0	0	1	1	0	0	1	0	0	0	0	0	1	0	1	0	1	0	0	1
PG01100	1	1	1	1	1	0	1	1	0	1	1	1	1	0	0	1	1	1	1	1	1	0	1	1
PG01101	1	1	1	1	0	1	1	1	1	1	1	1	1	1	0	1	1	1	0	1	1	1	1	0
PG01103	1	1	1	1	1	1	1	1	1	1	1	1	1	1	1	1	1	0	1	1	1	1	1	1
PG01104	1	1	1	1	1	1	0	0	1	1	1	0	1	1	1	1	1	1	1	1	1	1	1	1
PG01105	0	1	1	1	1	1	1	1	1	1	1	1	1	1	1	1	1	1	1	0	1	1	1	1
PG01106	0	1	0	1	0	1	1	1	0	0	1	0	1	0	1	1	0	0	0	0	1	0	1	1
PG01108	1	1	1	1	1	1	1	1	1	1	1	0	1	1	1	0	1	1	1	1	1	1	1	1
PG01108b	0	0	0	0	0	1	0	0	0	1	1	0	0	0	0	0	0	0	0	0	0	0	0	0
PG01109	1	1	1	1	1	1	1	0	0	1	1	1	1	1	1	1	0	1	0	1	0	1	0	1
PG01110	1	1	1	1	1	1	1	1	1	1	1	0	1	1	1	1	1	1	0	1	1	1	1	1
PG01111	1	1	1	1	1	1	1	1	1	1	1	1	1	1	1	1	1	1	1	1	1	1	1	1
PG01112	1	0	1	1	1	0	1	0	1	0	1	0	0	1	1	0	1	1	0	0	0	0	0	0
PG01113	0	0	1	1	0	0	1	1	1	1	1	1	1	1	1	1	1	0	0	1	1	0	1	1
PG01114	1	1	1	1	1	1	1	1	1	1	1	0	1	1	1	1	1	1	1	1	1	1	1	1
PG01115	1	1	1	1	0	1	1	1	1	1	1	1	0	1	0	1	1	0	0	1	0	1	1	1
PG01117	0	0	1	0	0	0	0	0	0	0	0	0	1	0	0	1	1	1	1	1	0	0	0	0
PG01119	1	1	1	1	0	1	1	1	1	1	1	1	1	1	1	1	1	1	1	1	1	1	1	1
PG01120	1	0	1	0	1	1	0	0	1	0	1	1	0	0	1	1	0	1	1	1	1	1	1	1
PG01121	1	1	1	1	0	1	1	1	1	1	0	1	1	1	1	1	1	1	1	1	1	1	1	1
PG01122	1	1	1	1	1	1	1	1	1	1	1	1	1	1	1	1	0	1	1	1	1	1	1	1
PG01123	1	1	1	1	1	1	1	1	1	0	1	1	1	1	1	1	1	1	1	1	1	1	1	1
PG01124	1	1	1	1	1	1	1	0	0	1	1	1	1	0	0	1	1	1	0	1	1	0	1	1
PG01125	0	1	1	0	1	0	1	1	0	0	1	0	1	1	0	0	0	0	0	0	0	0	0	0
PG01126	1	1	1	1	1	1	1	1	1	1	1	1	1	1	0	0	1	1	1	1	1	1	1	1
PG01127	1	1	1	1	1	1	1	1	1	1	1	1	1	1	1	0	1	1	1	1	1	1	1	1
PG01130	1	0	1	1	1	1	1	1	1	1	1	1	1	1	1	1	1	1	1	1	1	1	1	1
PG01131	1	1	1	1	1	1	1	1	1	0	1	1	1	1	1	1	1	1	1	1	1	1	1	1
PG01132	1	1	1	0	0	0	0	0	0	0	0	0	0	0	1	1	0	1	0	0	0	1	1	1
PG01132b	0	0	1	1	1	1	1	1	1	1	0	1	1	0	1	0	1	0	1	1	1	1	1	1
PG01133	1	1	1	0	1	1	1	1	0	1	1	0	1	1	0	0	1	1	1	1	1	1	1	1
PG01134	1	1	1	0	0	1	1	1	1	1	1	1	1	1	1	1	1	1	0	0	1	1	1	0
PG01135	1	1	1	1	1	1	1	1	1	1	0	1	1	0	1	1	1	1	1	1	1	1	1	1
PG01136	1	0	1	0	1	1	1	1	1	0	1	1	1	0	1	0	0	1	1	1	1	1	1	0
PG01137	1	1	1	1	1	0	1	1	1	1	1	1	1	1	1	0	1	1	1	1	1	0	1	1
PG01138	0	1	1	1	1	0	1	1	1	1	1	1	0	1	1	1	1	1	1	1	1	1	1	1
PG01139	1	0	1	1	1	1	0	0	1	0	0	1	0	0	1	1	0	1	1	1	0	1	0	0
PG01140	1	1	1	1	1	1	1	1	1	1	1	1	1	1	0	1	1	1	1	1	1	1	1	1
PG01141	1	0	0	1	1	1	0	1	1	1	1	1	1	0	1	1	1	1	1	0	1	1	1	0
PG01142	1	0	1	1	1	1	1	1	1	1	1	1	1	1	0	1	1	1	0	1	1	1	1	1
PG01143	0	1	1	0	1	0	1	1	1	1	1	0	0	0	1	1	0	1	0	0	1	0	1	1
PG01144	0	0	0	0	0	0	0	0	0	0	0	0	1	0	0	1	0	1	0	0	0	0	0	0
PG01145	1	1	1	1	1	1	1	1	1	1	1	1	0	1	1	1	1	1	1	1	1	1	1	1
PG01146	1	1	1	1	1	1	1	1	1	1	1	1	1	1	1	1	1	1	1	1	1	1	1	1
PG01147	1	1	1	1	1	1	1	1	0	1	1	1	1	1	1	1	1	1	1	1	1	1	1	1
PG01148	1	1	0	1	1	1	1	1	1	0	1	0	1	1	1	1	1	1	0	1	1	1	1	1
PG01149	1	0	0	0	0	0	1	1	0	0	0	1	0	1	1	0	0	0	1	0	1	1	0	1
PG01150	1	1	1	1	1	1	1	1	1	1	1	1	1	1	1	1	1	1	1	1	1	1	1	1
PG01154	1	0	0	1	1	1	1	1	1	1	1	0	1	1	1	0	1	1	0	0	1	0	1	1
PG01155	1	1	1	1	1	0	0	1	0	0	1	1	1	1	1	1	0	1	1	1	1	1	0	0
PG01156	1	1	1	1	0	1	1	1	1	1	1	1	1	1	1	1	1	0	1	1	1	1	1	1
PG01157	0	1	1	0	1	0	1	1	0	0	1	0	1	0	0	0	1	0	0	0	0	1	0	0
PG01157b	1	1	0	0	0	1	1	1	1	1	1	0	0	1	0	0	0	1	1	0	1	0	0	1
PG01159	1	1	1	1	1	0	1	1	1	1	1	0	1	1	1	1	1	1	1	1	1	1	1	1
PG01161	0	1	1	1	1	1	1	1	1	1	1	1	1	1	1	1	1	1	1	1	1	1	1	1
PG01162	1	1	1	1	1	1	1	1	1	1	1	1	1	1	1	1	1	1	0	1	1	1	0	1
PG01164	1	1	1	1	1	1	1	1	1	1	1	1	1	1	0	1	1	1	1	1	1	0	1	1
PG01165	1	1	1	1	1	1	1	0	1	0	1	1	1	1	1	1	1	1	1	1	1	0	1	1
PG01165b	1	0	1	0	1	1	1	1	0	1	1	1	0	1	1	1	1	1	1	1	1	1	1	1
PG01166	1	1	1	1	1	1	1	1	1	1	1	1	1	1	1	1	1	1	1	1	1	1	1	1
PG01168	1	1	1	0	1	1	1	0	1	1	1	1	1	1	1	1	1	0	1	1	1	1	1	0
PG01169	1	0	1	1	1	1	1	1	1	1	1	1	0	1	0	0	1	1	1	1	1	1	1	0
PG01169b	0	1	1	1	1	1	1	0	1	1	1	1	1	0	1	1	1	1	0	1	1	1	1	1
PG01170	1	1	1	1	1	1	1	1	1	1	1	1	1	1	1	1	1	1	1	1	1	1	1	1
PG01171	1	1	1	0	0	1	1	1	1	1	1	1	1	0	1	1	0	1	1	0	1	0	1	1
PG01173	1	1	1	0	0	0	0	1	1	1	1	0	1	0	0	1	1	1	1	0	0	0	0	1
PG01174	1	0	1	1	1	1	0	1	0	1	1	1	1	1	1	1	1	1	1	1	1	0	0	1
PG01176	0	0	1	0	1	0	0	1	1	0	1	1	0	0	1	0	0	0	0	0	0	0	0	1
PG01177	1	1	1	1	1	1	1	1	1	1	1	1	1	1	1	1	1	1	1	1	1	1	1	1
PG01178	1	1	1	1	1	1	0	1	1	1	1	1	1	1	1	1	1	1	1	1	1	1	1	1
PG01179	1	1	1	0	1	1	1	1	1	1	1	1	1	1	1	0	1	0	1	1	1	1	1	1
PG01182	1	1	1	1	1	0	1	1	0	1	1	1	1	1	1	1	1	1	1	0	1	0	1	0
PG01182b	1	1	0	1	0	0	1	0	0	0	1	0	1	1	1	1	1	1	1	1	1	1	1	1
PG01183	1	1	0	1	0	0	0	1	0	1	1	1	0	1	1	0	0	0	1	0	1	0	0	0
PG01184	1	1	1	1	1	1	1	1	0	1	1	1	1	1	1	1	1	1	1	1	1	1	1	1
PG01185	1	1	0	1	0	0	1	1	1	1	1	0	1	0	1	0	1	0	1	1	0	0	1	0
PG01186	1	1	1	0	0	1	1	1	1	1	1	1	1	1	1	1	0	1	1	0	0	0	1	0
PG01187	1	1	1	0	0	1	1	0	1	1	1	1	0	1	0	0	0	1	1	1	0	1	1	0
PG01188	1	1	1	1	1	1	1	0	1	1	1	1	1	1	0	1	1	1	1	0	0	1	1	0
PG01189	1	1	1	1	0	1	1	1	1	1	1	1	1	1	0	1	1	1	1	1	1	1	1	1
PG01190	1	1	1	1	1	1	1	1	1	1	1	1	1	0	1	1	1	0	1	1	1	1	0	1
PG01191	1	1	0	0	0	0	0	1	0	0	0	1	0	1	0	1	1	1	1	1	1	1	1	0
PG01192	0	0	0	0	0	1	0	0	0	0	1	1	1	0	0	0	0	0	0	1	0	0	0	0
PG01193	1	0	0	0	0	1	0	0	1	0	0	0	1	1	0	1	0	1	0	1	1	1	0	0
PG01194	0	1	1	1	1	1	1	1	1	1	1	0	1	1	1	1	1	0	1	1	1	1	1	1
PG01196	1	1	1	1	1	1	1	1	1	1	1	1	1	1	1	1	1	1	1	1	1	1	1	0
PG01197	1	0	0	1	1	1	1	1	1	1	1	0	1	1	1	1	1	0	1	1	1	1	1	1
PG01198	1	1	1	1	1	1	1	1	1	1	1	0	1	1	1	1	1	1	1	1	1	1	1	1
PG01199	1	1	1	1	1	0	1	1	1	0	1	1	1	1	0	0	1	1	1	1	1	1	1	1
PG01200	1	1	1	1	1	1	1	1	0	1	1	1	1	1	1	1	1	1	1	1	1	1	1	1
PG01202	1	1	1	1	1	1	1	1	1	1	1	1	1	1	1	1	1	1	1	1	1	0	1	1
PG01205	1	1	1	1	1	1	1	1	1	1	1	1	0	1	1	0	1	0	1	1	1	1	1	1
PG01207	1	1	1	1	1	1	1	1	1	1	0	1	0	1	1	1	1	1	1	0	1	0	1	1
PG01209	1	1	1	1	1	1	1	1	1	1	1	1	0	1	1	1	1	1	1	1	1	1	1	1
PG01210	1	0	1	1	1	1	1	1	1	1	1	1	1	1	1	0	1	1	1	1	1	1	1	1
PG01211	0	1	0	0	0	1	0	0	0	1	0	0	0	0	0	1	0	0	1	1	1	0	1	0
PG01211b	1	1	1	1	0	0	0	1	0	1	1	1	1	1	1	0	1	0	1	1	1	0	1	1
PG01213	1	1	1	1	1	1	1	1	1	1	1	1	1	1	1	1	1	1	1	1	1	1	1	1
PG01215	1	1	1	1	1	1	1	1	1	0	1	1	1	1	1	1	1	1	1	1	1	1	1	1
PG01216	1	1	1	1	1	1	1	1	1	1	1	1	1	1	1	1	1	1	1	1	1	1	1	1
PG01217	1	1	1	1	0	1	1	1	1	1	1	1	1	1	1	1	1	1	1	1	1	1	0	1
PG01220	1	1	1	1	1	1	1	1	1	1	1	1	1	1	1	1	1	0	1	1	1	1	0	1
PG01222	0	1	0	1	0	0	1	0	1	1	1	0	1	0	1	0	0	0	1	1	0	0	1	1
PG01222b	1	1	0	1	1	1	0	1	1	0	1	1	0	1	0	1	0	1	1	0	1	1	0	1
PG01223	1	1	1	1	1	1	1	1	1	0	1	1	1	1	1	1	1	0	1	0	0	0	0	1
PG01224	1	0	0	1	1	1	1	1	1	1	1	0	1	1	1	1	1	1	1	1	1	1	1	0
PG01225	1	1	1	1	1	1	0	1	1	1	1	1	1	1	1	1	1	0	0	0	1	1	1	1
PG01230	1	1	1	1	1	1	0	0	1	1	1	0	0	1	1	1	0	0	1	1	1	1	1	0
PG01231	1	1	0	1	1	1	1	1	1	1	1	1	1	1	1	1	1	1	1	1	1	1	1	1
PG01232	1	0	1	1	1	1	0	1	1	1	0	1	1	0	1	1	0	1	1	1	1	1	0	1
PG01233	1	1	1	1	1	1	1	1	1	0	1	1	1	1	1	1	1	1	1	1	1	1	0	1
PG01234	1	1	1	1	1	1	1	1	1	1	1	0	1	1	1	1	1	1	1	1	1	1	1	1
PG01235	1	1	1	1	1	1	1	0	1	1	1	1	1	1	1	1	1	1	1	1	1	1	1	1
PG01236	1	0	0	0	1	0	0	0	0	0	1	1	0	0	0	1	0	0	1	0	1	1	0	0
PG01238	1	1	1	1	1	1	1	0	1	1	1	1	0	1	0	1	0	1	1	1	1	1	1	0
PG01239	1	1	1	1	1	0	1	0	0	1	1	1	0	1	1	1	1	1	1	1	0	1	1	1
PG01240	1	1	1	1	1	1	1	0	1	1	1	1	1	1	1	1	1	1	1	1	1	1	1	1
PG01241	1	1	1	1	1	1	1	1	1	1	1	1	1	1	1	1	1	1	1	1	1	1	1	1
PG01242	1	1	1	1	1	1	1	1	1	1	1	1	1	1	1	1	1	1	1	1	1	1	1	1
PG01242b	0	0	0	1	1	0	0	1	0	1	0	1	0	1	0	1	1	0	0	0	1	1	1	1
PG01244	1	1	1	0	1	1	1	0	1	1	0	1	1	1	1	1	1	1	1	1	1	1	1	0
PG01245	1	0	0	0	0	0	0	1	0	0	0	1	0	1	0	1	1	1	0	1	0	1	1	0
PG01246	1	1	1	1	1	1	1	1	1	1	1	1	1	1	1	1	0	1	1	1	1	1	1	1
PG01247	1	1	1	1	1	1	1	1	1	1	1	1	1	0	1	1	1	1	1	0	1	1	1	1
PG01248	1	1	1	1	1	1	1	0	1	1	1	1	1	1	1	1	1	1	1	1	1	1	1	1
PG01249	1	1	1	1	0	1	0	1	0	1	0	1	1	1	1	1	1	1	0	1	1	1	1	1
PG01251	1	1	1	1	1	1	1	1	1	1	1	1	1	1	1	0	1	1	1	1	1	1	0	1
PG01252	0	1	0	1	0	0	0	1	1	1	1	1	1	1	1	0	0	1	0	1	0	0	0	1
PG01253	1	1	1	0	1	1	1	1	1	1	1	1	1	1	1	1	1	1	1	1	1	1	1	0
PG01255	1	1	1	1	1	1	1	1	1	1	1	1	1	1	1	0	1	1	0	1	1	1	1	1
PG01257	1	1	1	1	0	1	1	1	0	1	1	0	0	1	0	1	1	0	0	1	1	1	0	1
PG01258	0	1	1	1	1	1	1	1	1	1	1	1	1	1	1	1	1	1	1	1	1	1	1	1
PG01259	1	1	0	1	1	1	1	1	1	1	1	1	1	1	1	1	1	1	1	1	1	1	1	1
PG01260	0	1	0	1	1	1	1	1	1	1	0	1	1	0	1	0	1	1	1	1	0	1	0	0
PG01261	0	1	0	1	1	1	1	1	1	1	1	1	1	1	1	1	1	1	1	1	1	1	1	1
PG01262	1	0	0	1	0	1	0	0	1	0	0	0	0	1	1	0	0	1	0	1	1	1	1	1
PG01263	0	0	0	0	1	0	0	1	0	0	1	1	1	1	0	0	0	0	1	0	1	0	0	0
PG01264	0	1	1	1	0	1	1	1	1	0	1	1	1	1	0	0	1	1	1	1	1	1	0	1
PG01265	0	0	0	0	1	1	1	0	0	1	1	1	1	1	1	0	0	1	0	1	0	0	0	0
PG01266	1	1	0	1	1	1	1	0	1	1	0	1	1	1	1	1	1	1	1	1	1	1	1	1
PG01267	1	1	1	1	1	0	1	0	1	1	1	1	1	0	1	1	1	1	1	0	1	1	1	1
PG01269	1	1	1	0	1	1	1	1	0	1	0	1	1	1	1	1	1	0	0	1	0	1	1	1
PG01270	1	1	1	1	1	1	1	1	1	1	1	1	1	1	1	1	1	1	1	1	0	1	0	0
PG01271	1	1	1	0	1	1	1	1	1	1	1	1	1	1	1	1	1	1	1	1	1	1	1	1
PG01272	1	0	1	0	1	1	0	1	0	1	0	1	0	0	0	1	0	0	0	0	0	0	1	0
PG01273	1	1	1	0	0	1	1	1	1	1	1	0	0	1	1	1	1	1	1	1	1	1	0	1
PG01274	0	0	1	1	1	1	0	1	0	0	1	1	1	1	0	1	1	1	0	0	1	1	1	0
PG01277	1	1	1	1	0	1	1	1	1	1	1	1	1	1	1	1	1	1	1	1	1	0	1	1
PG01278	1	1	1	1	1	1	1	1	1	1	1	1	1	1	1	1	1	1	1	1	1	1	1	1
PG01279	1	1	0	1	1	1	1	1	1	1	1	1	1	1	1	1	1	1	1	1	1	1	1	1
PG01280	1	0	0	1	1	1	1	1	1	1	1	1	0	1	1	0	0	1	1	1	1	1	1	1
PG01281	1	1	1	1	1	1	0	0	1	1	1	1	1	1	1	1	1	1	1	1	1	1	1	1
PG01282	0	1	1	1	1	1	1	0	0	0	0	0	0	1	1	1	0	0	1	1	1	0	0	0
PG01282b	0	1	1	1	1	1	0	1	1	0	0	1	1	1	1	0	1	1	0	1	1	1	1	0
PG01284	1	1	1	1	1	1	1	1	1	1	1	1	1	1	0	0	1	1	1	1	1	1	1	1
PG01285	1	1	0	1	1	1	1	1	1	1	1	1	1	1	1	1	1	1	1	1	1	1	1	1
PG01286	1	0	1	1	1	1	1	1	1	1	1	1	0	1	1	1	0	1	0	1	0	1	1	0
PG01286b	1	1	1	1	1	1	1	1	1	0	0	0	1	1	1	1	1	1	1	1	1	1	1	1
PG01287	1	0	0	1	1	1	0	1	0	1	1	1	0	1	0	1	1	0	1	1	1	0	1	1
PG01288	1	1	1	1	1	1	1	1	1	1	1	1	0	1	1	1	1	1	1	1	1	1	1	0
PG01289	1	1	1	1	1	1	1	1	1	1	1	1	1	1	1	1	1	1	1	1	1	1	1	1
PG01290	0	1	1	1	0	1	1	1	1	0	1	1	1	1	0	1	1	1	1	1	1	1	1	1
PG01291	0	0	0	0	0	0	0	0	0	0	0	0	0	0	1	0	0	0	0	0	0	0	1	1
PG01291b	1	1	0	1	1	0	1	1	0	1	1	1	0	1	0	0	0	0	1	0	1	1	1	1
PG01292	1	1	1	1	1	1	1	1	1	1	1	1	1	1	1	1	1	1	1	1	1	1	1	0
PG01293	1	1	1	1	1	1	1	1	1	1	1	1	1	1	1	1	1	1	1	1	1	1	1	1
PG01294	1	1	1	1	0	1	1	1	1	1	1	1	1	1	1	1	0	1	1	1	1	1	1	1
PG01295	1	1	1	1	1	1	1	1	1	1	1	1	1	1	1	1	1	1	1	0	1	1	1	1
PG01297	1	1	1	1	1	1	1	1	1	1	0	1	1	1	1	1	1	1	1	1	0	0	0	1
PG01298	1	1	0	1	0	1	1	1	1	1	1	1	0	1	1	0	0	1	0	1	1	1	0	1
PG01299	1	1	1	1	1	1	1	1	1	1	1	1	1	1	1	1	1	1	1	1	1	1	1	1
PG01300	1	1	0	1	1	1	1	1	1	1	1	1	0	1	1	1	1	1	1	1	1	1	1	0
PG01301	0	1	0	1	1	1	0	1	1	1	0	1	1	1	1	1	1	1	1	1	1	1	1	1
PG01302	1	1	1	0	1	1	1	0	1	0	0	0	1	1	0	1	0	1	0	1	0	1	0	1
PG01303	1	1	1	1	1	1	1	0	1	0	1	1	0	1	1	1	1	1	0	1	1	0	1	1
PG01305	1	1	1	1	1	1	1	1	1	0	1	1	1	1	1	1	0	1	1	1	1	1	1	1
PG01305b	0	1	0	1	1	1	1	1	0	0	1	1	1	0	1	1	0	1	1	1	1	0	1	1
PG01306	1	0	1	0	0	1	1	1	1	1	1	1	1	1	1	1	1	1	1	0	0	1	1	0
PG01308	1	0	1	1	1	1	1	1	1	1	0	1	1	1	1	1	0	0	1	0	1	1	1	1
PG01309	1	1	1	1	1	1	1	1	1	1	1	1	1	1	1	0	0	1	0	1	1	0	1	1
PG01310	1	1	1	1	1	0	0	1	1	0	1	1	0	1	0	1	1	1	0	1	1	1	1	1
PG01311	1	1	1	1	1	0	1	1	0	1	0	1	1	0	1	1	1	0	1	1	1	1	1	1
PG01314	1	1	0	1	1	1	1	1	1	1	1	1	0	1	1	1	1	0	1	1	1	1	1	1
PG01315	0	1	1	1	1	1	1	1	1	1	1	1	1	1	1	1	1	1	1	1	1	0	0	1
PG01316	1	1	1	1	1	1	1	1	1	1	1	1	1	1	1	1	1	1	1	1	1	1	0	1
PG01317	1	1	1	1	1	1	1	1	1	1	1	1	1	1	1	1	1	1	1	1	1	1	1	1
PG01318	1	1	1	1	0	1	1	0	1	1	1	1	1	1	1	1	0	1	1	1	1	1	0	1
PG01319	0	0	0	1	0	0	0	1	0	0	0	0	0	0	1	0	1	0	0	0	0	1	0	1
PG01321	0	0	0	0	1	0	1	1	0	0	1	1	1	0	1	0	1	1	0	1	0	0	0	0
PG01322	1	0	0	1	1	1	1	1	1	1	1	0	1	0	1	0	1	0	1	1	0	0	1	1
PG01324	1	1	1	1	1	1	1	1	1	1	1	1	1	1	1	1	1	1	1	0	1	1	1	1
PG01325	1	0	0	0	1	1	0	0	1	1	1	0	1	1	1	1	1	0	0	1	1	1	1	1
PG01326	1	1	1	1	0	1	1	1	1	1	1	1	1	1	1	1	1	1	1	1	1	1	1	1
PG01327	1	1	1	1	1	1	1	1	0	1	1	1	1	0	1	1	1	1	1	0	0	1	1	1
PG01328	0	1	1	1	1	0	1	1	1	1	1	0	1	1	1	1	1	1	1	1	0	1	1	1
PG01329	1	1	0	1	0	1	1	1	1	0	1	1	1	0	0	1	1	0	1	0	0	1	1	0
PG01330	0	1	1	1	1	1	0	0	0	1	0	1	1	1	1	1	1	1	0	1	0	1	1	1
PG01331	1	1	1	1	1	1	1	1	1	1	1	1	1	1	1	1	1	1	1	1	1	1	1	1
PG01332	1	1	0	0	1	1	0	1	1	0	1	1	1	1	1	0	1	1	1	0	1	1	1	1
PG01333	1	1	1	1	1	1	1	1	1	1	1	1	1	1	1	1	1	1	1	1	1	1	1	1
PG01335	1	1	0	1	1	1	1	1	1	1	1	1	1	1	1	1	1	1	1	1	1	1	1	1
PG01336	1	1	1	1	1	1	1	1	1	1	1	1	1	1	1	1	1	1	1	0	1	1	1	1
PG01337	1	1	1	1	1	1	1	1	1	1	1	1	1	1	1	1	1	1	1	1	0	1	1	1
PG01338	1	1	1	1	1	1	1	1	1	1	0	1	1	1	1	1	1	1	1	1	1	1	1	1
PG01339	1	1	0	1	1	1	1	1	1	1	1	1	1	0	1	1	0	1	1	1	1	1	0	1
PG01341	1	1	1	1	1	1	1	1	1	1	1	1	1	1	1	1	1	1	1	1	1	1	1	1
PG01342	1	1	1	1	1	1	1	1	1	1	1	1	1	1	0	1	1	1	0	1	1	1	1	1
PG01343	1	1	1	1	1	1	1	1	1	1	1	1	1	1	1	1	1	1	1	1	1	0	1	1
PG01344	1	1	1	1	1	0	1	1	1	1	1	1	1	1	1	1	1	1	1	1	1	1	0	1
PG01345	1	0	1	1	1	1	1	1	0	1	1	1	1	1	1	1	1	1	0	1	1	1	1	1
PG01347	1	1	1	1	1	1	1	1	1	1	1	1	1	1	1	1	1	1	1	1	1	0	1	1
PG01349	0	0	0	0	0	0	0	0	0	0	0	0	1	0	1	0	1	0	0	0	0	1	0	0
PG01350	1	1	1	1	1	0	1	1	1	1	1	0	1	0	0	1	1	1	1	1	1	1	1	1
PG01351	1	1	1	1	1	0	1	0	1	1	1	0	1	1	1	0	1	0	1	0	0	1	1	0
PG01352	1	1	1	1	1	1	1	1	1	0	1	1	1	1	1	1	1	1	1	0	1	1	1	0
PG01353	0	0	0	0	0	1	0	1	0	0	0	0	0	0	0	1	1	0	0	0	0	1	0	0
PG01354	1	1	1	1	1	1	1	1	1	1	1	0	0	0	1	1	1	1	1	1	1	0	1	1
PG01355	1	1	1	1	1	1	1	1	1	1	1	1	1	1	1	1	1	1	1	1	1	1	1	1
PG01356	0	0	1	1	1	1	1	1	1	1	1	1	1	0	0	0	0	1	1	0	0	1	0	1
PG01356b	1	1	1	1	1	1	1	1	1	1	1	1	1	1	1	1	1	1	1	1	1	1	1	1
PG01357	1	1	1	1	1	1	1	1	1	0	1	1	1	1	1	1	1	1	1	1	1	1	1	1
PG01358	1	1	1	0	1	1	1	0	1	0	0	0	0	0	0	1	0	0	0	0	0	0	0	0
PG01358b	0	1	0	0	0	1	0	0	0	0	0	0	1	0	1	0	0	0	0	0	0	1	0	0
PG01359	1	1	1	1	1	1	1	1	1	1	1	1	1	1	1	1	1	1	1	1	1	1	1	1
PG01360	1	1	1	1	0	1	1	1	1	1	1	1	1	1	1	1	1	1	1	1	1	1	0	0
PG01361	1	1	1	0	1	1	1	1	1	1	1	1	0	0	1	1	1	1	0	1	1	1	1	1
PG01361b	0	1	1	1	1	1	1	1	1	1	1	1	1	1	1	0	1	1	0	1	1	0	0	1
PG01362	1	1	0	1	1	1	1	1	1	1	1	1	1	1	1	0	1	1	1	0	1	1	1	1
PG01364	1	1	1	1	1	1	1	1	1	1	1	1	1	1	1	1	1	1	1	1	1	1	1	1
PG01365	1	1	0	1	1	1	1	1	1	1	0	1	1	0	1	1	0	1	1	1	1	1	1	0
PG01366	1	1	1	1	1	1	1	1	1	1	1	1	1	1	1	1	1	1	1	1	1	1	1	1
PG01367	1	1	1	1	1	1	0	1	1	1	1	1	1	0	0	1	0	1	1	1	1	0	1	1
PG01370	0	1	1	0	1	1	0	1	0	0	0	1	0	0	0	0	0	0	1	0	0	0	0	0
PG01371	1	1	1	1	1	1	1	1	1	1	1	1	1	1	1	0	1	1	1	1	1	1	1	1
PG01373	1	1	1	1	1	1	1	1	1	1	0	1	1	1	1	1	1	0	1	1	1	1	1	1
PG01374	1	1	1	1	1	1	1	1	1	1	1	1	1	0	1	1	1	1	1	1	1	1	0	1
PG01375	0	1	1	1	0	1	1	1	1	1	1	1	1	1	0	1	1	1	0	1	1	1	1	0
PG01376	1	1	1	1	1	0	0	1	1	1	0	0	1	0	1	1	1	1	1	0	1	1	1	1
PG01377	1	1	1	1	1	1	1	1	1	1	1	1	1	1	1	1	1	1	1	1	1	1	1	0
PG01378	1	1	1	1	1	1	1	1	1	0	1	1	1	0	0	1	0	1	1	1	1	1	1	0
PG01380	0	1	1	1	1	1	1	1	1	1	1	1	1	1	1	1	0	1	1	1	1	1	1	0
PG01381	1	1	1	1	1	1	1	1	1	1	1	1	1	1	0	1	1	1	1	1	1	1	1	0
PG01382	0	1	1	1	1	0	1	0	1	1	1	1	1	1	1	1	0	1	1	1	1	1	1	1
PG01383	1	1	1	0	1	1	1	1	1	1	1	1	0	1	1	1	1	1	0	0	0	1	1	1
PG01384	0	0	1	0	0	0	1	1	1	0	0	0	0	0	1	0	1	0	0	0	1	1	1	0
PG01385	1	0	1	1	1	1	1	1	1	1	1	1	1	0	1	1	0	1	1	0	1	0	1	0
PG01385b	0	1	1	0	0	0	0	0	0	0	0	1	0	1	0	0	0	0	0	0	0	0	0	0
PG01386	1	1	1	1	1	1	1	1	1	1	1	1	1	1	1	0	1	1	1	1	1	1	1	1
PG01387	1	1	1	1	1	1	1	1	1	1	1	1	1	1	1	1	1	1	1	1	1	1	1	1
PG01388	1	1	1	1	1	1	1	1	1	1	0	1	1	1	1	1	1	1	1	1	1	1	0	1
PG01389	1	1	1	1	1	0	1	1	1	1	1	1	1	1	1	1	1	1	1	1	1	1	1	1
PG01391	0	1	1	1	0	1	1	1	1	1	1	0	1	0	1	1	1	1	1	1	1	1	1	1
PG01392	1	1	1	1	1	0	1	1	1	1	1	1	1	1	1	1	1	1	1	1	1	0	1	1
PG01394	0	1	1	1	0	1	1	0	0	0	1	1	0	0	1	1	0	0	1	0	0	1	0	0
PG01395	1	1	0	1	1	1	1	1	1	1	1	1	1	1	1	1	1	1	1	1	1	1	1	1
PG01396	1	1	1	1	1	1	0	1	0	1	0	1	1	1	1	1	1	1	1	1	1	1	1	1
PG01397	0	0	0	0	1	0	0	0	1	0	0	1	0	0	0	0	1	1	0	1	1	1	0	0
PG01398	0	1	1	1	1	1	1	1	0	0	1	1	0	1	0	0	1	0	1	0	1	0	0	0
PG01399	1	1	1	0	1	1	1	1	1	1	1	0	0	1	1	1	1	1	1	0	0	0	1	1
PG01400	1	1	1	1	1	1	1	1	1	1	1	1	1	1	1	1	1	1	1	1	1	1	1	1
PG01401	1	1	1	1	1	1	1	1	1	1	1	1	1	1	1	1	1	1	1	1	1	1	1	1
PG01403	1	1	1	1	1	1	1	1	1	1	1	1	1	1	1	0	1	1	1	1	1	1	1	1
PG01404	1	1	1	1	1	1	0	1	1	0	0	1	1	1	0	1	1	1	0	1	0	0	1	0
PG01407	0	0	1	1	1	1	1	0	1	0	1	1	1	1	0	0	0	1	1	1	1	1	1	0
PG01408	0	1	1	0	1	0	0	0	1	0	0	0	1	1	0	0	1	0	0	0	1	1	0	0
PG01409	1	1	1	1	1	1	1	1	1	1	1	1	1	1	1	1	1	1	1	0	1	1	1	1
PG01410	0	1	1	0	0	0	0	1	1	0	1	1	1	1	1	1	1	0	1	1	1	0	0	1
PG01411	1	1	0	1	1	1	0	0	0	1	1	0	0	1	0	0	0	0	0	0	0	0	1	0
PG01412	0	1	1	1	1	1	1	1	1	1	1	1	1	1	1	1	1	1	1	1	1	1	1	1
PG01414	1	1	1	1	0	1	1	1	1	1	1	1	1	0	1	1	1	1	1	1	1	1	1	1
PG01416	1	1	1	1	1	0	1	0	0	1	1	1	1	1	1	1	1	1	1	1	1	1	1	1
PG01417	1	1	0	1	1	1	1	0	0	1	1	1	0	1	1	1	0	1	1	1	1	1	0	1
PG01419	1	1	1	1	1	1	1	1	1	1	1	1	1	1	1	1	1	1	1	1	1	1	1	1
PG01420	1	1	1	1	1	1	1	1	1	1	1	1	1	1	1	1	1	1	1	1	1	1	1	1
PG01421	1	0	1	1	1	1	0	1	0	1	1	1	1	1	0	1	1	1	1	1	1	1	1	1
PG01422	0	0	0	1	0	0	0	0	0	1	0	0	1	0	1	0	0	0	0	0	0	0	0	0
PG01423	1	1	1	1	1	1	1	1	1	1	1	1	1	1	1	1	1	1	1	1	1	1	1	1
PG01424	0	1	1	1	0	1	1	1	0	1	1	1	1	1	1	0	1	0	1	0	0	1	0	0
PG01425	0	0	1	1	1	1	1	1	0	1	1	1	1	1	1	1	0	1	0	0	1	1	0	0
PG01426	1	1	1	1	1	1	1	1	1	1	1	1	0	1	1	1	1	1	1	0	1	1	1	1
PG01427	1	1	1	1	1	1	1	1	1	0	1	1	1	1	1	1	1	1	1	1	0	1	1	0
PG01428	1	0	1	0	0	0	0	1	1	1	1	1	1	0	1	1	1	1	1	1	1	1	1	0
PG01429	1	1	1	1	1	1	1	1	1	1	1	1	1	1	1	1	0	0	1	0	1	1	1	1
PG01430	1	1	1	0	0	1	1	1	1	0	1	1	1	0	1	0	0	0	1	0	0	1	1	1
PG01431	1	1	1	1	1	1	1	1	1	1	1	1	1	1	1	1	1	1	1	1	1	1	1	1
PG01433	1	1	0	0	0	1	0	0	0	0	0	0	0	0	1	0	0	0	0	0	0	0	0	0
PG01436	1	1	1	1	0	1	1	1	1	1	1	1	0	1	1	1	0	1	1	1	1	1	1	1
PG01438	0	1	0	1	0	0	1	1	1	1	0	0	1	0	1	1	1	1	1	1	1	1	1	1
PG01439	0	0	0	1	1	1	1	1	1	1	1	1	0	1	1	1	1	0	1	1	0	1	1	1
PG01440	1	0	1	1	1	1	0	1	1	1	1	1	1	1	1	1	0	1	1	1	1	1	1	1
PG01441	0	1	0	0	1	1	0	1	1	1	1	0	1	0	0	0	0	0	0	1	0	0	1	1
PG01442	1	0	1	0	0	0	0	1	0	0	0	1	0	0	1	1	0	1	1	0	0	0	1	1
PG01443	1	1	1	1	1	1	1	1	1	1	1	1	1	1	1	1	1	1	1	1	1	1	1	1
PG01444	1	1	1	1	1	1	1	1	1	1	1	1	1	1	1	1	1	1	1	1	1	1	1	1
PG01445	1	1	1	1	1	1	1	1	1	1	1	1	1	0	1	1	1	1	1	0	1	1	1	1
PG01446	1	1	1	1	1	1	1	0	1	1	0	0	0	1	1	1	1	1	1	1	0	0	1	1
PG01447	1	1	0	1	1	1	1	1	1	1	1	1	1	1	1	0	1	1	1	1	1	0	1	1
PG01448	1	1	1	0	0	1	1	1	0	0	0	1	1	0	1	1	0	1	0	1	1	0	1	0
PG01449	0	1	1	1	1	1	1	1	1	1	1	1	1	1	0	1	0	0	1	1	1	1	1	0
PG01451	1	1	0	1	1	1	0	1	1	1	1	1	1	1	1	0	1	1	1	1	1	1	0	1
PG01452	1	1	1	1	1	1	1	1	1	1	1	1	1	1	1	0	1	1	1	1	1	1	0	0
PG01453	0	1	1	1	1	1	1	1	0	0	1	1	1	1	1	1	1	1	1	1	1	1	1	1
PG01454	0	0	0	0	1	0	0	1	0	0	0	0	1	1	0	0	0	1	1	1	1	0	0	1
PG01455	1	1	1	1	1	1	1	1	1	1	1	1	1	1	1	1	1	0	1	1	1	1	1	1
PG01456	1	1	1	1	1	1	1	1	1	1	1	1	1	1	1	1	1	1	1	1	1	1	1	1
PG01457	1	1	0	1	1	1	1	1	1	1	1	1	1	1	1	1	1	1	1	1	1	0	1	1
PG01458	1	1	1	1	1	1	1	1	0	0	1	1	1	1	1	1	1	1	1	1	1	1	1	1
PG01459	1	0	1	1	1	1	1	1	1	0	0	1	1	1	1	1	1	0	0	1	1	1	0	1
PG01460	1	0	1	1	1	1	1	1	1	1	1	1	1	1	1	1	1	1	1	1	1	1	1	1
PG01461	1	1	1	1	1	1	1	1	1	1	1	1	1	1	1	1	1	1	1	1	0	1	1	1
PG01462	0	1	1	1	1	1	1	0	0	1	1	1	1	0	1	1	1	1	1	0	1	0	0	0
PG01463	1	1	1	0	1	1	1	1	0	1	1	1	1	0	1	1	1	1	1	1	1	1	0	1
PG01464	1	0	1	1	1	0	0	1	1	1	0	0	1	1	0	1	0	0	0	1	0	1	1	0
PG01465	1	1	1	1	1	1	1	1	1	1	1	1	1	1	1	1	1	1	1	1	1	1	1	1
PG01466	0	0	0	1	1	0	0	0	0	0	0	0	0	0	0	0	0	0	0	0	0	0	0	0
PG01467	1	1	1	1	1	0	1	1	0	1	0	1	1	0	1	1	1	1	1	1	1	1	1	1
PG01468	1	0	0	0	0	1	0	1	0	1	1	1	0	1	0	1	0	1	1	1	0	1	1	1
PG01469	1	0	0	1	0	1	1	1	1	1	1	1	0	1	1	0	0	0	0	1	1	1	1	0
PG01470	1	1	0	1	0	1	1	1	1	1	1	1	1	1	1	1	0	1	1	1	1	1	1	1
PG01470b	1	1	0	1	1	1	1	1	0	1	1	0	1	1	0	1	1	1	1	0	0	1	0	0
PG01471	1	1	1	1	1	1	1	1	1	1	1	1	1	0	1	1	0	1	1	1	0	1	0	1
PG01473	1	1	1	1	0	1	1	1	1	1	1	1	1	1	1	1	1	1	1	1	1	1	0	1
PG01474	1	1	0	0	1	0	1	0	1	0	1	0	1	1	1	1	1	1	0	1	1	1	1	1
PG01475	0	0	0	0	1	1	1	1	1	1	0	0	0	0	1	0	0	0	0	1	0	0	1	1
PG01479	1	1	1	1	1	1	1	1	1	1	1	1	1	1	1	1	1	1	1	1	1	1	1	1
PG01480	1	0	1	1	0	0	1	0	1	0	0	1	0	0	1	1	0	0	1	0	1	0	1	1
PG01481	1	0	0	0	1	1	1	1	0	0	0	0	1	1	1	0	0	1	1	1	1	0	1	1
PG01482	0	1	1	1	1	1	0	1	1	1	1	0	1	1	1	1	1	0	0	1	1	1	1	1
PG01485	0	0	1	1	0	0	0	1	0	1	1	0	1	0	1	0	1	1	0	1	0	0	1	0
PG01487	1	1	1	1	0	1	1	1	0	0	1	1	1	1	1	1	1	1	1	1	1	1	1	1
PG01488	1	1	1	1	1	1	1	1	1	1	1	1	1	1	1	1	1	1	1	1	1	1	1	1
PG01489	1	1	1	1	1	1	1	1	1	1	0	0	0	1	1	0	1	1	1	1	0	0	1	1
PG01491	0	0	0	0	1	1	1	0	0	1	0	0	1	0	0	0	0	0	1	0	1	1	1	0
PG01492	1	1	1	1	1	1	1	1	1	1	1	1	1	1	1	1	1	1	1	1	1	0	1	1
PG01493	1	1	1	1	1	1	1	1	0	1	1	1	1	0	1	1	1	1	0	1	1	1	1	1
PG01494	0	0	1	0	0	0	1	0	1	0	0	0	1	0	1	1	0	0	1	1	0	1	1	0
PG01495	0	1	0	0	0	0	0	1	1	1	0	1	1	0	1	0	0	1	0	0	0	0	0	0
PG01496	1	1	1	1	1	1	1	0	1	1	1	1	1	1	1	1	1	1	1	1	1	1	1	1
PG01497	1	1	1	1	1	1	1	1	1	1	1	1	1	0	1	1	1	1	1	1	1	1	1	1
PG01498	1	0	1	1	0	1	1	0	0	1	0	0	1	1	1	1	0	0	1	1	1	1	0	1
PG01499	1	1	1	1	1	1	1	1	1	1	1	1	1	1	1	1	1	1	0	1	1	1	1	1
PG01500	0	0	0	0	0	0	0	0	0	1	1	0	1	0	0	0	0	0	1	0	0	0	0	0
PG01502	0	1	1	1	1	1	1	1	1	1	0	0	1	1	0	1	1	0	1	1	0	1	1	1
PG01502b	0	1	1	1	1	1	1	1	1	1	1	1	1	1	1	1	0	1	1	1	1	1	0	0
PG01503	1	1	1	1	1	1	1	1	1	1	1	1	0	1	1	1	1	1	1	1	1	1	0	1
PG01504	1	1	1	1	1	1	1	1	1	1	1	1	1	1	1	1	0	1	1	1	1	1	1	1
PG01505	0	1	0	0	1	0	0	1	1	0	0	0	1	1	1	1	1	0	0	0	1	1	0	1
PG01506	1	0	1	1	1	1	1	1	1	1	1	1	1	1	1	1	1	1	1	1	1	1	1	1
PG01507	1	0	0	0	1	0	1	1	1	0	1	1	0	0	1	0	0	1	0	1	1	0	0	0
PG01508	1	1	1	1	1	0	1	1	1	1	0	0	1	1	1	0	1	1	1	1	0	0	1	1
PG01509	1	1	1	1	1	1	1	1	1	1	1	1	1	1	1	1	1	1	1	1	1	1	1	1
PG01513	1	1	1	1	1	1	0	1	1	0	1	0	1	1	1	1	1	1	1	1	1	1	1	0
PG01514	1	0	1	1	1	1	1	1	1	1	1	1	1	1	1	1	1	1	1	0	1	1	1	1
PG01515	1	0	0	0	1	1	0	0	1	0	0	0	0	1	0	0	0	0	0	1	1	0	0	0
PG01517	1	1	1	1	1	1	1	1	1	1	1	1	0	0	1	1	1	1	1	1	1	1	0	0
PG01518	0	1	1	1	1	1	0	0	1	1	1	1	1	1	1	1	0	1	1	1	1	1	0	1
PG01519	0	0	1	1	1	1	1	1	1	1	1	1	0	1	0	1	1	1	1	1	1	1	1	1
PG01520	1	1	1	1	1	1	1	0	0	1	1	1	1	1	1	1	1	1	1	1	1	1	1	1
PG01522	0	0	0	0	0	0	0	0	0	0	1	0	1	0	0	0	0	0	0	0	1	1	1	0
PG01523	0	0	0	0	0	0	0	0	1	0	0	0	1	0	0	0	1	1	0	0	0	0	0	0
PG01524	1	1	1	1	1	1	1	1	1	1	1	1	1	1	1	1	1	1	1	1	1	1	1	1
PG01525	1	1	1	1	1	1	1	1	1	1	1	1	1	1	0	1	0	1	1	1	1	1	1	1
PG01526	1	1	1	1	1	1	0	1	1	0	1	1	1	1	0	0	1	0	1	1	1	1	1	1
PG01527	1	1	0	0	1	0	0	0	0	0	0	0	0	1	0	1	0	0	1	1	1	0	1	0
PG01528	1	1	1	1	0	1	1	0	0	1	0	0	1	0	0	1	1	1	1	0	0	1	1	0
PG01529	1	0	1	1	1	1	1	1	0	1	0	1	1	0	1	1	1	1	0	0	1	1	1	1
PG01530	1	1	1	1	1	0	1	1	1	1	1	1	1	1	1	1	1	1	1	1	1	1	1	1
PG01531	1	1	1	1	1	1	1	1	1	1	1	1	1	1	0	1	1	1	1	0	1	1	1	1
PG01532	0	1	1	0	1	1	0	1	1	1	0	1	1	0	1	1	0	1	1	1	1	1	1	0
PG01533	0	0	1	1	1	1	1	1	1	1	1	1	1	1	1	1	1	1	1	0	1	1	1	1
PG01535	1	1	1	0	1	0	1	1	1	1	1	1	1	1	1	1	1	1	1	1	1	1	1	1
PG01536	0	1	0	0	1	0	0	1	0	1	0	0	0	0	0	1	0	1	1	0	1	1	1	1
PG01538	1	1	0	1	1	1	0	0	0	1	0	0	0	0	1	1	1	1	1	1	1	1	1	1
PG01539	1	1	1	1	1	1	1	1	1	1	1	1	1	1	1	1	1	1	1	1	1	1	1	1
PG01540	1	1	1	1	1	1	1	1	1	0	1	1	1	1	1	1	1	1	1	1	0	0	1	1
PG01541	1	1	1	1	1	1	1	1	1	1	1	1	1	1	1	1	1	1	1	1	1	1	1	1
PG01542	1	1	1	1	1	1	1	1	1	1	1	1	0	1	1	1	1	1	1	1	1	1	1	1
PG01543	1	1	1	1	1	1	1	1	1	1	1	1	1	1	1	1	1	0	1	1	1	1	1	1
PG01544	1	1	1	1	1	1	1	1	1	1	1	1	0	1	1	1	1	1	1	1	1	1	1	1
PG01545	1	1	1	0	1	0	1	1	1	1	1	0	0	1	1	0	0	0	0	1	0	0	0	0
PG01547	1	0	1	0	0	0	1	1	0	1	1	1	0	1	0	1	1	1	1	1	1	1	1	1
PG01548	1	0	1	1	1	1	1	1	1	1	1	1	0	1	1	1	1	1	1	1	1	1	1	1
PG01549	1	1	1	1	0	1	0	0	0	0	0	1	0	1	1	0	0	1	1	0	1	1	1	0
PG01551	1	0	1	0	0	0	0	0	0	1	0	0	1	0	0	1	0	0	1	0	0	0	0	0
PG01552	0	0	1	1	1	0	0	0	0	0	0	0	0	0	0	0	0	0	0	0	0	0	0	0
PG01553	1	1	1	1	0	1	1	1	1	1	1	1	0	0	1	1	1	1	1	1	1	1	1	1
PG01554	1	1	1	0	1	1	1	1	1	1	1	0	1	1	1	1	1	1	1	1	1	0	1	1
PG01555	1	1	1	1	1	1	1	1	1	1	1	1	1	1	1	1	1	1	1	1	1	1	1	1
PG01556	1	1	1	1	1	1	1	1	1	1	1	1	1	1	1	1	1	1	1	1	1	1	1	1
PG01557	1	1	1	1	0	1	1	1	0	1	1	1	1	1	1	0	1	1	1	1	1	1	0	0
PG01559	1	1	1	1	0	1	0	1	1	1	1	1	1	1	1	1	1	1	1	1	1	1	1	1
PG01560	1	1	1	1	1	1	1	1	1	1	1	0	1	1	1	1	1	1	1	1	1	1	1	1
PG01561	1	0	1	1	1	1	0	0	1	1	1	1	0	1	1	0	1	1	1	1	0	1	0	1
PG01564	1	0	1	1	1	1	1	1	1	1	1	1	1	1	1	1	1	1	1	1	1	1	1	1
PG01564b	1	1	1	1	1	1	1	1	1	1	1	1	1	1	1	1	1	1	0	1	1	1	1	1
PG01565	0	1	0	1	1	1	1	1	1	1	1	1	1	1	0	0	1	1	1	1	1	1	1	1
PG01567	1	1	1	1	1	1	1	1	1	1	1	1	1	1	1	1	1	1	1	1	1	1	1	1
PG01568	1	0	0	1	1	1	1	0	0	1	0	1	1	0	0	0	1	1	1	1	1	1	1	1
PG01569	1	1	1	1	1	1	1	1	1	1	1	1	1	1	1	1	1	1	1	1	0	1	1	1
PG01570	1	1	1	1	1	1	1	1	1	1	1	1	1	1	1	1	1	1	1	1	1	1	1	1
PG01571	1	1	1	1	1	1	1	1	1	1	1	1	1	1	1	1	1	1	1	1	1	1	1	1
PG01572	0	1	1	1	0	1	0	1	1	1	1	1	1	1	1	1	1	1	1	1	1	1	1	1
PG01573	1	1	1	1	1	1	1	1	0	1	1	1	1	1	1	1	1	0	1	1	1	1	1	1
PG01575	1	1	1	1	1	1	1	1	1	1	1	1	1	0	1	1	1	1	1	1	1	1	1	1
PG01577	1	1	1	1	1	0	1	1	1	1	0	1	1	1	1	0	1	1	1	1	1	1	1	1
PG01578	1	1	1	1	1	1	1	1	1	1	1	1	1	1	1	1	1	1	1	1	1	1	1	1
PG01579	0	0	0	0	0	1	0	1	0	0	0	0	1	0	1	0	0	0	1	1	1	0	1	1
PG01580	0	1	1	0	1	1	1	1	1	1	1	1	1	1	1	1	1	1	1	1	1	1	1	1
PG01581	0	1	1	1	1	1	1	1	0	0	1	1	0	0	1	1	1	0	0	1	0	0	0	0
PG01582	1	1	1	0	0	0	0	0	0	1	0	0	0	1	0	0	0	0	0	0	0	0	1	1
PG01584	1	0	0	0	1	1	0	0	0	0	1	1	1	0	0	0	0	1	0	1	1	1	1	1
PG01586	1	1	1	1	1	1	1	1	1	1	1	1	1	1	1	1	1	1	1	1	1	1	1	1
PG01587	0	1	1	1	0	1	1	0	1	0	1	0	1	0	1	1	0	1	1	0	1	1	1	0
PG01588	1	1	1	1	1	1	1	1	1	1	1	1	1	1	1	1	0	1	1	1	1	1	1	1
PG01590	1	1	1	1	1	1	1	1	1	1	1	1	1	1	1	1	0	1	1	1	1	1	1	1
PG01591	1	0	1	1	0	1	1	1	1	1	1	0	0	0	1	0	0	1	1	1	1	1	1	1
PG01593	0	0	0	0	0	0	0	1	0	1	1	1	1	0	0	1	0	0	0	0	1	0	0	0
PG01596	1	1	0	1	0	1	1	1	0	1	0	1	1	1	1	1	1	1	1	1	1	1	1	0
PG01597	1	0	1	1	1	1	1	1	0	1	1	1	1	0	1	1	1	1	1	1	1	1	1	1
PG01599	1	1	1	1	1	1	1	1	1	1	0	1	1	1	1	1	1	1	1	1	1	0	1	1
PG01600	1	1	1	1	1	1	1	1	1	1	1	1	1	1	1	1	1	1	1	1	1	1	1	1
PG01601	1	1	1	1	1	1	1	1	1	1	1	1	1	1	1	1	1	0	1	1	1	1	1	1
PG01602	1	1	1	1	1	1	1	1	1	1	1	1	1	0	1	1	1	1	1	1	1	1	1	1
PG01603	1	1	1	1	1	1	1	1	0	0	1	1	0	1	0	1	0	1	1	1	0	0	0	1
PG01603b	1	1	0	0	1	1	1	1	1	0	1	1	0	1	1	0	0	1	1	0	0	1	0	1
PG01605	0	0	1	1	1	1	1	0	1	0	0	1	0	1	0	0	0	0	1	1	1	1	1	0
PG01606	0	1	1	1	1	1	1	1	1	0	1	1	1	1	1	1	1	1	1	1	1	1	1	1
PG01607	1	1	0	1	1	1	1	1	1	1	1	1	1	1	1	1	1	1	1	1	1	1	1	1
PG01608	1	0	1	1	0	0	1	1	0	1	0	0	1	0	0	1	0	0	0	0	0	0	1	0
PG01610	1	1	1	1	1	0	0	1	1	1	1	1	1	1	1	1	1	0	1	1	1	1	1	1
PG01611	0	0	1	0	1	1	1	0	1	0	1	0	0	1	1	1	1	1	1	1	0	1	1	0
PG01612b	0	0	0	0	1	0	0	1	0	0	0	0	1	0	1	1	0	1	0	1	1	1	1	1
PG01613	1	1	1	1	1	1	1	1	1	1	1	1	1	1	1	1	1	1	1	0	1	1	1	1
PG01614	1	1	1	1	1	1	1	1	1	1	0	1	1	1	1	1	0	1	1	1	1	1	1	1
PG01615	1	1	1	1	1	1	1	1	1	1	1	1	1	1	1	1	1	1	1	1	1	1	1	1
PG01615b	1	1	1	1	1	1	1	1	1	1	1	1	1	1	1	1	1	1	1	1	1	1	1	1
PG01616	1	1	1	1	1	1	1	1	1	1	1	1	1	1	1	1	1	1	1	1	1	1	1	1
PG01617	1	1	1	1	1	1	1	1	1	1	1	1	1	1	1	1	1	1	1	0	1	1	1	0
PG01619	1	1	1	1	1	1	1	1	1	1	1	1	1	1	1	1	1	1	0	1	1	1	1	1
PG01620	1	0	1	1	1	1	1	1	1	1	1	1	0	1	1	1	1	1	1	1	1	0	1	1
PG01621	0	1	1	0	1	1	1	0	1	1	1	1	1	1	1	1	1	1	1	1	1	1	1	1
PG01623	1	1	1	1	1	1	1	1	1	1	1	1	1	1	1	1	1	1	1	1	0	1	1	1
PG01624	0	1	1	1	1	1	1	1	1	1	1	1	1	1	0	1	1	1	1	0	1	1	1	1
PG01625	1	0	1	1	1	1	0	1	1	0	1	1	1	0	1	0	1	1	1	1	0	0	0	1
PG01626	1	1	1	1	1	1	1	1	0	1	1	1	1	1	1	1	1	1	1	1	0	1	1	1
PG01627	1	1	0	1	1	1	1	1	1	1	1	0	1	1	1	1	1	1	1	1	1	1	1	0
PG01628	1	1	1	1	0	1	1	1	1	1	1	0	1	1	1	1	1	1	0	1	0	1	1	1
PG01629	0	0	1	1	1	0	0	1	0	1	1	0	0	1	0	1	1	1	1	1	1	1	1	1
PG01630	1	1	1	1	1	1	1	1	1	1	1	1	1	1	1	1	1	1	1	1	1	1	1	1
PG01632	1	1	1	1	1	1	0	1	1	1	1	1	1	1	1	1	1	1	1	1	1	1	0	1
PG01633	0	1	1	1	1	1	1	1	1	1	1	1	0	1	1	1	1	0	1	1	1	1	1	1
PG01634	1	1	1	1	1	1	1	1	1	1	1	1	1	1	1	0	1	1	0	1	1	1	1	1
PG01634b	1	1	1	1	1	1	1	1	1	1	1	1	1	1	1	1	1	1	1	1	1	1	1	1
PG01635	1	1	1	1	1	1	1	1	1	1	1	0	1	1	1	1	1	1	1	1	1	1	1	1
PG01637	1	1	1	1	1	1	1	0	0	1	1	1	0	1	1	0	1	1	1	0	1	1	1	1
PG01639	0	0	0	0	0	0	1	0	0	1	0	1	0	0	0	0	0	0	1	0	0	0	1	1
PG01640	1	1	1	0	1	0	1	1	0	0	0	1	0	0	1	1	1	1	1	1	1	1	1	1
PG01641	1	1	1	1	1	1	1	0	1	1	1	1	1	1	1	0	1	1	1	1	1	1	1	1
PG01642	1	1	1	1	1	1	1	1	0	1	1	0	1	1	0	1	1	1	1	1	0	1	1	1
PG01643	0	0	0	1	0	1	1	1	0	1	1	1	1	0	0	0	1	0	0	1	1	1	1	1
PG01645	1	1	1	1	1	1	1	1	0	1	1	1	1	1	1	1	1	1	1	1	1	1	1	1
PG01646	1	1	0	0	1	0	0	1	0	0	0	1	1	1	0	0	0	0	1	1	1	0	0	1
PG01646b	1	1	0	1	1	1	1	1	1	0	1	1	1	1	1	1	0	0	1	1	0	1	0	1
PG01648	0	1	0	1	1	1	1	0	1	1	1	1	1	0	1	0	1	1	0	1	0	1	1	1
PG01649	1	1	1	1	1	1	1	1	1	1	1	1	1	1	1	1	1	1	1	1	1	1	0	1
PG01650	1	0	0	0	1	1	0	1	0	1	1	0	0	1	0	1	0	1	0	1	1	1	1	1
PG01651	1	1	1	1	1	1	1	1	1	1	0	1	1	1	1	1	1	0	1	1	1	1	1	1
PG01652	1	1	1	1	1	1	1	1	1	1	1	1	1	1	1	1	1	1	1	1	1	1	1	1
PG01653	1	1	1	1	1	1	1	1	1	1	1	1	1	1	1	1	1	1	1	1	0	1	1	0
PG01654	1	1	1	1	1	1	1	1	1	0	1	1	1	1	0	1	1	1	1	1	1	1	1	1
PG01655	1	1	1	1	1	1	1	1	1	1	1	0	1	1	1	1	0	1	1	0	1	1	1	1
PG01656	0	0	1	1	0	1	0	1	1	1	1	1	1	1	1	1	0	1	1	0	1	1	0	0
PG01657	0	1	0	1	1	1	0	1	1	1	1	1	0	0	1	1	1	0	0	1	0	0	1	1
PG01657b	1	0	1	0	1	0	0	1	0	0	0	1	0	0	1	1	1	1	0	1	1	1	1	1
PG01658	1	0	1	1	1	1	1	1	1	1	1	0	1	1	1	1	1	1	0	1	1	1	0	1
PG01660	1	1	0	1	1	1	1	1	1	1	1	1	1	1	1	1	1	1	1	1	1	1	1	1
PG01661	1	1	1	1	1	1	1	1	1	0	1	1	1	1	1	1	1	1	1	1	1	1	1	1
PG01662	1	1	1	1	1	1	0	1	0	1	1	1	0	1	0	1	1	1	0	1	1	1	1	1
PG01663	1	1	1	1	1	1	1	0	1	1	1	0	1	1	1	1	1	1	1	1	1	1	1	0
PG01664	1	0	0	0	0	0	1	0	0	0	0	1	0	1	0	0	0	0	0	0	0	1	1	0
PG01665	1	1	1	1	0	1	1	1	1	1	1	1	1	1	1	1	1	1	1	1	1	1	1	1
PG01666	1	1	1	1	0	0	1	1	1	1	1	0	0	1	1	1	1	1	1	1	1	1	1	1
PG01667	1	1	1	1	1	1	1	0	1	1	1	1	1	1	1	1	1	1	1	1	1	1	1	1
PG01668	0	1	0	0	1	1	1	0	0	0	0	0	1	1	1	0	0	1	1	1	1	1	1	1
PG01669	1	1	1	1	1	1	1	1	1	1	1	1	1	1	1	1	1	1	1	1	1	1	1	1
PG01670	1	0	0	0	1	1	1	1	1	1	1	0	0	0	1	0	0	1	1	0	1	0	0	1
PG01672	1	1	1	1	1	1	0	1	1	1	1	1	1	1	1	1	1	0	1	1	1	1	1	1
PG01673	1	1	1	1	1	1	1	1	1	1	1	1	1	1	1	1	1	1	1	1	1	1	1	1
PG01675	0	1	1	1	0	1	0	1	0	0	0	1	1	1	1	1	0	1	1	1	1	1	1	1
PG01676	1	1	1	1	1	1	1	1	1	1	1	1	1	1	1	1	0	1	0	1	0	1	1	0
PG01677	1	1	1	1	1	1	1	1	1	1	1	1	1	1	1	1	0	1	1	1	1	1	1	1
PG01679	1	1	1	1	1	1	1	1	0	0	1	1	0	1	1	1	1	1	1	1	1	1	1	1
PG01680	1	1	1	0	1	1	1	0	0	1	1	1	1	1	1	1	1	0	1	1	1	1	1	0
PG01682	1	1	1	1	1	1	0	1	1	1	1	1	1	1	1	1	1	1	0	1	1	1	1	1
PG01683	1	0	1	1	1	1	1	1	1	1	1	1	1	1	1	1	1	1	1	1	1	1	1	1
PG01684	1	1	0	1	0	1	1	1	1	1	1	1	1	1	1	1	1	1	1	1	1	1	1	1
PG01685	0	0	0	0	0	0	0	1	0	0	0	0	0	0	0	0	0	1	1	1	1	1	0	0
PG01686	1	1	1	1	1	1	1	0	0	0	1	0	0	1	0	1	1	1	0	1	1	1	0	0
PG01687	1	1	0	1	1	1	0	1	0	1	1	1	0	0	1	1	1	1	1	1	1	1	1	0
PG01688	1	0	1	1	1	1	1	1	0	0	1	1	1	1	1	1	0	1	1	1	1	1	1	0
PG01689	1	1	0	0	0	1	1	1	0	0	1	0	0	1	1	1	0	0	0	1	0	1	1	1
PG01690	1	1	1	1	1	1	1	0	0	1	1	0	1	1	0	0	1	1	1	1	1	1	1	1
PG01691	0	1	1	1	1	1	1	1	1	0	1	1	1	1	1	1	1	0	1	1	0	1	1	1
PG01693	1	1	1	1	1	0	1	1	1	1	1	0	1	1	1	1	1	1	0	1	1	1	1	1
PG01694	1	1	1	1	1	1	1	1	1	1	1	1	1	1	1	0	1	1	1	1	1	1	1	1
PG01696	1	1	0	0	1	0	1	1	1	1	1	1	1	1	1	1	0	1	1	1	1	1	1	1
PG01697	0	0	1	0	0	0	0	0	0	0	1	1	0	0	1	0	0	1	0	0	0	0	0	0
PG01699	0	1	1	1	1	1	1	1	0	1	1	1	1	1	1	1	1	1	1	1	1	1	1	1
PG01700	0	0	1	0	0	1	1	0	1	0	1	0	0	1	1	1	0	1	1	0	0	0	1	0
PG01701	1	1	1	1	1	1	1	1	1	1	1	1	1	1	0	1	1	1	1	1	1	1	1	1
PG01702	1	1	0	0	0	0	0	0	1	1	0	0	1	1	1	0	1	1	0	1	1	1	0	0
PG01705	1	0	0	1	1	0	0	1	0	1	0	0	1	1	0	0	1	0	1	1	1	0	1	1
PG01705b	0	1	1	1	1	1	0	0	1	1	1	0	1	1	1	1	1	1	1	1	0	1	1	1
PG01706	0	1	1	0	1	1	1	1	1	1	1	1	1	1	1	1	1	1	1	1	1	1	0	1
PG01708	1	1	1	0	1	1	0	0	0	1	0	1	1	1	0	0	1	0	0	0	1	0	0	1
PG01709	1	1	1	1	1	1	1	1	0	1	1	1	1	1	1	1	1	1	1	1	1	1	1	1
PG01710	1	1	1	1	1	1	1	1	1	1	1	1	1	1	1	1	1	1	1	1	1	1	1	1
PG01711	1	1	0	1	1	0	0	1	0	0	1	0	0	0	1	1	1	1	1	1	0	1	0	0
PG01712	1	1	1	0	0	1	1	1	1	1	1	1	1	1	1	1	1	1	1	0	1	1	1	1
PG01713	1	1	1	1	0	1	1	1	1	1	0	1	0	1	1	1	1	1	1	1	1	1	1	1
PG01714	0	1	1	0	0	1	1	1	0	1	1	1	1	1	1	1	1	1	1	1	1	1	1	0
PG01715	1	1	1	1	0	0	0	0	0	0	1	1	1	1	1	0	1	0	0	1	0	0	0	1
PG01716	1	1	1	1	1	1	0	1	1	1	1	1	1	1	1	1	0	1	1	0	0	1	1	1
PG01716b	1	1	0	1	0	0	1	0	0	1	0	1	1	1	1	1	0	0	1	0	1	1	1	1
PG01717	1	1	1	1	1	1	1	1	1	1	1	1	1	1	1	1	1	1	1	1	1	1	1	1
PG01718	1	1	1	1	1	1	1	1	1	1	1	1	1	1	1	1	1	1	1	1	1	1	1	1
PG01721	1	1	0	1	1	1	1	1	1	1	0	0	1	1	1	1	1	1	1	1	1	1	1	1
PG01723	1	1	1	1	1	1	1	1	1	1	1	1	1	1	0	1	0	1	1	1	1	1	1	1
PG01724	1	0	0	0	1	1	0	1	0	1	0	0	1	0	0	1	0	0	0	1	0	0	0	0
PG01725	1	0	1	1	0	1	1	1	1	1	1	1	1	1	1	1	0	1	1	1	1	1	0	0
PG01726	1	1	1	1	0	0	1	1	0	0	0	1	1	1	1	1	0	0	1	1	1	1	1	1
PG01727	1	1	1	1	1	1	1	1	1	1	1	0	1	1	1	1	1	0	0	0	1	1	1	0
PG01728	0	0	0	0	0	0	0	1	0	1	1	0	0	0	0	0	0	0	0	0	0	1	0	0
PG01729	1	1	1	1	1	1	1	1	1	1	1	1	1	1	1	1	1	1	1	1	1	1	1	1
PG01730	0	0	1	1	1	1	1	1	0	1	1	1	1	1	1	1	0	1	1	1	0	0	1	0
PG01732	1	1	1	1	1	1	1	1	1	1	1	1	1	1	1	1	1	1	1	1	1	0	1	1
PG01733	1	1	1	0	1	1	1	1	1	1	1	1	1	1	0	0	1	1	1	1	0	1	1	1
PG01734	1	0	1	1	0	0	1	0	1	0	1	1	0	0	0	0	1	1	0	1	0	1	1	1
PG01735	1	1	1	1	1	1	1	1	1	1	1	1	1	1	1	0	1	1	1	1	1	1	1	1
PG01737	0	1	1	1	1	1	0	1	1	1	1	1	1	1	1	1	1	1	1	1	1	1	1	1
PG01739	0	1	1	1	1	1	1	1	0	1	1	1	1	1	1	1	1	1	1	1	1	1	1	1
PG01740	1	1	1	1	1	1	1	1	1	1	1	1	1	1	1	1	1	1	1	1	1	1	1	1
PG01741	1	0	1	0	1	1	1	0	1	1	1	1	1	1	1	0	1	0	1	0	0	1	1	1
PG01742	1	1	1	1	1	1	1	1	1	1	1	1	1	1	1	1	1	1	1	1	1	1	1	1
PG01743	1	1	1	1	1	1	1	1	0	1	1	1	1	1	1	1	1	1	1	1	1	1	1	1
PG01744	0	0	0	1	1	0	1	1	0	1	0	0	0	0	0	0	0	1	1	1	0	0	0	1
PG01745	1	1	1	1	1	1	1	1	1	1	1	1	1	1	1	1	1	1	1	1	1	1	1	1
PG01746	0	1	1	1	1	1	1	1	1	1	1	1	1	1	1	1	1	1	0	1	1	1	0	0
PG01747	1	1	1	1	1	1	0	0	1	1	1	1	1	1	0	1	1	1	1	1	1	1	0	1
PG01749	1	1	1	1	0	0	1	1	0	0	0	1	0	1	1	1	0	0	1	1	1	0	1	1
PG01750	1	0	1	1	1	1	1	1	1	1	1	1	1	1	1	0	1	1	1	1	1	1	1	1
PG01751	1	1	1	0	1	1	1	0	0	0	1	0	0	0	0	0	0	0	0	0	1	0	1	1
PG01752	1	1	1	1	1	1	1	1	1	1	1	1	1	1	1	0	1	1	1	1	1	1	0	0
PG01753	1	1	1	0	1	1	0	1	1	1	1	1	1	1	1	1	1	1	1	1	1	1	1	1
PG01754	1	1	1	0	1	1	1	1	1	0	1	1	1	1	1	1	1	1	1	0	0	1	1	1
PG01755	1	1	0	1	1	1	1	1	1	1	0	1	1	1	1	1	1	1	1	1	1	1	1	0
PG01756	1	1	1	1	1	1	1	1	1	1	1	1	1	1	1	1	1	1	1	1	1	1	0	0
PG01757	1	1	1	1	1	1	1	1	1	1	1	1	1	1	1	1	1	1	1	1	1	1	1	1
PG01758	1	0	1	1	1	0	1	1	1	1	1	1	1	1	1	1	0	0	1	1	1	1	0	1
PG01759	1	0	1	0	0	1	0	0	0	1	0	1	0	0	0	0	0	0	1	0	0	0	0	0
PG01760	1	1	1	1	1	1	1	1	1	0	1	1	1	1	1	1	1	1	1	1	1	1	1	1
PG01761	1	1	1	0	0	0	1	1	1	1	1	0	1	1	1	1	1	0	0	1	0	1	1	1
PG01762	1	1	1	1	1	1	1	1	1	1	1	1	1	0	1	1	1	1	1	1	0	1	1	0
PG01763	1	1	1	1	1	0	1	1	1	0	1	1	1	1	1	1	0	0	1	1	1	1	1	1
PG01764	1	1	1	1	1	1	1	1	1	1	1	1	1	1	1	1	1	1	1	1	1	1	1	1
PG01764b	1	1	1	1	1	1	1	0	1	1	1	1	0	1	1	0	1	1	1	1	1	1	1	1
PG01765	1	1	1	1	1	1	1	1	1	1	1	1	1	1	1	1	1	1	1	0	0	0	0	1
PG01766	1	0	0	1	0	0	0	0	0	0	1	0	0	1	0	0	1	1	1	1	0	1	0	1
PG01767	1	1	1	0	1	1	1	1	1	1	1	1	1	0	1	1	1	1	1	1	1	1	1	1
PG01768	1	1	1	1	1	1	1	1	1	0	0	1	1	1	1	1	1	1	1	1	1	1	1	0
PG01770	0	1	1	1	1	1	1	1	1	1	1	1	1	1	1	1	0	1	1	1	1	1	1	1
PG01771	1	1	1	0	1	1	1	1	1	1	1	1	1	1	1	1	1	1	1	1	1	1	1	1
PG01772	1	1	1	1	1	1	1	1	1	1	1	1	1	1	1	0	1	1	0	1	1	1	0	1
PG01773	1	1	1	0	1	1	1	1	1	1	1	1	1	1	1	1	1	1	1	1	1	0	0	1
PG01775	1	0	1	1	0	1	1	1	1	1	1	0	0	1	1	1	1	1	0	1	1	0	1	1
PG01777	1	0	0	1	0	0	1	0	1	0	1	1	1	0	0	1	1	1	1	1	0	0	1	1
PG01778	1	1	1	1	1	1	1	1	1	1	1	0	1	1	1	1	1	1	1	0	0	1	1	1
PG01779	0	0	1	0	0	1	0	1	1	1	1	0	1	1	1	0	1	0	1	0	0	1	0	1
PG01780	1	1	1	1	1	1	1	1	1	1	1	1	1	1	1	1	1	1	1	1	1	1	1	1
PG01781	0	1	0	1	0	1	0	0	0	1	1	1	1	0	0	1	1	0	0	1	0	0	0	1
PG01783	0	0	0	1	1	0	1	1	0	1	0	0	0	0	1	0	0	1	0	1	0	0	1	0
PG01784	1	0	0	0	0	0	0	1	0	0	0	0	0	0	0	1	0	0	1	1	0	0	0	0
PG01785	0	1	1	1	1	1	1	1	1	1	1	1	1	1	1	1	1	1	1	0	1	1	1	0
PG01786	1	0	1	1	1	0	1	1	1	1	1	1	1	0	1	1	1	1	1	1	1	1	1	1
PG01787	1	1	1	1	1	1	1	1	1	1	1	1	1	1	1	1	1	1	0	1	0	1	1	1
PG01788	1	0	1	1	1	1	1	1	1	1	1	1	1	1	1	1	1	1	1	1	1	1	1	1
PG01788b	1	1	1	0	0	1	1	1	1	1	1	1	0	1	1	0	1	0	1	1	1	1	1	1
PG01789	1	1	1	1	0	0	1	1	1	0	1	1	1	1	0	1	1	0	1	1	1	1	0	1
PG01790	1	1	1	0	1	1	1	1	0	1	0	1	0	1	1	1	1	1	0	0	0	1	1	0
PG01791	1	1	1	1	1	1	1	1	1	1	1	0	1	0	1	1	1	1	0	1	1	1	1	1
PG01792	1	0	1	1	1	1	1	1	1	1	1	1	1	1	1	1	1	1	1	1	1	1	1	1
PG01794	1	1	0	0	0	0	1	0	0	1	0	0	0	0	0	0	0	0	0	0	0	0	0	0
PG01795	1	1	1	0	1	1	1	1	1	1	1	1	1	1	1	1	1	0	0	1	1	1	1	1
PG01796	1	1	0	1	1	1	1	1	0	1	1	1	0	0	1	1	1	1	1	1	1	0	0	1
PG01796b	1	0	1	1	1	1	1	1	1	1	1	1	1	1	1	1	1	1	1	1	1	1	1	1
PG01797	1	1	1	1	1	1	1	1	1	1	1	1	1	0	1	1	1	1	1	0	1	1	1	1
PG01798	1	1	1	1	1	1	1	1	1	1	1	1	0	1	1	1	1	0	1	1	1	1	1	1
PG01799	1	1	1	1	1	1	1	1	1	1	1	1	1	1	0	1	1	1	1	1	1	1	1	1
PG01800	1	1	1	1	1	1	1	1	1	0	0	1	1	1	1	1	1	1	1	1	1	1	1	1
PG01801	1	1	1	0	0	1	1	1	1	1	1	1	1	1	1	0	1	1	1	1	1	1	1	1
PG01804	1	1	1	1	1	1	0	0	1	1	1	1	1	0	1	1	1	1	1	1	1	1	1	1
PG01805	1	1	1	1	1	1	0	1	1	1	1	1	1	1	1	1	1	1	1	1	1	1	1	1
PG01806	1	1	1	1	1	0	1	1	1	1	1	1	1	0	1	1	0	1	1	1	0	0	1	1
PG01807	1	1	1	1	0	1	1	1	1	1	0	1	1	1	1	1	1	1	1	1	1	1	1	1
PG01807b	0	0	1	1	0	1	0	0	0	1	1	1	1	1	0	1	1	1	1	0	1	1	0	1
PG01808	0	0	1	1	0	0	1	1	1	0	0	1	0	1	0	0	1	1	0	1	0	1	0	1
PG01809	0	1	1	1	1	1	1	1	1	1	0	1	1	0	1	0	0	1	0	1	0	1	1	0
PG01810	1	1	1	1	1	1	1	1	1	1	1	1	1	1	1	1	1	1	1	1	1	1	1	1
PG01812	1	1	1	1	1	1	1	1	1	1	1	1	1	1	1	1	1	1	1	1	1	1	1	1
PG01813	1	0	0	0	1	0	0	0	1	1	1	1	1	1	1	0	0	1	0	1	1	1	1	1
PG01814	1	1	0	1	1	1	1	1	1	1	0	1	0	1	1	1	1	1	0	1	1	1	1	0
PG01815	1	1	0	1	1	1	0	1	1	1	1	1	0	0	1	1	0	0	0	0	1	0	1	1
PG01816	1	1	1	1	1	1	1	1	1	1	1	1	1	1	1	1	0	1	1	1	1	1	1	1
PG01817	1	1	0	0	1	0	1	0	0	0	1	0	0	0	0	0	0	0	0	0	0	1	1	1
PG01818	1	0	0	0	0	0	0	0	0	0	0	0	0	1	1	0	0	0	0	0	0	0	0	0
PG01819	1	1	1	0	0	1	0	0	0	1	0	0	1	1	1	0	1	1	1	1	1	1	0	0
PG01820	1	1	1	0	1	1	1	1	1	1	1	1	1	1	1	1	1	1	1	1	1	1	1	1
PG01821	1	1	1	1	1	1	1	1	1	1	1	1	0	1	1	1	1	1	1	0	1	1	1	1
PG01822	1	1	0	1	1	1	1	1	1	1	1	1	1	1	0	1	1	1	1	1	1	1	1	1
PG01823	1	1	1	1	1	1	1	0	1	1	1	1	1	1	1	1	1	0	1	1	1	1	1	1
PG01824	1	1	1	1	1	1	1	1	1	1	1	1	1	1	1	1	1	1	1	1	1	1	1	1
PG01826	1	1	1	1	1	1	1	0	1	1	1	1	1	1	1	1	1	1	1	1	1	1	1	1
PG01827	1	1	1	1	1	1	1	1	1	1	1	1	1	1	1	1	1	1	1	1	1	1	1	1
PG01828	1	1	1	1	1	1	1	1	1	1	1	1	1	1	1	1	1	1	1	1	1	1	0	1
PG01829	0	0	1	1	1	1	1	0	1	0	1	0	0	1	1	0	0	0	1	1	1	1	0	1
PG01830	1	1	1	1	1	1	1	1	1	1	1	1	1	1	1	1	1	1	1	1	1	1	1	1
PG01831	0	0	1	1	1	0	1	1	0	1	0	0	1	1	1	1	1	0	1	1	1	1	1	0
PGSHARED0001	1	1	1	1	1	1	1	1	1	1	1	0	1	1	1	1	1	1	1	1	0	1	1	1
PGSHARED0002	1	1	1	1	1	0	0	1	1	1	1	1	1	1	1	0	1	1	1	1	1	1	1	1
PGSHARED0004	1	1	1	1	1	1	1	1	1	1	1	1	0	1	1	0	1	1	1	1	1	1	1	1
PGSHARED0005	1	1	1	1	1	1	1	1	1	1	1	1	1	1	1	1	1	1	1	1	1	1	1	1
PGSHARED0006	1	1	1	1	1	1	1	1	1	1	1	1	1	1	1	0	1	1	1	1	1	1	1	1
PGSHARED0007	1	1	1	1	1	1	1	1	1	1	1	1	1	1	1	1	1	1	1	1	1	1	1	1
PGSHARED0008	1	1	1	1	1	1	1	1	1	1	1	1	1	1	1	1	1	1	1	1	1	1	1	1
PGSHARED0009	1	1	1	1	1	1	1	1	1	1	1	1	0	0	0	1	1	1	1	0	1	1	1	1
PGSHARED0010	1	1	1	1	0	1	1	1	1	1	1	1	1	1	1	1	1	1	1	1	1	1	1	1
PGSHARED0011	0	0	1	1	0	1	1	1	1	1	1	1	1	0	1	1	0	0	1	1	0	1	1	0
PGSHARED0012	1	1	1	1	1	1	1	1	1	1	1	1	0	1	1	1	1	1	1	1	0	1	1	0
PGSHARED0013	1	1	1	1	1	0	1	1	1	1	1	1	1	1	1	1	1	1	1	1	1	1	1	1
PGSHARED0014	1	1	1	1	1	1	1	1	1	1	1	1	1	1	1	1	1	1	1	1	1	1	0	1
PGSHARED0015	1	1	1	1	1	1	1	1	1	1	1	1	1	1	1	1	1	1	1	1	1	1	1	1
PGSHARED0016	1	1	0	1	1	1	0	1	1	1	1	1	1	1	1	1	1	0	1	1	1	1	1	1
PGSHARED0017	1	1	1	1	1	0	0	1	1	1	1	1	1	0	1	1	1	1	1	1	1	1	1	1
PGSHARED0018	1	1	1	1	1	1	1	1	1	1	1	1	1	1	1	1	1	1	0	1	1	1	1	1
PGSHARED0019	1	1	0	0	1	1	1	1	1	1	1	1	1	1	1	1	1	1	1	1	1	1	1	1
PGSHARED0020	1	1	0	1	1	1	1	1	1	1	1	1	1	1	1	1	1	1	1	1	1	1	1	1
PGSHARED0021	1	1	1	1	1	0	1	1	1	1	1	1	0	1	1	1	1	1	1	1	1	1	1	1
PGSHARED0022	1	1	1	1	1	1	1	1	1	1	1	1	1	1	1	1	1	1	1	1	1	1	1	1
PGSHARED0023	1	1	1	1	1	0	1	1	0	1	1	1	1	1	1	1	1	1	1	1	1	1	1	1
PGSHARED0024	1	1	1	1	1	1	1	1	1	1	1	1	0	1	1	1	1	1	0	1	1	0	1	1
PGSHARED0025	1	0	0	1	1	1	1	1	1	1	1	1	0	1	1	1	0	0	1	1	1	1	1	1
PGSHARED0026	1	1	1	1	1	1	1	1	1	1	1	1	1	1	1	1	1	1	1	1	1	0	0	1
PGSHARED0029	1	1	1	1	1	1	1	1	1	1	1	1	1	1	1	1	1	1	1	1	1	1	1	1
PGSHARED0030	1	1	1	1	1	1	0	1	1	1	1	1	1	1	1	1	1	1	1	1	1	1	1	1
PGSHARED0031	1	1	1	1	1	1	1	1	1	1	1	1	1	1	1	1	1	1	1	1	1	1	1	1
PGSHARED0032	1	1	0	1	1	1	1	1	1	1	1	1	1	1	1	1	1	1	1	1	1	1	1	1
PGSHARED0033	1	1	1	1	1	1	1	1	1	1	1	1	1	1	1	1	1	1	1	1	0	1	1	1
PGSHARED0034	1	0	1	1	1	1	1	1	1	1	1	1	1	1	1	1	1	1	1	1	1	0	1	1
PGSHARED0036	1	1	1	1	1	1	0	1	1	1	1	1	1	1	1	1	1	1	1	1	1	1	1	1
PGSHARED0037	1	1	1	1	1	1	1	1	1	1	1	1	1	1	1	1	1	1	1	1	1	1	0	1
PGSHARED0038	1	1	1	1	1	1	1	0	1	1	1	1	1	1	1	1	1	1	1	1	1	1	1	1
PGSHARED0039	1	1	1	1	1	1	1	1	1	1	1	1	1	1	1	1	1	1	1	1	1	1	1	1
PGSHARED0040	1	1	1	1	1	1	1	1	1	1	1	1	1	1	1	1	1	1	1	1	1	1	1	1
PGSHARED0041	1	1	1	1	1	1	1	1	1	1	1	1	1	1	1	1	1	1	1	0	1	1	1	1
PGSHARED0042	1	1	1	1	1	1	1	1	1	1	1	1	1	1	0	1	1	0	1	1	1	1	1	1
PGSHARED0043	1	0	1	1	1	1	1	1	1	1	0	1	1	1	1	1	1	1	0	1	1	0	1	1
PGSHARED0044	1	1	1	1	1	1	1	1	1	1	1	1	1	1	1	1	0	1	1	1	0	1	1	1
PGSHARED0045	1	1	1	1	1	1	1	1	1	1	1	1	0	1	1	1	1	1	1	1	0	1	1	1
PGSHARED0046	1	1	1	1	1	1	0	0	1	1	1	1	0	1	1	1	0	1	1	1	1	1	1	0
PGSHARED0047	1	1	1	0	0	1	1	1	1	1	1	1	1	1	1	1	1	1	1	1	1	1	1	1
PGSHARED0048	1	1	1	1	1	1	1	1	1	1	1	1	1	1	1	1	1	1	1	1	1	1	1	1
PGSHARED0049	1	0	1	1	0	1	0	0	1	1	0	1	1	1	1	1	1	0	1	1	1	1	0	1
PGSHARED0050	1	1	1	1	1	1	1	0	1	0	0	1	1	1	1	1	1	1	1	1	1	1	1	1
PGSHARED0051	1	1	0	1	1	1	1	1	1	1	0	1	1	1	1	1	1	1	1	1	1	1	0	1
PGSHARED0052	0	0	1	0	1	0	1	1	0	0	0	1	1	0	0	0	0	1	0	1	1	0	1	1
PGSHARED0053	1	1	1	1	1	1	1	0	1	1	0	1	1	1	1	1	1	1	1	1	1	1	1	1
PGSHARED0054	1	1	1	1	1	1	1	1	1	1	1	1	1	1	1	0	1	1	1	1	0	1	1	1
PGSHARED0055	1	1	1	1	1	1	1	0	1	1	1	1	1	1	0	1	1	1	1	1	1	1	1	1
PGSHARED0056	1	0	1	1	0	0	0	1	1	1	0	0	0	1	0	0	0	0	1	0	0	0	1	1
PGSHARED0058	1	1	1	1	1	1	1	1	1	1	1	1	1	1	1	1	1	1	1	1	1	1	1	1
PGSHARED0059	1	1	1	1	0	1	1	1	1	1	1	0	1	1	1	1	1	1	1	1	1	1	1	1
PGSHARED0060	1	1	0	1	1	1	1	0	0	1	1	1	1	1	1	0	0	1	1	1	1	1	1	1
PGSHARED0061	1	1	1	1	1	1	1	1	1	1	1	1	1	1	1	1	1	1	1	1	1	1	1	1
PGSHARED0062	0	0	1	1	1	0	0	0	0	0	1	1	0	1	1	1	1	0	1	1	0	1	0	0
PGSHARED0063	1	1	1	1	1	1	0	1	1	1	1	1	1	1	1	1	1	1	1	1	1	1	1	1
PGSHARED0064	1	1	1	0	1	1	1	1	1	1	1	1	0	1	1	1	0	1	1	1	1	1	1	1
PGSHARED0065	1	1	1	1	1	1	1	1	1	1	1	0	1	1	0	1	1	1	0	1	1	1	1	1
PGSHARED0066	0	1	1	1	1	1	1	1	1	1	1	1	1	1	1	1	1	1	1	1	1	1	1	1
PGSHARED0067	1	1	1	1	1	1	1	1	1	1	1	1	1	1	1	1	1	1	1	1	1	1	1	1
PGSHARED0068	1	0	1	1	0	1	1	1	1	1	1	1	1	1	1	1	1	0	1	1	1	1	1	1
PGSHARED0069	1	0	1	1	1	1	1	1	1	1	1	1	1	1	1	1	1	1	1	1	1	1	1	1
PGSHARED0070	1	1	1	1	1	1	0	0	1	1	1	1	1	1	1	1	1	1	1	1	1	1	1	1
PGSHARED0071	1	1	1	1	1	1	1	1	1	1	1	1	1	1	1	1	1	1	0	1	1	1	0	1
PGSHARED0072	0	1	0	1	1	1	1	1	1	1	1	1	1	0	1	1	1	1	1	0	0	1	1	0
PGSHARED0073	1	1	1	1	1	1	1	1	1	1	1	1	1	1	1	1	1	1	1	1	1	1	1	1
