comp	n_gene	n_group	type
1	1	1	simple
2	1	1	simple
3	1	1	simple
4	1	1	simple
5	1	1	simple
6	1	1	simple
7	1	1	simple
8	1	1	simple
9	1	1	simple
10	1	1	simple
11	1	1	simple
12	1	1	simple
13	1	1	simple
14	1	1	simple
15	1	1	simple
16	1	1	simple
17	1	1	simple
18	1	1	simple
19	1	1	simple
20	1	1	simple
21	1	1	simple
22	1	1	simple
23	1	1	simple
24	1	1	simple
25	1	1	simple
26	1	2	split
27	1	1	simple
28	1	1	simple
29	1	1	simple
30	1	1	simple
31	1	1	simple
32	1	1	simple
33	1	1	simple
34	1	1	simple
35	1	1	simple
36	1	1	simple
37	1	1	simple
38	1	1	simple
39	1	1	simple
40	1	1	simple
41	1	1	simple
42	1	1	simple
43	1	1	simple
44	1	1	simple
45	1	1	simple
46	1	1	simple
47	1	1	simple
48	1	1	simple
49	1	2	split
50	1	1	simple
51	1	1	simple
52	1	1	simple
53	1	1	simple
54	1	1	simple
55	1	1	simple
56	1	1	simple
57	1	1	simple
58	1	1	simple
59	1	1	simple
60	1	1	simple
61	1	1	simple
62	1	1	simple
63	1	1	simple
64	1	1	simple
65	1	1	simple
66	1	1	simple
67	1	1	simple
68	1	1	simple
69	1	1	simple
70	1	1	simple
71	1	1	simple
72	1	1	simple
73	1	1	simple
74	1	1	simple
75	1	1	simple
76	1	1	simple
77	1	1	simple
78	1	1	simple
79	1	1	simple
80	1	1	simple
81	1	1	simple
82	1	1	simple
83	1	1	simple
84	1	1	simple
85	1	1	simple
86	1	1	simple
87	1	1	simple
88	1	1	simple
89	1	1	simple
90	1	1	simple
91	1	1	simple
92	1	1	simple
93	1	1	simple
94	1	1	simple
95	1	1	simple
96	1	1	simple
97	1	1	simple
98	1	1	simple
99	1	1	simple
100	1	1	simple
101	1	2	split
102	1	1	simple
103	1	1	simple
104	1	1	simple
105	1	1	simple
106	1	1	simple
107	1	1	simple
108	1	1	simple
109	1	1	simple
110	1	2	split
111	1	1	simple
112	1	1	simple
113	1	1	simple
114	1	1	simple
115	1	1	simple
116	1	1	simple
117	1	2	split
118	1	1	simple
119	1	1	simple
120	1	1	simple
121	1	1	simple
122	1	1	simple
123	1	1	simple
124	1	1	simple
125	1	1	simple
126	1	2	split
127	1	1	simple
128	1	1	simple
129	1	1	simple
130	1	1	simple
131	1	1	simple
132	1	1	simple
133	1	1	simple
134	1	1	simple
135	1	1	simple
136	1	2	split
137	1	1	simple
138	1	1	simple
139	1	1	simple
140	1	1	simple
141	1	1	simple
142	1	1	simple
143	1	1	simple
144	1	1	simple
145	1	1	simple
146	1	1	simple
147	1	1	simple
148	1	1	simple
149	1	1	simple
150	1	1	simple
151	1	1	simple
152	1	1	simple
153	1	1	simple
154	1	1	simple
155	1	1	simple
156	1	1	simple
157	1	1	simple
158	1	1	simple
159	1	1	simple
160	1	1	simple
161	1	2	split
162	1	1	simple
163	1	2	split
164	1	1	simple
165	1	1	simple
166	1	1	simple
167	1	1	simple
168	1	1	simple
169	1	1	simple
170	1	1	simple
171	1	1	simple
172	1	1	simple
173	1	1	simple
174	1	1	simple
175	1	1	simple
176	1	1	simple
177	1	1	simple
178	1	1	simple
179	1	1	simple
180	1	1	simple
181	1	1	simple
182	1	1	simple
183	1	1	simple
184	1	1	simple
185	1	1	simple
186	1	1	simple
187	1	1	simple
188	1	1	simple
189	1	1	simple
190	1	1	simple
191	1	1	simple
192	1	1	simple
193	1	1	simple
194	1	2	split
195	1	1	simple
196	1	1	simple
197	1	1	simple
198	1	1	simple
199	1	1	simple
200	1	1	simple
201	1	1	simple
202	1	1	simple
203	1	1	simple
204	1	1	simple
205	1	1	simple
206	1	1	simple
207	1	1	simple
208	1	1	simple
209	1	1	simple
210	1	1	simple
211	1	1	simple
212	1	1	simple
213	1	1	simple
214	1	1	simple
215	1	1	simple
216	1	1	simple
217	1	1	simple
218	1	1	simple
219	1	1	simple
220	1	1	simple
221	1	2	split
222	1	1	simple
223	1	1	simple
224	1	1	simple
225	1	1	simple
226	1	1	simple
227	1	1	simple
228	1	1	simple
229	1	1	simple
230	1	1	simple
231	1	1	simple
232	1	1	simple
233	1	1	simple
234	1	1	simple
235	1	1	simple
236	1	1	simple
237	1	1	simple
238	1	1	simple
239	1	1	simple
240	1	1	simple
241	1	1	simple
242	1	1	simple
243	1	1	simple
244	1	1	simple
245	1	1	simple
246	1	1	simple
247	1	1	simple
248	1	1	simple
249	1	1	simple
250	1	1	simple
251	1	1	simple
252	1	1	simple
253	1	1	simple
254	1	1	simple
255	1	1	simple
256	1	1	simple
257	1	1	simple
258	1	1	simple
259	1	1	simple
260	1	1	simple
261	1	1	simple
262	1	1	simple
263	1	1	simple
264	1	1	simple
265	1	1	simple
266	1	1	simple
267	1	1	simple
268	1	1	simple
269	1	1	simple
270	1	1	simple
271	1	1	simple
272	1	1	simple
273	1	1	simple
274	1	1	simple
275	1	1	simple
276	1	1	simple
277	1	1	simple
278	1	1	simple
279	1	1	simple
280	1	2	split
281	1	1	simple
282	1	1	simple
283	1	1	simple
284	1	1	simple
285	1	1	simple
286	1	1	simple
287	1	1	simple
288	1	1	simple
289	1	1	simple
290	1	1	simple
291	1	1	simple
292	1	1	simple
293	1	1	simple
294	1	1	simple
295	1	1	simple
296	1	2	split
297	1	1	simple
298	1	1	simple
299	1	1	simple
300	1	1	simple
301	1	1	simple
302	1	1	simple
303	1	1	simple
304	1	1	simple
305	1	1	simple
306	1	1	simple
307	1	1	simple
308	1	1	simple
309	1	1	simple
310	1	1	simple
311	1	1	simple
312	1	1	simple
313	1	1	simple
314	1	1	simple
315	1	2	split
316	1	1	simple
317	1	1	simple
318	1	1	simple
319	1	1	simple
320	1	1	simple
321	1	1	simple
322	1	1	simple
323	1	1	simple
324	1	1	simple
325	1	1	simple
326	1	1	simple
327	1	1	simple
328	1	2	split
329	1	1	simple
330	1	2	split
331	1	1	simple
332	1	1	simple
333	1	1	simple
334	1	1	simple
335	1	1	simple
336	1	1	simple
337	1	1	simple
338	1	1	simple
339	1	1	simple
340	1	1	simple
341	1	1	simple
342	1	1	simple
343	1	1	simple
344	1	2	split
345	1	1	simple
346	1	1	simple
347	1	1	simple
348	1	1	simple
349	1	1	simple
350	1	1	simple
351	1	1	simple
352	1	1	simple
353	1	1	simple
354	1	1	simple
355	1	2	split
356	1	1	simple
357	1	1	simple
358	1	1	simple
359	1	1	simple
360	1	1	simple
361	1	1	simple
362	1	1	simple
363	1	1	simple
364	1	1	simple
365	1	1	simple
366	1	1	simple
367	1	1	simple
368	1	1	simple
369	1	1	simple
370	1	1	simple
371	1	1	simple
372	1	1	simple
373	1	1	simple
374	1	1	simple
375	1	1	simple
376	1	1	simple
377	1	1	simple
378	1	1	simple
379	1	1	simple
380	1	1	simple
381	1	1	simple
382	1	1	simple
383	1	1	simple
384	1	1	simple
385	1	1	simple
386	1	1	simple
387	1	1	simple
388	1	1	simple
389	1	1	simple
390	1	2	split
391	1	1	simple
392	1	1	simple
393	1	1	simple
394	1	1	simple
395	1	1	simple
396	1	1	simple
397	1	1	simple
398	1	1	simple
399	1	1	simple
400	1	1	simple
401	1	1	simple
402	1	1	simple
403	1	1	simple
404	1	1	simple
405	1	1	simple
406	1	1	simple
407	1	1	simple
408	1	1	simple
409	1	1	simple
410	1	1	simple
411	1	1	simple
412	1	1	simple
413	1	1	simple
414	1	1	simple
415	1	1	simple
416	1	1	simple
417	1	1	simple
418	1	1	simple
419	1	1	simple
420	1	1	simple
421	1	1	simple
422	1	1	simple
423	1	1	simple
424	1	1	simple
425	1	2	split
426	1	1	simple
427	1	1	simple
428	1	1	simple
429	1	1	simple
430	1	1	simple
431	1	1	simple
432	1	1	simple
433	1	1	simple
434	1	1	simple
435	1	1	simple
436	1	1	simple
437	1	1	simple
438	1	1	simple
439	1	1	simple
440	1	1	simple
441	1	1	simple
442	1	1	simple
443	1	1	simple
444	1	1	simple
445	1	1	simple
446	1	1	simple
447	1	2	split
448	1	1	simple
449	1	1	simple
450	1	1	simple
451	1	1	simple
452	1	1	simple
453	1	1	simple
454	1	1	simple
455	1	2	split
456	1	1	simple
457	1	1	simple
458	1	1	simple
459	1	1	simple
460	1	1	simple
461	1	1	simple
462	1	1	simple
463	1	1	simple
464	1	1	simple
465	1	1	simple
466	1	1	simple
467	1	1	simple
468	1	1	simple
469	1	1	simple
470	1	1	simple
471	1	1	simple
472	1	1	simple
473	1	1	simple
474	1	1	simple
475	1	1	simple
476	1	1	simple
477	1	1	simple
478	1	1	simple
479	1	1	simple
480	1	1	simple
481	1	1	simple
482	1	1	simple
483	1	1	simple
484	1	1	simple
485	1	2	split
486	1	1	simple
487	1	1	simple
488	1	1	simple
489	1	1	simple
490	1	1	simple
491	1	1	simple
492	1	1	simple
493	1	1	simple
494	1	1	simple
495	1	1	simple
496	1	1	simple
497	1	1	simple
498	1	1	simple
499	1	1	simple
500	1	1	simple
501	1	1	simple
502	1	1	simple
503	1	1	simple
504	1	1	simple
505	1	1	simple
506	1	1	simple
507	1	1	simple
508	1	1	simple
509	1	1	simple
510	1	1	simple
511	1	1	simple
512	1	1	simple
513	1	1	simple
514	1	1	simple
515	1	1	simple
516	1	1	simple
517	1	1	simple
518	1	1	simple
519	1	1	simple
520	1	1	simple
521	1	1	simple
522	1	1	simple
523	1	1	simple
524	1	1	simple
525	1	1	simple
526	1	1	simple
527	1	1	simple
528	1	1	simple
529	1	1	simple
530	1	1	simple
531	1	1	simple
532	1	1	simple
533	1	1	simple
534	1	1	simple
535	1	2	split
536	1	1	simple
537	1	1	simple
538	1	1	simple
539	1	1	simple
540	1	1	simple
541	1	1	simple
542	1	1	simple
543	1	1	simple
544	1	1	simple
545	1	1	simple
546	1	1	simple
547	1	1	simple
548	1	1	simple
549	1	1	simple
550	1	1	simple
551	1	1	simple
552	1	1	simple
553	1	1	simple
554	1	1	simple
555	1	2	split
556	1	1	simple
557	1	1	simple
558	1	1	simple
559	1	1	simple
560	1	1	simple
561	1	1	simple
562	1	1	simple
563	1	1	simple
564	1	1	simple
565	1	1	simple
566	1	1	simple
567	1	1	simple
568	1	1	simple
569	1	1	simple
570	1	1	simple
571	1	1	simple
572	1	1	simple
573	1	1	simple
574	1	1	simple
575	1	1	simple
576	1	1	simple
577	1	1	simple
578	1	1	simple
579	1	1	simple
580	1	1	simple
581	1	1	simple
582	1	1	simple
583	1	1	simple
584	1	2	split
585	1	1	simple
586	1	1	simple
587	1	1	simple
588	1	1	simple
589	1	1	simple
590	1	1	simple
591	1	1	simple
592	1	1	simple
593	1	1	simple
594	1	1	simple
595	1	1	simple
596	1	1	simple
597	1	2	split
598	1	1	simple
599	1	1	simple
600	1	1	simple
601	1	1	simple
602	1	1	simple
603	1	1	simple
604	1	1	simple
605	1	1	simple
606	1	1	simple
607	1	1	simple
608	1	1	simple
609	1	1	simple
610	1	1	simple
611	1	1	simple
612	1	1	simple
613	1	1	simple
614	1	1	simple
615	1	1	simple
616	1	1	simple
617	1	1	simple
618	1	1	simple
619	1	1	simple
620	1	1	simple
621	1	1	simple
622	1	1	simple
623	1	1	simple
624	1	1	simple
625	1	1	simple
626	1	1	simple
627	1	1	simple
628	1	1	simple
629	1	1	simple
630	1	1	simple
631	1	1	simple
632	1	1	simple
633	1	2	split
634	1	1	simple
635	1	1	simple
636	1	1	simple
637	1	1	simple
638	1	1	simple
639	1	2	split
640	1	2	split
641	1	1	simple
642	1	1	simple
643	1	1	simple
644	1	1	simple
645	1	1	simple
646	1	1	simple
647	1	1	simple
648	1	1	simple
649	1	1	simple
650	1	1	simple
651	1	1	simple
652	1	1	simple
653	1	1	simple
654	1	1	simple
655	1	1	simple
656	1	1	simple
657	1	1	simple
658	1	1	simple
659	1	1	simple
660	1	1	simple
661	1	1	simple
662	1	1	simple
663	1	1	simple
664	1	1	simple
665	1	1	simple
666	1	1	simple
667	1	1	simple
668	1	1	simple
669	1	1	simple
670	1	1	simple
671	1	1	simple
672	1	1	simple
673	1	1	simple
674	1	1	simple
675	1	1	simple
676	1	1	simple
677	1	1	simple
678	1	1	simple
679	1	1	simple
680	1	1	simple
681	1	1	simple
682	1	1	simple
683	1	1	simple
684	1	1	simple
685	1	1	simple
686	1	1	simple
687	1	1	simple
688	1	1	simple
689	1	1	simple
690	1	1	simple
691	1	1	simple
692	1	1	simple
693	1	1	simple
694	1	1	simple
695	1	1	simple
696	1	1	simple
697	1	1	simple
698	1	1	simple
699	1	1	simple
700	1	1	simple
701	1	1	simple
702	1	1	simple
703	1	1	simple
704	1	1	simple
705	1	1	simple
706	1	1	simple
707	1	1	simple
708	1	1	simple
709	1	1	simple
710	1	1	simple
711	1	1	simple
712	1	1	simple
713	1	1	simple
714	1	1	simple
715	1	1	simple
716	1	1	simple
717	1	1	simple
718	1	1	simple
719	1	1	simple
720	1	1	simple
721	1	1	simple
722	1	2	split
723	1	1	simple
724	1	1	simple
725	1	1	simple
726	1	1	simple
727	1	1	simple
728	1	1	simple
729	1	1	simple
730	1	1	simple
731	1	1	simple
732	1	1	simple
733	1	1	simple
734	1	1	simple
735	1	1	simple
736	1	1	simple
737	1	1	simple
738	1	1	simple
739	1	1	simple
740	1	1	simple
741	1	1	simple
742	1	2	split
743	1	1	simple
744	1	1	simple
745	1	1	simple
746	1	1	simple
747	1	1	simple
748	1	1	simple
749	1	1	simple
750	1	1	simple
751	1	1	simple
752	1	1	simple
753	1	1	simple
754	1	1	simple
755	1	1	simple
756	1	1	simple
757	1	1	simple
758	1	1	simple
759	1	1	simple
760	1	1	simple
761	1	1	simple
762	1	1	simple
763	1	1	simple
764	1	1	simple
765	1	1	simple
766	1	1	simple
767	1	1	simple
768	1	1	simple
769	1	1	simple
770	1	1	simple
771	1	1	simple
772	1	1	simple
773	1	1	simple
774	1	1	simple
775	1	1	simple
776	1	1	simple
777	1	1	simple
778	1	1	simple
779	1	1	simple
780	1	1	simple
781	1	1	simple
782	1	1	simple
783	1	1	simple
784	1	1	simple
785	1	1	simple
786	1	1	simple
787	1	1	simple
788	1	1	simple
789	1	1	simple
790	1	1	simple
791	1	1	simple
792	1	1	simple
793	1	1	simple
794	1	1	simple
795	1	1	simple
796	1	1	simple
797	1	1	simple
798	1	1	simple
799	1	1	simple
800	1	1	simple
801	1	1	simple
802	1	1	simple
803	1	1	simple
804	1	1	simple
805	1	1	simple
806	1	1	simple
807	1	1	simple
808	1	1	simple
809	1	1	simple
810	1	1	simple
811	1	2	split
812	1	1	simple
813	1	1	simple
814	1	1	simple
815	1	1	simple
816	1	1	simple
817	1	1	simple
818	1	1	simple
819	1	1	simple
820	1	2	split
821	1	1	simple
822	1	1	simple
823	1	1	simple
824	1	1	simple
825	1	1	simple
826	1	1	simple
827	1	2	split
828	1	1	simple
829	1	1	simple
830	1	1	simple
831	1	2	split
832	1	1	simple
833	1	1	simple
834	1	1	simple
835	1	1	simple
836	1	1	simple
837	1	1	simple
838	1	1	simple
839	1	1	simple
840	1	1	simple
841	1	1	simple
842	1	1	simple
843	1	1	simple
844	1	1	simple
845	1	1	simple
846	1	1	simple
847	1	1	simple
848	1	1	simple
849	1	1	simple
850	1	1	simple
851	1	1	simple
852	1	1	simple
853	1	1	simple
854	1	1	simple
855	1	1	simple
856	1	1	simple
857	1	1	simple
858	1	1	simple
859	1	1	simple
860	1	1	simple
861	1	1	simple
862	1	1	simple
863	1	1	simple
864	1	1	simple
865	1	1	simple
866	1	1	simple
867	1	2	split
868	1	1	simple
869	1	1	simple
870	1	1	simple
871	1	1	simple
872	1	1	simple
873	1	1	simple
874	1	1	simple
875	1	1	simple
876	1	1	simple
877	1	1	simple
878	1	1	simple
879	1	1	simple
880	1	1	simple
881	1	1	simple
882	1	1	simple
883	1	2	split
884	1	1	simple
885	1	1	simple
886	1	1	simple
887	1	1	simple
888	1	1	simple
889	1	1	simple
890	1	1	simple
891	1	1	simple
892	1	1	simple
893	1	1	simple
894	1	1	simple
895	1	1	simple
896	1	1	simple
897	1	1	simple
898	1	1	simple
899	1	1	simple
900	1	1	simple
901	1	1	simple
902	1	1	simple
903	1	1	simple
904	1	1	simple
905	1	1	simple
906	1	1	simple
907	1	2	split
908	1	1	simple
909	1	1	simple
910	1	1	simple
911	1	1	simple
912	1	1	simple
913	1	1	simple
914	1	1	simple
915	1	1	simple
916	1	1	simple
917	1	1	simple
918	1	1	simple
919	1	2	split
920	1	1	simple
921	1	1	simple
922	1	1	simple
923	1	1	simple
924	1	1	simple
925	1	1	simple
926	1	1	simple
927	1	1	simple
928	1	1	simple
929	1	1	simple
930	1	1	simple
931	1	1	simple
932	1	1	simple
933	1	1	simple
934	1	1	simple
935	1	1	simple
936	1	1	simple
937	1	1	simple
938	1	1	simple
939	1	2	split
940	1	1	simple
941	1	1	simple
942	1	1	simple
943	1	1	simple
944	1	1	simple
945	1	1	simple
946	1	1	simple
947	1	1	simple
948	1	1	simple
949	1	1	simple
950	1	1	simple
951	1	1	simple
952	1	1	simple
953	1	1	simple
954	1	1	simple
955	1	1	simple
956	1	1	simple
957	1	1	simple
958	1	1	simple
959	1	1	simple
960	1	1	simple
961	1	2	split
962	1	1	simple
963	1	1	simple
964	1	1	simple
965	1	1	simple
966	1	2	split
967	1	1	simple
968	1	1	simple
969	1	2	split
970	1	1	simple
971	1	1	simple
972	1	1	simple
973	1	1	simple
974	1	1	simple
975	1	1	simple
976	1	1	simple
977	1	1	simple
978	1	2	split
979	1	1	simple
980	1	1	simple
981	1	1	simple
982	1	1	simple
983	1	1	simple
984	1	1	simple
985	1	1	simple
986	1	1	simple
987	1	1	simple
988	1	1	simple
989	1	1	simple
990	1	1	simple
991	1	1	simple
992	1	1	simple
993	1	1	simple
994	1	1	simple
995	1	1	simple
996	1	1	simple
997	1	1	simple
998	1	1	simple
999	1	1	simple
1000	1	1	simple
1001	1	2	split
1002	1	1	simple
1003	1	1	simple
1004	1	1	simple
1005	1	1	simple
1006	1	1	simple
1007	1	2	split
1008	1	1	simple
1009	1	1	simple
1010	1	1	simple
1011	1	1	simple
1012	1	1	simple
1013	1	1	simple
1014	1	1	simple
1015	1	1	simple
1016	1	1	simple
1017	1	1	simple
1018	1	1	simple
1019	1	1	simple
1020	1	1	simple
1021	1	1	simple
1022	1	2	split
1023	1	1	simple
1024	1	1	simple
1025	1	1	simple
1026	1	1	simple
1027	1	1	simple
1028	1	1	simple
1029	1	1	simple
1030	1	1	simple
1031	1	1	simple
1032	1	1	simple
1033	1	1	simple
1034	1	1	simple
1035	1	1	simple
1036	1	1	simple
1037	1	1	simple
1038	1	1	simple
1039	1	1	simple
1040	1	1	simple
1041	1	1	simple
1042	1	1	simple
1043	1	1	simple
1044	1	1	simple
1045	1	1	simple
1046	1	1	simple
1047	1	1	simple
1048	1	1	simple
1049	1	1	simple
1050	1	1	simple
1051	1	1	simple
1052	1	1	simple
1053	1	1	simple
1054	1	1	simple
1055	1	2	split
1056	1	1	simple
1057	1	1	simple
1058	1	2	split
1059	1	1	simple
1060	1	1	simple
1061	1	1	simple
1062	1	1	simple
1063	1	2	split
1064	1	1	simple
1065	1	1	simple
1066	1	1	simple
1067	1	1	simple
1068	1	1	simple
1069	1	1	simple
1070	1	1	simple
1071	1	1	simple
1072	1	1	simple
1073	1	1	simple
1074	1	1	simple
1075	1	2	split
1076	1	1	simple
1077	1	1	simple
1078	1	1	simple
1079	1	1	simple
1080	1	1	simple
1081	1	1	simple
1082	1	1	simple
1083	1	1	simple
1084	1	1	simple
1085	1	1	simple
1086	1	1	simple
1087	1	1	simple
1088	1	1	simple
1089	1	1	simple
1090	1	1	simple
1091	1	1	simple
1092	1	1	simple
1093	1	1	simple
1094	1	1	simple
1095	1	1	simple
1096	1	1	simple
1097	1	1	simple
1098	1	1	simple
1099	1	1	simple
1100	1	1	simple
1101	1	1	simple
1102	1	1	simple
1103	1	1	simple
1104	1	1	simple
1105	1	1	simple
1106	1	1	simple
1107	1	1	simple
1108	1	1	simple
1109	1	1	simple
1110	1	1	simple
1111	1	1	simple
1112	1	1	simple
1113	1	1	simple
1114	1	1	simple
1115	1	1	simple
1116	1	1	simple
1117	1	2	split
1118	1	1	simple
1119	1	2	split
1120	1	1	simple
1121	1	1	simple
1122	1	2	split
1123	1	1	simple
1124	1	1	simple
1125	1	1	simple
1126	1	1	simple
1127	1	1	simple
1128	1	1	simple
1129	1	1	simple
1130	1	1	simple
1131	1	1	simple
1132	1	1	simple
1133	1	1	simple
1134	1	1	simple
1135	1	1	simple
1136	1	1	simple
1137	1	1	simple
1138	1	1	simple
1139	1	1	simple
1140	1	1	simple
1141	1	2	split
1142	1	1	simple
1143	1	1	simple
1144	1	1	simple
1145	1	1	simple
1146	1	1	simple
1147	1	1	simple
1148	1	1	simple
1149	1	1	simple
1150	1	1	simple
1151	1	1	simple
1152	1	1	simple
1153	1	1	simple
1154	1	1	simple
1155	1	1	simple
1156	1	1	simple
1157	1	1	simple
1158	1	1	simple
1159	1	1	simple
1160	1	1	simple
1161	1	1	simple
1162	1	1	simple
1163	1	1	simple
1164	1	1	simple
1165	1	1	simple
1166	1	1	simple
1167	1	1	simple
1168	1	1	simple
1169	1	1	simple
1170	1	1	simple
1171	1	1	simple
1172	1	1	simple
1173	1	1	simple
1174	1	1	simple
1175	1	1	simple
1176	1	1	simple
1177	1	1	simple
1178	1	1	simple
1179	1	1	simple
1180	1	1	simple
1181	1	1	simple
1182	1	1	simple
1183	1	1	simple
1184	1	1	simple
1185	1	1	simple
1186	1	1	simple
1187	1	1	simple
1188	1	1	simple
1189	1	1	simple
1190	1	1	simple
1191	1	1	simple
1192	1	1	simple
1193	1	1	simple
1194	1	1	simple
1195	1	1	simple
1196	1	1	simple
1197	1	1	simple
1198	1	1	simple
1199	1	1	simple
1200	1	1	simple
1201	1	1	simple
1202	1	1	simple
1203	1	1	simple
1204	1	1	simple
1205	1	1	simple
1206	1	1	simple
1207	1	1	simple
1208	1	1	simple
1209	1	1	simple
1210	1	1	simple
1211	1	1	simple
1212	1	1	simple
1213	1	2	split
1214	1	1	simple
1215	1	1	simple
1216	1	1	simple
1217	1	1	simple
1218	1	1	simple
1219	1	1	simple
1220	1	1	simple
1221	1	1	simple
1222	1	1	simple
1223	1	1	simple
1224	1	1	simple
1225	1	1	simple
1226	1	1	simple
1227	1	1	simple
1228	1	1	simple
1229	1	1	simple
1230	1	1	simple
1231	1	1	simple
1232	1	1	simple
1233	1	1	simple
1234	1	1	simple
1235	1	1	simple
1236	1	2	split
1237	1	1	simple
1238	1	1	simple
1239	1	1	simple
1240	1	1	simple
1241	1	1	simple
1242	1	1	simple
1243	1	1	simple
1244	1	1	simple
1245	1	1	simple
1246	1	1	simple
1247	1	1	simple
1248	1	1	simple
1249	1	1	simple
1250	1	1	simple
1251	1	1	simple
1252	1	1	simple
1253	1	1	simple
1254	1	1	simple
1255	1	1	simple
1256	1	1	simple
1257	1	1	simple
1258	1	1	simple
1259	1	1	simple
1260	1	1	simple
1261	1	1	simple
1262	1	1	simple
1263	1	1	simple
1264	1	1	simple
1265	1	1	simple
1266	1	1	simple
1267	1	1	simple
1268	1	1	simple
1269	1	1	simple
1270	1	1	simple
1271	1	1	simple
1272	1	1	simple
1273	1	1	simple
1274	1	1	simple
1275	1	1	simple
1276	1	1	simple
1277	1	1	simple
1278	1	1	simple
1279	1	1	simple
1280	1	1	simple
1281	1	1	simple
1282	1	1	simple
1283	1	1	simple
1284	1	1	simple
1285	1	1	simple
1286	1	2	split
1287	1	1	simple
1288	1	1	simple
1289	1	1	simple
1290	1	1	simple
1291	1	1	simple
1292	1	1	simple
1293	1	1	simple
1294	1	1	simple
1295	1	1	simple
1296	1	1	simple
1297	1	1	simple
1298	1	1	simple
1299	1	1	simple
1300	1	1	simple
1301	1	1	simple
1302	1	1	simple
1303	1	1	simple
1304	1	1	simple
1305	1	1	simple
1306	1	1	simple
1307	1	1	simple
1308	1	1	simple
1309	1	1	simple
1310	1	1	simple
1311	1	1	simple
1312	1	1	simple
1313	1	1	simple
1314	1	1	simple
1315	1	2	split
1316	1	1	simple
1317	1	1	simple
1318	1	1	simple
1319	1	1	simple
1320	1	1	simple
1321	1	1	simple
1322	1	1	simple
1323	1	1	simple
1324	1	1	simple
1325	1	2	split
1326	1	1	simple
1327	1	1	simple
1328	1	1	simple
1329	1	1	simple
1330	1	1	simple
1331	1	1	simple
1332	1	1	simple
1333	1	1	simple
1334	1	1	simple
1335	1	1	simple
1336	1	1	simple
1337	1	1	simple
1338	1	1	simple
1339	1	1	simple
1340	1	1	simple
1341	1	2	split
1342	1	1	simple
1343	1	1	simple
1344	1	1	simple
1345	1	1	simple
1346	1	1	simple
1347	1	1	simple
1348	1	1	simple
1349	1	1	simple
1350	1	2	split
1351	1	1	simple
1352	1	1	simple
1353	1	1	simple
1354	1	1	simple
1355	1	1	simple
1356	1	1	simple
1357	1	1	simple
1358	1	1	simple
1359	1	1	simple
1360	1	2	split
1361	1	1	simple
1362	1	1	simple
1363	1	1	simple
1364	1	1	simple
1365	1	1	simple
1366	1	1	simple
1367	1	1	simple
1368	1	1	simple
1369	1	1	simple
1370	1	1	simple
1371	1	1	simple
1372	1	1	simple
1373	1	1	simple
1374	1	1	simple
1375	1	1	simple
1376	1	1	simple
1377	1	1	simple
1378	1	1	simple
1379	1	1	simple
1380	1	1	simple
1381	1	1	simple
1382	1	1	simple
1383	1	1	simple
1384	1	1	simple
1385	1	1	simple
1386	1	1	simple
1387	1	1	simple
1388	1	1	simple
1389	1	1	simple
1390	1	1	simple
1391	1	1	simple
1392	1	1	simple
1393	1	1	simple
1394	1	1	simple
1395	1	1	simple
1396	1	1	simple
1397	1	1	simple
1398	1	2	split
1399	1	1	simple
1400	1	1	simple
1401	1	1	simple
1402	1	1	simple
1403	1	1	simple
1404	1	1	simple
1405	1	1	simple
1406	1	1	simple
1407	1	1	simple
1408	1	2	split
1409	1	1	simple
1410	1	1	simple
1411	1	1	simple
1412	1	1	simple
1413	1	1	simple
1414	1	1	simple
1415	1	1	simple
1416	1	1	simple
1417	1	1	simple
1418	1	1	simple
1419	1	1	simple
1420	1	1	simple
1421	1	1	simple
1422	1	1	simple
1423	1	1	simple
1424	1	1	simple
1425	1	1	simple
1426	1	1	simple
1427	1	1	simple
1428	1	1	simple
1429	1	1	simple
1430	1	1	simple
1431	1	1	simple
1432	1	1	simple
1433	1	1	simple
1434	1	1	simple
1435	1	1	simple
1436	1	1	simple
1437	1	1	simple
1438	1	1	simple
1439	1	1	simple
1440	1	1	simple
1441	1	1	simple
1442	1	1	simple
1443	1	1	simple
1444	1	1	simple
1445	1	1	simple
1446	1	1	simple
1447	1	1	simple
1448	1	1	simple
1449	1	2	split
1450	1	1	simple
1451	1	1	simple
1452	1	1	simple
1453	1	1	simple
1454	1	1	simple
1455	1	1	simple
1456	1	1	simple
1457	1	1	simple
1458	1	1	simple
1459	1	1	simple
1460	1	1	simple
1461	1	1	simple
1462	1	1	simple
1463	1	1	simple
1464	1	1	simple
1465	1	1	simple
1466	1	1	simple
1467	1	1	simple
1468	1	1	simple
1469	1	2	split
1470	1	1	simple
1471	1	1	simple
1472	1	1	simple
1473	1	1	simple
1474	1	1	simple
1475	1	1	simple
1476	1	2	split
1477	1	1	simple
1478	1	1	simple
1479	1	1	simple
1480	1	1	simple
1481	1	1	simple
1482	1	1	simple
1483	1	1	simple
1484	1	1	simple
1485	1	2	split
1486	1	1	simple
1487	1	1	simple
1488	1	1	simple
1489	1	1	simple
1490	1	1	simple
1491	1	1	simple
1492	1	1	simple
1493	1	1	simple
1494	1	1	simple
1495	1	1	simple
1496	1	1	simple
1497	1	1	simple
1498	1	1	simple
1499	1	1	simple
1500	1	1	simple
1501	1	1	simple
1502	1	1	simple
1503	1	1	simple
1504	1	1	simple
1505	1	1	simple
1506	1	1	simple
1507	1	1	simple
1508	2	1	shared
1509	2	1	shared
1510	2	1	shared
1511	2	1	shared
1512	2	1	shared
1513	2	1	shared
1514	2	1	shared
1515	2	1	shared
1516	2	1	shared
1517	2	1	shared
1518	2	1	shared
1519	2	1	shared
1520	2	1	shared
1521	2	1	shared
1522	2	1	shared
1523	2	1	shared
1524	2	1	shared
1525	2	1	shared
1526	2	1	shared
1527	2	1	shared
1528	2	1	shared
1529	2	1	shared
1530	2	1	shared
1531	2	1	shared
1532	2	1	shared
1533	2	1	shared
1534	2	1	shared
1535	2	1	shared
1536	2	1	shared
1537	2	1	shared
1538	2	1	shared
1539	2	1	shared
1540	2	1	shared
1541	2	1	shared
1542	2	1	shared
1543	2	1	shared
1544	2	1	shared
1545	2	1	shared
1546	2	1	shared
1547	2	1	shared
1548	2	1	shared
1549	2	1	shared
1550	2	1	shared
1551	2	1	shared
1552	2	1	shared
1553	2	1	shared
1554	2	1	shared
1555	2	1	shared
1556	2	1	shared
1557	2	1	shared
1558	2	1	shared
1559	2	1	shared
1560	2	1	shared
1561	2	1	shared
1562	2	1	shared
1563	2	1	shared
1564	2	1	shared
1565	2	1	shared
1566	2	1	shared
1567	2	1	shared
1568	2	1	shared
1569	2	1	shared
1570	2	1	shared
1571	2	1	shared
1572	2	1	shared
1573	2	1	shared
1574	2	1	shared
1575	2	1	shared
