layer	feature	freq
rna	ENSG00003861	1
rna	ENSG00003651	1
rna	ENSG00003688	1
rna	ENSG00002005	1
rna	ENSG00001846	1
rna	ENSG00003868	1
rna	ENSG00003180	1
rna	ENSG00003965	1
rna	ENSG00001870	1
rna	ENSG00002482	1
rna	ENSG00003101	1
rna	ENSG00002708	1
rna	ENSG00003843	1
rna	ENSG00001998	1
rna	ENSG00000658	1
rna	ENSG00003501	1
rna	ENSG00002459	1
rna	ENSG00000208	1
rna	ENSG00000318	1
rna	ENSG00001841	1
rna	ENSG00003919	1
rna	ENSG00003466	1
rna	ENSG00001967	1
rna	ENSG00000597	1
rna	ENSG00001500	1
rna	ENSG00001071	1
rna	ENSG00001907	1
rna	ENSG00000485	1
rna	ENSG00001677	1
rna	ENSG00003416	1
rna	ENSG00001838	1
rna	ENSG00003498	1
rna	ENSG00003645	1
rna	ENSG00003706	1
rna	ENSG00000817	1
rna	ENSG00001089	1
rna	ENSG00003774	1
rna	ENSG00002209	1
rna	ENSG00000629	1
rna	ENSG00000017	1
rna	ENSG00002573	1
rna	ENSG00003870	1
rna	ENSG00000157	1
rna	ENSG00001371	1
rna	ENSG00003434	1
rna	ENSG00003017	1
rna	ENSG00000439	1
rna	ENSG00002705	1
rna	ENSG00000630	1
rna	ENSG00002479	1
rna	ENSG00003500	1
rna	ENSG00001686	1
rna	ENSG00001231	1
rna	ENSG00000651	1
rna	ENSG00001897	1
rna	ENSG00003828	1
rna	ENSG00001397	1
rna	ENSG00003073	1
rna	ENSG00003464	1
rna	ENSG00002225	1
rna	ENSG00002879	1
rna	ENSG00003499	1
rna	ENSG00001605	1
rna	ENSG00003977	1
rna	ENSG00002531	1
rna	ENSG00001625	1
rna	ENSG00000534	1
rna	ENSG00003898	1
rna	ENSG00000377	1
rna	ENSG00000912	1
rna	ENSG00002767	1
rna	ENSG00002896	1
rna	ENSG00001912	1
protein	PG00452	1
protein	PG00843	1
protein	PG00951	1
protein	PG00666	1
protein	PG00835	1
protein	PG01675	1
protein	PG00070	1
protein	PG00980	1
protein	PG00494	1
protein	PG00703	1
protein	PG01016	1
protein	PG00618	1
protein	PG01076	1
protein	PG01459	1
protein	PG01052	1
protein	PG01420	1
protein	PG00100	1
protein	PG01387	1
protein	PG00393b	1
protein	PG00330	1
protein	PG01641	1
protein	PG00393	1
protein	PG00673	1
protein	PG00893	1
protein	PG00441	1
protein	PG00081	1
protein	PG01650	1
protein	PG00106	1
protein	PG00331b	1
protein	PG00789	1
protein	PG00210	1
protein	PG00704	1
protein	PG00669	1
protein	PG00466	1
protein	PG00936	1
protein	PG01032	1
protein	PG01767	1
protein	PG00579	1
protein	PG00666b	1
protein	PG00281	1
protein	PG00148	1
protein	PG00709	1
protein	PG00907	1
protein	PG00486	1
protein	PGSHARED0059	1
protein	PG00798	1
protein	PG01651	1
protein	PG00694	1
protein	PG01602	1
protein	PG00724	1
protein	PG01799	1
protein	PG00581	1
protein	PG01324	1
protein	PG00331	1
protein	PG00466b	1
protein	PG01496	1
protein	PG01457	1
protein	PG01071	1
protein	PG01823	1
protein	PG00602	1
protein	PG01526	1
protein	PG00690	1
protein	PG01629	1
protein	PG01249	1
protein	PG00384	1
protein	PG01188	1
protein	PG00251	1
protein	PG00222	1
protein	PG01120	1
protein	PG00443	1
protein	PGSHARED0069	1
protein	PGSHARED0068	1
protein	PG00209	1
protein	PG01156	1
protein	PG00402	1
protein	PG00908	1
protein	PG01654	1
protein	PG01143	1
protein	PG00414	1
protein	PG00702	1
protein	PG00986	1
protein	PG00273	1
protein	PG01580	1
protein	PG00873	1
protein	PG01199	1
protein	PG01391	1
protein	PG00436	1
protein	PG00937	1
protein	PG01691	1
protein	PG00774	1
protein	PG00757	1
protein	PG01389	1
protein	PG01570	1
protein	PG00357	1
rna	ENSG00002765	0.998
rna	ENSG00001146	0.998
rna	ENSG00003696	0.996
rna	ENSG00001579	0.996
rna	ENSG00003969	0.996
protein	PG00198	0.996
rna	ENSG00002444	0.994
rna	ENSG00002374	0.994
rna	ENSG00001623	0.992
protein	PG01235	0.988
rna	ENSG00003652	0.986
rna	ENSG00002802	0.982
protein	PG01541	0.976
rna	ENSG00000678	0.974
rna	ENSG00002953	0.966
rna	ENSG00000621	0.94
protein	PG00866	0.92
rna	ENSG00000588	0.918
rna	ENSG00000759	0.916
rna	ENSG00000287	0.91
rna	ENSG00003995	0.892
rna	ENSG00003450	0.844
rna	ENSG00001989	0.82
rna	ENSG00001536	0.796
rna	ENSG00003991	0.78
rna	ENSG00000634	0.776
rna	ENSG00003302	0.696
rna	ENSG00000685	0.682
rna	ENSG00002640	0.6
rna	ENSG00001752	0.518
rna	ENSG00002092	0.502
rna	ENSG00003611	0.486
protein	PG00857	0.438
rna	ENSG00003996	0.424
protein	PG00682	0.418
protein	PG01270	0.39
rna	ENSG00000811	0.338
protein	PG00258	0.326
rna	ENSG00003002	0.312
rna	ENSG00003838	0.288
protein	PG01421	0.266
rna	ENSG00000687	0.244
rna	ENSG00002720	0.222
rna	ENSG00000829	0.212
rna	ENSG00000821	0.176
protein	PG00391b	0.17
rna	ENSG00002668	0.126
rna	ENSG00001422	0.118
rna	ENSG00000262	0.116
protein	PG01581	0.108
rna	ENSG00000165	0.102
rna	ENSG00000698	0.088
rna	ENSG00003948	0.076
rna	ENSG00001521	0.054
rna	ENSG00001778	0.044
rna	ENSG00002893	0.032
rna	ENSG00003869	0.028
rna	ENSG00000859	0.014
rna	ENSG00000702	0.01
rna	ENSG00003514	0.01
rna	ENSG00000432	0.006
rna	ENSG00001172	0.004
rna	ENSG00003103	0.004
protein	PG00772	0.004
rna	ENSG00002439	0.002
rna	ENSG00002936	0.002
rna	ENSG00002441	0
rna	ENSG00003357	0
rna	ENSG00003850	0
rna	ENSG00003146	0
rna	ENSG00001980	0
rna	ENSG00003597	0
rna	ENSG00002138	0
rna	ENSG00002692	0
rna	ENSG00003613	0
rna	ENSG00002176	0
rna	ENSG00000854	0
rna	ENSG00002904	0
rna	ENSG00001045	0
rna	ENSG00002483	0
rna	ENSG00000668	0
rna	ENSG00001619	0
rna	ENSG00002962	0
rna	ENSG00000613	0
rna	ENSG00002750	0
rna	ENSG00001905	0
rna	ENSG00003248	0
rna	ENSG00003718	0
rna	ENSG00002941	0
rna	ENSG00003622	0
rna	ENSG00003866	0
rna	ENSG00003743	0
rna	ENSG00001209	0
rna	ENSG00000479	0
rna	ENSG00002027	0
rna	ENSG00003060	0
rna	ENSG00000040	0
rna	ENSG00000803	0
rna	ENSG00001873	0
rna	ENSG00002254	0
rna	ENSG00001539	0
rna	ENSG00000581	0
rna	ENSG00000903	0
rna	ENSG00002532	0
rna	ENSG00000321	0
rna	ENSG00001185	0
rna	ENSG00002754	0
rna	ENSG00002311	0
rna	ENSG00000794	0
rna	ENSG00000196	0
rna	ENSG00000653	0
rna	ENSG00003579	0
rna	ENSG00003921	0
rna	ENSG00002080	0
rna	ENSG00002616	0
rna	ENSG00000667	0
rna	ENSG00003593	0
rna	ENSG00001068	0
rna	ENSG00003680	0
rna	ENSG00002613	0
rna	ENSG00002514	0
rna	ENSG00002057	0
rna	ENSG00000954	0
rna	ENSG00001168	0
rna	ENSG00003016	0
rna	ENSG00000644	0
rna	ENSG00001187	0
rna	ENSG00001578	0
rna	ENSG00000248	0
rna	ENSG00000401	0
rna	ENSG00002866	0
rna	ENSG00003907	0
rna	ENSG00003584	0
rna	ENSG00003902	0
rna	ENSG00001665	0
rna	ENSG00003444	0
rna	ENSG00002157	0
rna	ENSG00003300	0
rna	ENSG00002068	0
rna	ENSG00002539	0
rna	ENSG00001486	0
rna	ENSG00001020	0
rna	ENSG00003762	0
rna	ENSG00000524	0
rna	ENSG00000295	0
rna	ENSG00002469	0
rna	ENSG00002506	0
rna	ENSG00003874	0
rna	ENSG00003800	0
rna	ENSG00000001	0
rna	ENSG00001494	0
rna	ENSG00003127	0
rna	ENSG00003881	0
rna	ENSG00001123	0
rna	ENSG00003537	0
rna	ENSG00001759	0
rna	ENSG00001321	0
rna	ENSG00002710	0
rna	ENSG00002617	0
rna	ENSG00000738	0
rna	ENSG00001567	0
rna	ENSG00000612	0
rna	ENSG00000756	0
rna	ENSG00003933	0
rna	ENSG00002796	0
rna	ENSG00003769	0
rna	ENSG00002987	0
rna	ENSG00002031	0
rna	ENSG00001861	0
rna	ENSG00003159	0
rna	ENSG00001025	0
rna	ENSG00003896	0
rna	ENSG00000102	0
rna	ENSG00003013	0
rna	ENSG00000198	0
rna	ENSG00000574	0
rna	ENSG00000031	0
rna	ENSG00000220	0
rna	ENSG00001676	0
rna	ENSG00000335	0
rna	ENSG00003895	0
rna	ENSG00000993	0
rna	ENSG00000910	0
rna	ENSG00001378	0
rna	ENSG00000177	0
rna	ENSG00002696	0
rna	ENSG00000521	0
rna	ENSG00001800	0
rna	ENSG00001620	0
rna	ENSG00002541	0
rna	ENSG00000669	0
rna	ENSG00003158	0
rna	ENSG00001876	0
rna	ENSG00002586	0
rna	ENSG00000878	0
rna	ENSG00003315	0
rna	ENSG00001416	0
rna	ENSG00003477	0
rna	ENSG00002454	0
rna	ENSG00002813	0
rna	ENSG00002112	0
rna	ENSG00003471	0
rna	ENSG00003559	0
rna	ENSG00001698	0
rna	ENSG00001013	0
rna	ENSG00000346	0
rna	ENSG00003053	0
rna	ENSG00000073	0
rna	ENSG00002415	0
rna	ENSG00002627	0
rna	ENSG00002226	0
rna	ENSG00001765	0
rna	ENSG00001929	0
rna	ENSG00001889	0
rna	ENSG00003840	0
rna	ENSG00003668	0
rna	ENSG00000370	0
rna	ENSG00001470	0
rna	ENSG00000322	0
rna	ENSG00000010	0
rna	ENSG00001195	0
rna	ENSG00002749	0
rna	ENSG00001210	0
rna	ENSG00003227	0
rna	ENSG00001130	0
rna	ENSG00002327	0
rna	ENSG00000395	0
rna	ENSG00003847	0
rna	ENSG00001736	0
rna	ENSG00000447	0
rna	ENSG00003532	0
rna	ENSG00001739	0
rna	ENSG00000391	0
rna	ENSG00003049	0
rna	ENSG00000070	0
rna	ENSG00003220	0
rna	ENSG00003533	0
rna	ENSG00001775	0
rna	ENSG00002631	0
rna	ENSG00001331	0
rna	ENSG00001528	0
rna	ENSG00001308	0
rna	ENSG00003118	0
rna	ENSG00002761	0
rna	ENSG00003816	0
rna	ENSG00002120	0
rna	ENSG00003667	0
rna	ENSG00000448	0
rna	ENSG00003656	0
rna	ENSG00000594	0
rna	ENSG00002993	0
rna	ENSG00002319	0
rna	ENSG00000556	0
rna	ENSG00000527	0
rna	ENSG00003555	0
rna	ENSG00002281	0
rna	ENSG00002006	0
rna	ENSG00003970	0
rna	ENSG00001580	0
rna	ENSG00003522	0
rna	ENSG00000987	0
rna	ENSG00003347	0
rna	ENSG00001188	0
rna	ENSG00000413	0
rna	ENSG00003483	0
rna	ENSG00000793	0
rna	ENSG00002951	0
rna	ENSG00000968	0
rna	ENSG00002933	0
rna	ENSG00002947	0
rna	ENSG00000973	0
rna	ENSG00002151	0
rna	ENSG00002670	0
rna	ENSG00001930	0
rna	ENSG00002889	0
rna	ENSG00000417	0
rna	ENSG00002143	0
rna	ENSG00002150	0
rna	ENSG00000721	0
rna	ENSG00000239	0
rna	ENSG00002456	0
rna	ENSG00002648	0
rna	ENSG00001917	0
rna	ENSG00002271	0
rna	ENSG00001997	0
rna	ENSG00003169	0
rna	ENSG00000839	0
rna	ENSG00001134	0
rna	ENSG00003526	0
rna	ENSG00002647	0
rna	ENSG00002901	0
rna	ENSG00000647	0
rna	ENSG00000186	0
rna	ENSG00000238	0
rna	ENSG00002470	0
rna	ENSG00001402	0
rna	ENSG00002649	0
rna	ENSG00001469	0
rna	ENSG00001535	0
rna	ENSG00001740	0
rna	ENSG00002163	0
rna	ENSG00001969	0
rna	ENSG00003161	0
rna	ENSG00000508	0
rna	ENSG00002753	0
rna	ENSG00000929	0
rna	ENSG00000766	0
rna	ENSG00001399	0
rna	ENSG00001874	0
rna	ENSG00003428	0
rna	ENSG00002916	0
rna	ENSG00000953	0
rna	ENSG00003078	0
rna	ENSG00001622	0
rna	ENSG00000959	0
rna	ENSG00000736	0
rna	ENSG00001065	0
rna	ENSG00002799	0
rna	ENSG00003839	0
rna	ENSG00000562	0
rna	ENSG00002899	0
rna	ENSG00002079	0
rna	ENSG00001221	0
rna	ENSG00003382	0
rna	ENSG00002160	0
rna	ENSG00002611	0
rna	ENSG00003268	0
rna	ENSG00002139	0
rna	ENSG00001817	0
rna	ENSG00001786	0
rna	ENSG00003580	0
rna	ENSG00003796	0
rna	ENSG00002810	0
rna	ENSG00001985	0
rna	ENSG00000423	0
rna	ENSG00000639	0
rna	ENSG00000550	0
rna	ENSG00001334	0
rna	ENSG00001036	0
rna	ENSG00001833	0
rna	ENSG00002681	0
rna	ENSG00000545	0
rna	ENSG00003782	0
rna	ENSG00000064	0
rna	ENSG00002115	0
rna	ENSG00001126	0
rna	ENSG00003669	0
rna	ENSG00003123	0
rna	ENSG00003980	0
rna	ENSG00003138	0
rna	ENSG00000095	0
rna	ENSG00003479	0
rna	ENSG00001404	0
rna	ENSG00002495	0
rna	ENSG00002342	0
rna	ENSG00003052	0
rna	ENSG00000199	0
rna	ENSG00000462	0
rna	ENSG00000151	0
rna	ENSG00003515	0
rna	ENSG00003703	0
rna	ENSG00003414	0
rna	ENSG00002826	0
rna	ENSG00001001	0
rna	ENSG00000109	0
rna	ENSG00001659	0
rna	ENSG00002605	0
rna	ENSG00001328	0
rna	ENSG00001848	0
rna	ENSG00003885	0
rna	ENSG00002348	0
rna	ENSG00003787	0
rna	ENSG00002513	0
rna	ENSG00001920	0
rna	ENSG00001847	0
rna	ENSG00002507	0
rna	ENSG00002307	0
rna	ENSG00002954	0
rna	ENSG00003728	0
rna	ENSG00002076	0
rna	ENSG00002318	0
rna	ENSG00000022	0
rna	ENSG00003730	0
rna	ENSG00001376	0
rna	ENSG00002952	0
rna	ENSG00001354	0
rna	ENSG00002578	0
rna	ENSG00003577	0
rna	ENSG00000228	0
rna	ENSG00002683	0
rna	ENSG00002492	0
rna	ENSG00001872	0
rna	ENSG00000851	0
rna	ENSG00002371	0
rna	ENSG00003482	0
rna	ENSG00001585	0
rna	ENSG00003029	0
rna	ENSG00000482	0
rna	ENSG00001753	0
rna	ENSG00003442	0
rna	ENSG00001724	0
rna	ENSG00001696	0
rna	ENSG00000994	0
rna	ENSG00003137	0
rna	ENSG00003026	0
rna	ENSG00002015	0
rna	ENSG00002132	0
rna	ENSG00003281	0
rna	ENSG00002508	0
rna	ENSG00001656	0
rna	ENSG00003492	0
rna	ENSG00002359	0
rna	ENSG00001587	0
rna	ENSG00002229	0
rna	ENSG00001147	0
rna	ENSG00000098	0
rna	ENSG00000359	0
rna	ENSG00002468	0
rna	ENSG00002803	0
rna	ENSG00001971	0
rna	ENSG00000015	0
rna	ENSG00001040	0
rna	ENSG00002379	0
rna	ENSG00000692	0
rna	ENSG00003218	0
rna	ENSG00000044	0
rna	ENSG00001868	0
rna	ENSG00003958	0
rna	ENSG00001519	0
rna	ENSG00003271	0
rna	ENSG00001177	0
rna	ENSG00000830	0
rna	ENSG00000382	0
rna	ENSG00003941	0
rna	ENSG00000179	0
rna	ENSG00003366	0
rna	ENSG00003570	0
rna	ENSG00002332	0
rna	ENSG00003871	0
rna	ENSG00003734	0
rna	ENSG00002491	0
rna	ENSG00003999	0
rna	ENSG00001716	0
rna	ENSG00003636	0
rna	ENSG00001261	0
rna	ENSG00002207	0
rna	ENSG00003998	0
rna	ENSG00002030	0
rna	ENSG00001963	0
rna	ENSG00001655	0
rna	ENSG00003602	0
rna	ENSG00003469	0
rna	ENSG00000156	0
rna	ENSG00000749	0
rna	ENSG00001453	0
rna	ENSG00000363	0
rna	ENSG00000955	0
rna	ENSG00000467	0
rna	ENSG00002473	0
rna	ENSG00001048	0
rna	ENSG00002053	0
rna	ENSG00001505	0
rna	ENSG00001309	0
rna	ENSG00003214	0
rna	ENSG00002759	0
rna	ENSG00003648	0
rna	ENSG00001094	0
rna	ENSG00002324	0
rna	ENSG00002755	0
rna	ENSG00002463	0
rna	ENSG00002066	0
rna	ENSG00000018	0
rna	ENSG00002029	0
rna	ENSG00000755	0
rna	ENSG00001047	0
rna	ENSG00002108	0
rna	ENSG00003563	0
rna	ENSG00002568	0
rna	ENSG00003134	0
rna	ENSG00003671	0
rna	ENSG00002243	0
rna	ENSG00002570	0
rna	ENSG00003672	0
rna	ENSG00000470	0
rna	ENSG00000282	0
rna	ENSG00003389	0
rna	ENSG00000072	0
rna	ENSG00000714	0
rna	ENSG00000438	0
rna	ENSG00003074	0
rna	ENSG00003994	0
rna	ENSG00000173	0
rna	ENSG00003184	0
rna	ENSG00002392	0
rna	ENSG00002093	0
rna	ENSG00003425	0
rna	ENSG00000334	0
rna	ENSG00002959	0
rna	ENSG00002486	0
rna	ENSG00001019	0
rna	ENSG00000071	0
rna	ENSG00000675	0
rna	ENSG00000218	0
rna	ENSG00002598	0
rna	ENSG00003000	0
rna	ENSG00003711	0
rna	ENSG00003244	0
rna	ENSG00002344	0
rna	ENSG00000061	0
rna	ENSG00000145	0
rna	ENSG00001880	0
rna	ENSG00000103	0
rna	ENSG00003388	0
rna	ENSG00002888	0
rna	ENSG00002823	0
rna	ENSG00002326	0
rna	ENSG00002002	0
rna	ENSG00003863	0
rna	ENSG00000757	0
rna	ENSG00003261	0
rna	ENSG00001120	0
rna	ENSG00002992	0
rna	ENSG00003430	0
rna	ENSG00002684	0
rna	ENSG00000362	0
rna	ENSG00002352	0
rna	ENSG00002623	0
rna	ENSG00002557	0
rna	ENSG00000938	0
rna	ENSG00001503	0
rna	ENSG00002038	0
rna	ENSG00001710	0
rna	ENSG00000767	0
rna	ENSG00003285	0
rna	ENSG00002303	0
rna	ENSG00001102	0
rna	ENSG00001575	0
rna	ENSG00001247	0
rna	ENSG00001779	0
rna	ENSG00001957	0
rna	ENSG00003079	0
rna	ENSG00002538	0
rna	ENSG00002300	0
rna	ENSG00003363	0
rna	ENSG00001337	0
rna	ENSG00002407	0
rna	ENSG00000146	0
rna	ENSG00000682	0
rna	ENSG00002960	0
rna	ENSG00000297	0
rna	ENSG00001332	0
rna	ENSG00000865	0
rna	ENSG00002592	0
rna	ENSG00002768	0
rna	ENSG00000124	0
rna	ENSG00003478	0
rna	ENSG00000961	0
rna	ENSG00001914	0
rna	ENSG00000237	0
rna	ENSG00000397	0
rna	ENSG00003109	0
rna	ENSG00001039	0
rna	ENSG00003911	0
rna	ENSG00001298	0
rna	ENSG00002984	0
rna	ENSG00003761	0
rna	ENSG00000760	0
rna	ENSG00003827	0
rna	ENSG00001508	0
rna	ENSG00004000	0
rna	ENSG00003714	0
rna	ENSG00000249	0
rna	ENSG00002021	0
rna	ENSG00000798	0
rna	ENSG00002780	0
rna	ENSG00000503	0
rna	ENSG00001457	0
rna	ENSG00000304	0
rna	ENSG00002369	0
rna	ENSG00000941	0
rna	ENSG00003392	0
rna	ENSG00001099	0
rna	ENSG00000275	0
rna	ENSG00001060	0
rna	ENSG00000269	0
rna	ENSG00001184	0
rna	ENSG00002094	0
rna	ENSG00000411	0
rna	ENSG00002236	0
rna	ENSG00001522	0
rna	ENSG00002106	0
rna	ENSG00001445	0
rna	ENSG00002516	0
rna	ENSG00003043	0
rna	ENSG00001850	0
rna	ENSG00000499	0
rna	ENSG00002502	0
rna	ENSG00003012	0
rna	ENSG00003195	0
rna	ENSG00001070	0
rna	ENSG00001654	0
rna	ENSG00001375	0
rna	ENSG00002764	0
rna	ENSG00003128	0
rna	ENSG00001169	0
rna	ENSG00001183	0
rna	ENSG00003601	0
rna	ENSG00001256	0
rna	ENSG00002361	0
rna	ENSG00003655	0
rna	ENSG00003257	0
rna	ENSG00001482	0
rna	ENSG00000121	0
rna	ENSG00003495	0
rna	ENSG00000077	0
rna	ENSG00002609	0
rna	ENSG00001413	0
rna	ENSG00003203	0
rna	ENSG00000027	0
rna	ENSG00000303	0
rna	ENSG00000932	0
rna	ENSG00003767	0
rna	ENSG00003710	0
rna	ENSG00000601	0
rna	ENSG00000163	0
rna	ENSG00003396	0
rna	ENSG00001087	0
rna	ENSG00001266	0
rna	ENSG00001881	0
rna	ENSG00001607	0
rna	ENSG00003110	0
rna	ENSG00002707	0
rna	ENSG00002477	0
rna	ENSG00001965	0
rna	ENSG00001544	0
rna	ENSG00001813	0
rna	ENSG00000152	0
rna	ENSG00000958	0
rna	ENSG00003031	0
rna	ENSG00003119	0
rna	ENSG00001709	0
rna	ENSG00002024	0
rna	ENSG00000452	0
rna	ENSG00001664	0
rna	ENSG00000226	0
rna	ENSG00003607	0
rna	ENSG00000500	0
rna	ENSG00001694	0
rna	ENSG00001226	0
rna	ENSG00002792	0
rna	ENSG00002622	0
rna	ENSG00001215	0
rna	ENSG00001109	0
rna	ENSG00002423	0
rna	ENSG00002849	0
rna	ENSG00000991	0
rna	ENSG00002745	0
rna	ENSG00003848	0
rna	ENSG00003676	0
rna	ENSG00002016	0
rna	ENSG00002725	0
rna	ENSG00001483	0
rna	ENSG00003804	0
rna	ENSG00001359	0
rna	ENSG00000905	0
rna	ENSG00003552	0
rna	ENSG00000418	0
rna	ENSG00001155	0
rna	ENSG00001255	0
rna	ENSG00002315	0
rna	ENSG00003642	0
rna	ENSG00002818	0
rna	ENSG00000723	0
rna	ENSG00002449	0
rna	ENSG00001946	0
rna	ENSG00001514	0
rna	ENSG00002533	0
rna	ENSG00001022	0
rna	ENSG00000259	0
rna	ENSG00002346	0
rna	ENSG00002265	0
rna	ENSG00003681	0
rna	ENSG00000841	0
rna	ENSG00003541	0
rna	ENSG00003489	0
rna	ENSG00001992	0
rna	ENSG00002317	0
rna	ENSG00002800	0
rna	ENSG00001573	0
rna	ENSG00003263	0
rna	ENSG00001118	0
rna	ENSG00003151	0
rna	ENSG00002758	0
rna	ENSG00003550	0
rna	ENSG00002197	0
rna	ENSG00001940	0
rna	ENSG00000023	0
rna	ENSG00002238	0
rna	ENSG00003032	0
rna	ENSG00002875	0
rna	ENSG00003470	0
rna	ENSG00002426	0
rna	ENSG00000761	0
rna	ENSG00003065	0
rna	ENSG00003448	0
rna	ENSG00000615	0
rna	ENSG00003864	0
rna	ENSG00000916	0
rna	ENSG00001658	0
rna	ENSG00000279	0
rna	ENSG00001621	0
rna	ENSG00002923	0
rna	ENSG00003808	0
rna	ENSG00002259	0
rna	ENSG00003625	0
rna	ENSG00001566	0
rna	ENSG00002976	0
rna	ENSG00000317	0
rna	ENSG00003059	0
rna	ENSG00001219	0
rna	ENSG00000069	0
rna	ENSG00001220	0
rna	ENSG00003273	0
rna	ENSG00002249	0
rna	ENSG00001090	0
rna	ENSG00002325	0
rna	ENSG00000871	0
rna	ENSG00000244	0
rna	ENSG00001618	0
rna	ENSG00000100	0
rna	ENSG00002715	0
rna	ENSG00002770	0
rna	ENSG00001941	0
rna	ENSG00000631	0
rna	ENSG00001714	0
rna	ENSG00001691	0
rna	ENSG00000084	0
rna	ENSG00000371	0
rna	ENSG00003162	0
rna	ENSG00003204	0
rna	ENSG00001925	0
rna	ENSG00003771	0
rna	ENSG00003598	0
rna	ENSG00002787	0
rna	ENSG00001671	0
rna	ENSG00000515	0
rna	ENSG00002510	0
rna	ENSG00001244	0
rna	ENSG00000725	0
rna	ENSG00001426	0
rna	ENSG00001017	0
rna	ENSG00002040	0
rna	ENSG00003955	0
rna	ENSG00002865	0
rna	ENSG00002330	0
rna	ENSG00002678	0
rna	ENSG00002545	0
rna	ENSG00002248	0
rna	ENSG00003377	0
rna	ENSG00002457	0
rna	ENSG00002776	0
rna	ENSG00002212	0
rna	ENSG00000663	0
rna	ENSG00000450	0
rna	ENSG00001192	0
rna	ENSG00001380	0
rna	ENSG00003294	0
rna	ENSG00001311	0
rna	ENSG00000182	0
rna	ENSG00002726	0
rna	ENSG00002552	0
rna	ENSG00001361	0
rna	ENSG00001113	0
rna	ENSG00001294	0
rna	ENSG00000716	0
rna	ENSG00002591	0
rna	ENSG00002706	0
rna	ENSG00001593	0
rna	ENSG00002885	0
rna	ENSG00000487	0
rna	ENSG00003983	0
rna	ENSG00000652	0
rna	ENSG00003943	0
rna	ENSG00003609	0
rna	ENSG00001561	0
rna	ENSG00001417	0
rna	ENSG00002304	0
rna	ENSG00001793	0
rna	ENSG00001107	0
rna	ENSG00000320	0
rna	ENSG00003624	0
rna	ENSG00003835	0
rna	ENSG00002282	0
rna	ENSG00000283	0
rna	ENSG00001856	0
rna	ENSG00003140	0
rna	ENSG00001235	0
rna	ENSG00002737	0
rna	ENSG00001488	0
rna	ENSG00003927	0
rna	ENSG00003831	0
rna	ENSG00003047	0
rna	ENSG00002713	0
rna	ENSG00002018	0
rna	ENSG00000928	0
rna	ENSG00001794	0
rna	ENSG00000884	0
rna	ENSG00003348	0
rna	ENSG00001335	0
rna	ENSG00003894	0
rna	ENSG00003391	0
rna	ENSG00000364	0
rna	ENSG00002252	0
rna	ENSG00002289	0
rna	ENSG00003917	0
rna	ENSG00003737	0
rna	ENSG00001092	0
rna	ENSG00000649	0
rna	ENSG00001947	0
rna	ENSG00000557	0
rna	ENSG00003571	0
rna	ENSG00003560	0
rna	ENSG00003275	0
rna	ENSG00001746	0
rna	ENSG00001420	0
rna	ENSG00003557	0
rna	ENSG00001959	0
rna	ENSG00003091	0
rna	ENSG00000680	0
rna	ENSG00002717	0
rna	ENSG00001529	0
rna	ENSG00000804	0
rna	ENSG00000641	0
rna	ENSG00003206	0
rna	ENSG00000351	0
rna	ENSG00002309	0
rna	ENSG00000483	0
rna	ENSG00001392	0
rna	ENSG00001119	0
rna	ENSG00002088	0
rna	ENSG00002815	0
rna	ENSG00000768	0
rna	ENSG00001454	0
rna	ENSG00002505	0
rna	ENSG00002738	0
rna	ENSG00003386	0
rna	ENSG00001330	0
rna	ENSG00001338	0
rna	ENSG00000617	0
rna	ENSG00003100	0
rna	ENSG00002675	0
rna	ENSG00002058	0
rna	ENSG00001077	0
rna	ENSG00001590	0
rna	ENSG00000324	0
rna	ENSG00001839	0
rna	ENSG00001460	0
rna	ENSG00001253	0
rna	ENSG00002280	0
rna	ENSG00000686	0
rna	ENSG00003267	0
rna	ENSG00000126	0
rna	ENSG00002064	0
rna	ENSG00000691	0
rna	ENSG00003918	0
rna	ENSG00001031	0
rna	ENSG00003364	0
rna	ENSG00003246	0
rna	ENSG00000476	0
rna	ENSG00003104	0
rna	ENSG00000795	0
rna	ENSG00000590	0
rna	ENSG00000771	0
rna	ENSG00000646	0
rna	ENSG00000684	0
rna	ENSG00001401	0
rna	ENSG00000133	0
rna	ENSG00002619	0
rna	ENSG00003987	0
rna	ENSG00003801	0
rna	ENSG00000853	0
rna	ENSG00000396	0
rna	ENSG00001530	0
rna	ENSG00000505	0
rna	ENSG00000063	0
rna	ENSG00002762	0
rna	ENSG00000194	0
rna	ENSG00000353	0
rna	ENSG00002546	0
rna	ENSG00000350	0
rna	ENSG00002313	0
rna	ENSG00001108	0
rna	ENSG00002892	0
rna	ENSG00003629	0
rna	ENSG00003554	0
rna	ENSG00003561	0
rna	ENSG00001712	0
rna	ENSG00003581	0
rna	ENSG00000383	0
rna	ENSG00002914	0
rna	ENSG00003726	0
rna	ENSG00002277	0
rna	ENSG00002294	0
rna	ENSG00000201	0
rna	ENSG00001481	0
rna	ENSG00001282	0
rna	ENSG00002434	0
rna	ENSG00003653	0
rna	ENSG00003358	0
rna	ENSG00002362	0
rna	ENSG00003191	0
rna	ENSG00000582	0
rna	ENSG00000605	0
rna	ENSG00001713	0
rna	ENSG00002806	0
rna	ENSG00001565	0
rna	ENSG00001668	0
rna	ENSG00003443	0
rna	ENSG00001547	0
rna	ENSG00000091	0
rna	ENSG00003517	0
rna	ENSG00002519	0
rna	ENSG00003133	0
rna	ENSG00001296	0
rna	ENSG00003329	0
rna	ENSG00003543	0
rna	ENSG00003662	0
rna	ENSG00000559	0
rna	ENSG00001269	0
rna	ENSG00001196	0
rna	ENSG00001596	0
rna	ENSG00000292	0
rna	ENSG00002488	0
rna	ENSG00000732	0
rna	ENSG00003111	0
rna	ENSG00001115	0
rna	ENSG00000705	0
rna	ENSG00003733	0
rna	ENSG00000443	0
rna	ENSG00003981	0
rna	ENSG00003277	0
rna	ENSG00002728	0
rna	ENSG00002171	0
rna	ENSG00002760	0
rna	ENSG00001363	0
rna	ENSG00003654	0
rna	ENSG00002065	0
rna	ENSG00003328	0
rna	ENSG00002829	0
rna	ENSG00001760	0
rna	ENSG00002832	0
rna	ENSG00002431	0
rna	ENSG00001066	0
rna	ENSG00001079	0
rna	ENSG00001626	0
rna	ENSG00002291	0
rna	ENSG00003973	0
rna	ENSG00001171	0
rna	ENSG00001896	0
rna	ENSG00000926	0
rna	ENSG00000178	0
rna	ENSG00003985	0
rna	ENSG00002368	0
rna	ENSG00002786	0
rna	ENSG00002335	0
rna	ENSG00002935	0
rna	ENSG00003250	0
rna	ENSG00000526	0
rna	ENSG00002663	0
rna	ENSG00003089	0
rna	ENSG00000247	0
rna	ENSG00003422	0
rna	ENSG00000365	0
rna	ENSG00002365	0
rna	ENSG00000389	0
rna	ENSG00003362	0
rna	ENSG00002144	0
rna	ENSG00001767	0
rna	ENSG00000779	0
rna	ENSG00002590	0
rna	ENSG00000154	0
rna	ENSG00000009	0
rna	ENSG00003455	0
rna	ENSG00001138	0
rna	ENSG00002091	0
rna	ENSG00001496	0
rna	ENSG00001436	0
rna	ENSG00003238	0
rna	ENSG00003167	0
rna	ENSG00002880	0
rna	ENSG00001310	0
rna	ENSG00003708	0
rna	ENSG00001516	0
rna	ENSG00001687	0
rna	ENSG00003562	0
rna	ENSG00000967	0
rna	ENSG00002338	0
rna	ENSG00000354	0
rna	ENSG00003480	0
rna	ENSG00001364	0
rna	ENSG00001324	0
rna	ENSG00001554	0
rna	ENSG00000806	0
rna	ENSG00003719	0
rna	ENSG00000493	0
rna	ENSG00001526	0
rna	ENSG00000150	0
rna	ENSG00003178	0
rna	ENSG00003237	0
rna	ENSG00000242	0
rna	ENSG00000805	0
rna	ENSG00002367	0
rna	ENSG00003066	0
rna	ENSG00002876	0
rna	ENSG00002521	0
rna	ENSG00001532	0
rna	ENSG00003005	0
rna	ENSG00002891	0
rna	ENSG00000866	0
rna	ENSG00003964	0
rna	ENSG00002126	0
rna	ENSG00002386	0
rna	ENSG00001577	0
rna	ENSG00002085	0
rna	ENSG00002930	0
rna	ENSG00002312	0
rna	ENSG00001570	0
rna	ENSG00003880	0
rna	ENSG00003682	0
rna	ENSG00000251	0
rna	ENSG00003546	0
rna	ENSG00001732	0
rna	ENSG00003725	0
rna	ENSG00002203	0
rna	ENSG00001591	0
rna	ENSG00002898	0
rna	ENSG00002604	0
rna	ENSG00000844	0
rna	ENSG00003750	0
rna	ENSG00000554	0
rna	ENSG00001083	0
rna	ENSG00000356	0
rna	ENSG00000139	0
rna	ENSG00000274	0
rna	ENSG00002417	0
rna	ENSG00003487	0
rna	ENSG00000140	0
rna	ENSG00001180	0
rna	ENSG00003971	0
rna	ENSG00003143	0
rna	ENSG00000665	0
rna	ENSG00000802	0
rna	ENSG00002411	0
rna	ENSG00000305	0
rna	ENSG00000092	0
rna	ENSG00001613	0
rna	ENSG00001234	0
rna	ENSG00000852	0
rna	ENSG00001388	0
rna	ENSG00000888	0
rna	ENSG00003274	0
rna	ENSG00001728	0
rna	ENSG00000131	0
rna	ENSG00000542	0
rna	ENSG00000659	0
rna	ENSG00001790	0
rna	ENSG00002727	0
rna	ENSG00003439	0
rna	ENSG00002490	0
rna	ENSG00001156	0
rna	ENSG00002887	0
rna	ENSG00002202	0
rna	ENSG00001546	0
rna	ENSG00002498	0
rna	ENSG00003213	0
rna	ENSG00003481	0
rna	ENSG00003314	0
rna	ENSG00003375	0
rna	ENSG00002982	0
rna	ENSG00001356	0
rna	ENSG00003992	0
rna	ENSG00000555	0
rna	ENSG00000792	0
rna	ENSG00001834	0
rna	ENSG00000807	0
rna	ENSG00000575	0
rna	ENSG00000344	0
rna	ENSG00001257	0
rna	ENSG00002435	0
rna	ENSG00003759	0
rna	ENSG00001797	0
rna	ENSG00001136	0
rna	ENSG00003588	0
rna	ENSG00000997	0
rna	ENSG00001268	0
rna	ENSG00001411	0
rna	ENSG00001537	0
rna	ENSG00000834	0
rna	ENSG00002742	0
rna	ENSG00001313	0
rna	ENSG00002763	0
rna	ENSG00001476	0
rna	ENSG00003908	0
rna	ENSG00001706	0
rna	ENSG00001179	0
rna	ENSG00003923	0
rna	ENSG00001628	0
rna	ENSG00001278	0
rna	ENSG00003296	0
rna	ENSG00001343	0
rna	ENSG00001176	0
rna	ENSG00002189	0
rna	ENSG00003166	0
rna	ENSG00002222	0
rna	ENSG00002603	0
rna	ENSG00003077	0
rna	ENSG00003659	0
rna	ENSG00002920	0
rna	ENSG00000006	0
rna	ENSG00001900	0
rna	ENSG00003424	0
rna	ENSG00001351	0
rna	ENSG00000347	0
rna	ENSG00003387	0
rna	ENSG00002442	0
rna	ENSG00000935	0
rna	ENSG00000475	0
rna	ENSG00000664	0
rna	ENSG00003411	0
rna	ENSG00002790	0
rna	ENSG00003340	0
rna	ENSG00002081	0
rna	ENSG00003849	0
rna	ENSG00003353	0
rna	ENSG00003341	0
rna	ENSG00000366	0
rna	ENSG00002173	0
rna	ENSG00001842	0
rna	ENSG00001555	0
rna	ENSG00001615	0
rna	ENSG00003582	0
rna	ENSG00001867	0
rna	ENSG00002465	0
rna	ENSG00002877	0
rna	ENSG00002769	0
rna	ENSG00000291	0
rna	ENSG00001891	0
rna	ENSG00001795	0
rna	ENSG00000127	0
rna	ENSG00001272	0
rna	ENSG00002895	0
rna	ENSG00003122	0
rna	ENSG00000114	0
rna	ENSG00002493	0
rna	ENSG00000147	0
rna	ENSG00003025	0
rna	ENSG00002981	0
rna	ENSG00003445	0
rna	ENSG00002206	0
rna	ENSG00002462	0
rna	ENSG00003283	0
rna	ENSG00000995	0
rna	ENSG00002835	0
rna	ENSG00001373	0
rna	ENSG00001788	0
rna	ENSG00000308	0
rna	ENSG00001599	0
rna	ENSG00003344	0
rna	ENSG00000579	0
rna	ENSG00001594	0
rna	ENSG00001043	0
rna	ENSG00003070	0
rna	ENSG00001396	0
rna	ENSG00001956	0
rna	ENSG00000456	0
rna	ENSG00003176	0
rna	ENSG00002801	0
rna	ENSG00002262	0
rna	ENSG00001588	0
rna	ENSG00000580	0
rna	ENSG00001052	0
rna	ENSG00002228	0
rna	ENSG00000412	0
rna	ENSG00003374	0
rna	ENSG00001385	0
rna	ENSG00000206	0
rna	ENSG00001174	0
rna	ENSG00000712	0
rna	ENSG00000160	0
rna	ENSG00000565	0
rna	ENSG00000430	0
rna	ENSG00003742	0
rna	ENSG00001829	0
rna	ENSG00001843	0
rna	ENSG00001116	0
rna	ENSG00002089	0
rna	ENSG00002059	0
rna	ENSG00001798	0
rna	ENSG00000660	0
rna	ENSG00001214	0
rna	ENSG00000598	0
rna	ENSG00001680	0
rna	ENSG00001725	0
rna	ENSG00002881	0
rna	ENSG00002396	0
rna	ENSG00001159	0
rna	ENSG00000136	0
rna	ENSG00003626	0
rna	ENSG00001741	0
rna	ENSG00001723	0
rna	ENSG00002910	0
rna	ENSG00000563	0
rna	ENSG00000203	0
rna	ENSG00001675	0
rna	ENSG00000939	0
rna	ENSG00001750	0
rna	ENSG00000982	0
rna	ENSG00000827	0
rna	ENSG00000301	0
rna	ENSG00000148	0
rna	ENSG00000592	0
rna	ENSG00001878	0
rna	ENSG00001076	0
rna	ENSG00002296	0
rna	ENSG00002581	0
rna	ENSG00002184	0
rna	ENSG00002870	0
rna	ENSG00002569	0
rna	ENSG00001853	0
rna	ENSG00002009	0
rna	ENSG00001477	0
rna	ENSG00000988	0
rna	ENSG00003727	0
rna	ENSG00000502	0
rna	ENSG00001718	0
rna	ENSG00003291	0
rna	ENSG00001785	0
rna	ENSG00000316	0
rna	ENSG00001609	0
rna	ENSG00000972	0
rna	ENSG00000620	0
rna	ENSG00002366	0
rna	ENSG00002402	0
rna	ENSG00000085	0
rna	ENSG00000106	0
rna	ENSG00002286	0
rna	ENSG00001642	0
rna	ENSG00000314	0
rna	ENSG00002645	0
rna	ENSG00000330	0
rna	ENSG00001730	0
rna	ENSG00001849	0
rna	ENSG00003417	0
rna	ENSG00000490	0
rna	ENSG00001197	0
rna	ENSG00003102	0
rna	ENSG00002913	0
rna	ENSG00003343	0
rna	ENSG00001423	0
rna	ENSG00001372	0
rna	ENSG00003928	0
rna	ENSG00002019	0
rna	ENSG00003437	0
rna	ENSG00000222	0
rna	ENSG00003436	0
rna	ENSG00001222	0
rna	ENSG00000463	0
rna	ENSG00000403	0
rna	ENSG00001042	0
rna	ENSG00003323	0
rna	ENSG00003438	0
rna	ENSG00000355	0
rna	ENSG00003264	0
rna	ENSG00000919	0
rna	ENSG00001820	0
rna	ENSG00002174	0
rna	ENSG00002328	0
rna	ENSG00000181	0
rna	ENSG00003068	0
rna	ENSG00003156	0
rna	ENSG00003614	0
rna	ENSG00003724	0
rna	ENSG00002240	0
rna	ENSG00002049	0
rna	ENSG00001772	0
rna	ENSG00003462	0
rna	ENSG00003910	0
rna	ENSG00001377	0
rna	ENSG00001832	0
rna	ENSG00002052	0
rna	ENSG00001685	0
rna	ENSG00003813	0
rna	ENSG00002551	0
rna	ENSG00000996	0
rna	ENSG00000460	0
rna	ENSG00001559	0
rna	ENSG00000980	0
rna	ENSG00002051	0
rna	ENSG00003243	0
rna	ENSG00002045	0
rna	ENSG00003153	0
rna	ENSG00000976	0
rna	ENSG00003968	0
rna	ENSG00003062	0
rna	ENSG00000255	0
rna	ENSG00003788	0
rna	ENSG00003266	0
rna	ENSG00003309	0
rna	ENSG00003822	0
rna	ENSG00001320	0
rna	ENSG00002846	0
rna	ENSG00001072	0
rna	ENSG00001705	0
rna	ENSG00003596	0
rna	ENSG00003949	0
rna	ENSG00000530	0
rna	ENSG00003666	0
rna	ENSG00001028	0
rna	ENSG00002095	0
rna	ENSG00000298	0
rna	ENSG00000707	0
rna	ENSG00001304	0
rna	ENSG00003402	0
rna	ENSG00000034	0
rna	ENSG00001773	0
rna	ENSG00002191	0
rna	ENSG00001757	0
rna	ENSG00002134	0
rna	ENSG00003989	0
rna	ENSG00003512	0
rna	ENSG00002278	0
rna	ENSG00000901	0
rna	ENSG00000507	0
rna	ENSG00003082	0
rna	ENSG00002944	0
rna	ENSG00002217	0
rna	ENSG00000267	0
rna	ENSG00001614	0
rna	ENSG00001213	0
rna	ENSG00001160	0
rna	ENSG00002376	0
rna	ENSG00002172	0
rna	ENSG00001986	0
rna	ENSG00002037	0
rna	ENSG00001877	0
rna	ENSG00000325	0
rna	ENSG00000908	0
rna	ENSG00003899	0
rna	ENSG00002756	0
rna	ENSG00001440	0
rna	ENSG00003608	0
rna	ENSG00002795	0
rna	ENSG00001951	0
rna	ENSG00002270	0
rna	ENSG00003675	0
rna	ENSG00003685	0
rna	ENSG00003124	0
rna	ENSG00003069	0
rna	ENSG00000174	0
rna	ENSG00003447	0
rna	ENSG00000512	0
rna	ENSG00002464	0
rna	ENSG00000184	0
rna	ENSG00001550	0
rna	ENSG00003057	0
rna	ENSG00001558	0
rna	ENSG00000693	0
rna	ENSG00002404	0
rna	ENSG00001124	0
rna	ENSG00001431	0
rna	ENSG00001937	0
rna	ENSG00002658	0
rna	ENSG00000616	0
rna	ENSG00000861	0
rna	ENSG00000381	0
rna	ENSG00002158	0
rna	ENSG00000873	0
rna	ENSG00002748	0
rna	ENSG00003331	0
rna	ENSG00001634	0
rna	ENSG00001994	0
rna	ENSG00001264	0
rna	ENSG00001063	0
rna	ENSG00002481	0
rna	ENSG00001056	0
rna	ENSG00000422	0
rna	ENSG00003420	0
rna	ENSG00000642	0
rna	ENSG00003429	0
rna	ENSG00003400	0
rna	ENSG00003590	0
rna	ENSG00002003	0
rna	ENSG00003834	0
rna	ENSG00002610	0
rna	ENSG00001507	0
rna	ENSG00003083	0
rna	ENSG00001203	0
rna	ENSG00003459	0
rna	ENSG00001538	0
rna	ENSG00002253	0
rna	ENSG00002339	0
rna	ENSG00002741	0
rna	ENSG00002714	0
rna	ENSG00003037	0
rna	ENSG00001208	0
rna	ENSG00000713	0
rna	ENSG00001771	0
rna	ENSG00003398	0
rna	ENSG00001238	0
rna	ENSG00002709	0
rna	ENSG00003334	0
rna	ENSG00001407	0
rna	ENSG00001908	0
rna	ENSG00001825	0
rna	ENSG00000840	0
rna	ENSG00002275	0
rna	ENSG00001398	0
rna	ENSG00002471	0
rna	ENSG00001649	0
rna	ENSG00000062	0
rna	ENSG00003278	0
rna	ENSG00001408	0
rna	ENSG00000701	0
rna	ENSG00003942	0
rna	ENSG00001289	0
rna	ENSG00003504	0
rna	ENSG00003589	0
rna	ENSG00000212	0
rna	ENSG00003660	0
rna	ENSG00002863	0
rna	ENSG00002136	0
rna	ENSG00000086	0
rna	ENSG00001627	0
rna	ENSG00001682	0
rna	ENSG00001140	0
rna	ENSG00002487	0
rna	ENSG00002353	0
rna	ENSG00003945	0
rna	ENSG00000213	0
rna	ENSG00002241	0
rna	ENSG00001761	0
rna	ENSG00001368	0
rna	ENSG00002824	0
rna	ENSG00001936	0
rna	ENSG00003890	0
rna	ENSG00001674	0
rna	ENSG00001419	0
rna	ENSG00001611	0
rna	ENSG00003740	0
rna	ENSG00000826	0
rna	ENSG00001557	0
rna	ENSG00001910	0
rna	ENSG00002837	0
rna	ENSG00002996	0
rna	ENSG00000424	0
rna	ENSG00002977	0
rna	ENSG00002553	0
rna	ENSG00003878	0
rna	ENSG00002351	0
rna	ENSG00003229	0
rna	ENSG00001827	0
rna	ENSG00001513	0
rna	ENSG00002579	0
rna	ENSG00000075	0
rna	ENSG00003230	0
rna	ENSG00000585	0
rna	ENSG00001194	0
rna	ENSG00000551	0
rna	ENSG00002674	0
rna	ENSG00000028	0
rna	ENSG00000115	0
rna	ENSG00001080	0
rna	ENSG00001962	0
rna	ENSG00001933	0
rna	ENSG00001979	0
rna	ENSG00001938	0
rna	ENSG00003605	0
rna	ENSG00001792	0
rna	ENSG00002558	0
rna	ENSG00001034	0
rna	ENSG00000906	0
rna	ENSG00002975	0
rna	ENSG00001722	0
rna	ENSG00002427	0
rna	ENSG00003990	0
rna	ENSG00000288	0
rna	ENSG00002562	0
rna	ENSG00001285	0
rna	ENSG00002354	0
rna	ENSG00002011	0
rna	ENSG00003333	0
rna	ENSG00003413	0
rna	ENSG00001117	0
rna	ENSG00002689	0
rna	ENSG00000785	0
rna	ENSG00001756	0
rna	ENSG00001074	0
rna	ENSG00000004	0
rna	ENSG00001899	0
rna	ENSG00002989	0
rna	ENSG00000349	0
rna	ENSG00002588	0
rna	ENSG00000645	0
rna	ENSG00001135	0
rna	ENSG00003045	0
rna	ENSG00001081	0
rna	ENSG00003997	0
rna	ENSG00000572	0
rna	ENSG00000327	0
rna	ENSG00000842	0
rna	ENSG00000872	0
rna	ENSG00001425	0
rna	ENSG00002900	0
rna	ENSG00001688	0
rna	ENSG00002671	0
rna	ENSG00000329	0
rna	ENSG00002181	0
rna	ENSG00000166	0
rna	ENSG00000998	0
rna	ENSG00003056	0
rna	ENSG00002804	0
rna	ENSG00002399	0
rna	ENSG00000945	0
rna	ENSG00003686	0
rna	ENSG00000673	0
rna	ENSG00003739	0
rna	ENSG00003217	0
rna	ENSG00002039	0
rna	ENSG00003722	0
rna	ENSG00002124	0
rna	ENSG00001903	0
rna	ENSG00000254	0
rna	ENSG00000604	0
rna	ENSG00000715	0
rna	ENSG00003399	0
rna	ENSG00002543	0
rna	ENSG00003423	0
rna	ENSG00000801	0
rna	ENSG00002276	0
rna	ENSG00003001	0
rna	ENSG00002340	0
rna	ENSG00003240	0
rna	ENSG00001260	0
rna	ENSG00002337	0
rna	ENSG00001125	0
rna	ENSG00002122	0
rna	ENSG00002350	0
rna	ENSG00001182	0
rna	ENSG00002983	0
rna	ENSG00002606	0
rna	ENSG00003802	0
rna	ENSG00000989	0
rna	ENSG00002932	0
rna	ENSG00003792	0
rna	ENSG00002883	0
rna	ENSG00003446	0
rna	ENSG00002827	0
rna	ENSG00002517	0
rna	ENSG00000144	0
rna	ENSG00003276	0
rna	ENSG00002109	0
rna	ENSG00000717	0
rna	ENSG00001038	0
rna	ENSG00001845	0
rna	ENSG00002721	0
rna	ENSG00003544	0
rna	ENSG00002389	0
rna	ENSG00001822	0
rna	ENSG00000153	0
rna	ENSG00001403	0
rna	ENSG00001527	0
rna	ENSG00000343	0
rna	ENSG00001277	0
rna	ENSG00002400	0
rna	ENSG00000835	0
rna	ENSG00002789	0
rna	ENSG00000531	0
rna	ENSG00001495	0
rna	ENSG00001862	0
rna	ENSG00003270	0
rna	ENSG00002043	0
rna	ENSG00000924	0
rna	ENSG00003764	0
rna	ENSG00000312	0
rna	ENSG00001316	0
rna	ENSG00002211	0
rna	ENSG00003535	0
rna	ENSG00003959	0
rna	ENSG00002393	0
rna	ENSG00003262	0
rna	ENSG00003617	0
rna	ENSG00003241	0
rna	ENSG00002118	0
rna	ENSG00003717	0
rna	ENSG00000348	0
rna	ENSG00002195	0
rna	ENSG00000404	0
rna	ENSG00003823	0
rna	ENSG00003604	0
rna	ENSG00001464	0
rna	ENSG00000097	0
rna	ENSG00000014	0
rna	ENSG00001572	0
rna	ENSG00003120	0
rna	ENSG00003638	0
rna	ENSG00003390	0
rna	ENSG00001993	0
rna	ENSG00003819	0
rna	ENSG00003355	0
rna	ENSG00003092	0
rna	ENSG00003346	0
rna	ENSG00001816	0
rna	ENSG00001879	0
rna	ENSG00003649	0
rna	ENSG00001702	0
rna	ENSG00003085	0
rna	ENSG00003633	0
rna	ENSG00003136	0
rna	ENSG00000603	0
rna	ENSG00002204	0
rna	ENSG00000539	0
rna	ENSG00001644	0
rna	ENSG00003670	0
rna	ENSG00003269	0
rna	ENSG00001165	0
rna	ENSG00002067	0
rna	ENSG00002130	0
rna	ENSG00000735	0
rna	ENSG00003821	0
rna	ENSG00003094	0
rna	ENSG00002161	0
rna	ENSG00001974	0
rna	ENSG00003197	0
rna	ENSG00003475	0
rna	ENSG00000674	0
rna	ENSG00000105	0
rna	ENSG00001738	0
rna	ENSG00000300	0
rna	ENSG00001562	0
rna	ENSG00001245	0
rna	ENSG00001568	0
rna	ENSG00001954	0
rna	ENSG00001050	0
rna	ENSG00001549	0
rna	ENSG00001287	0
rna	ENSG00003449	0
rna	ENSG00002772	0
rna	ENSG00000055	0
rna	ENSG00000704	0
rna	ENSG00000252	0
rna	ENSG00000253	0
rna	ENSG00001804	0
rna	ENSG00001931	0
rna	ENSG00002268	0
rna	ENSG00002873	0
rna	ENSG00000633	0
rna	ENSG00000219	0
rna	ENSG00002874	0
rna	ENSG00003415	0
rna	ENSG00001127	0
rna	ENSG00003473	0
rna	ENSG00003258	0
rna	ENSG00003196	0
rna	ENSG00000326	0
rna	ENSG00001415	0
rna	ENSG00002378	0
rna	ENSG00002549	0
rna	ENSG00002628	0
rna	ENSG00000902	0
rna	ENSG00001662	0
rna	ENSG00003974	0
rna	ENSG00001857	0
rna	ENSG00003615	0
rna	ENSG00001353	0
rna	ENSG00001489	0
rna	ENSG00003729	0
rna	ENSG00001389	0
rna	ENSG00003952	0
rna	ENSG00000858	0
rna	ENSG00000984	0
rna	ENSG00002859	0
rna	ENSG00003286	0
rna	ENSG00001145	0
rna	ENSG00002159	0
rna	ENSG00001086	0
rna	ENSG00001844	0
rna	ENSG00003117	0
rna	ENSG00002098	0
rna	ENSG00001223	0
rna	ENSG00001837	0
rna	ENSG00002540	0
rna	ENSG00003431	0
rna	ENSG00003251	0
rna	ENSG00003096	0
rna	ENSG00003745	0
rna	ENSG00003378	0
rna	ENSG00000544	0
rna	ENSG00002697	0
rna	ENSG00001978	0
rna	ENSG00002028	0
rna	ENSG00003930	0
rna	ENSG00003397	0
rna	ENSG00000549	0
rna	ENSG00000517	0
rna	ENSG00001689	0
rna	ENSG00001988	0
rna	ENSG00003709	0
rna	ENSG00001681	0
rna	ENSG00001973	0
rna	ENSG00001270	0
rna	ENSG00001290	0
rna	ENSG00000857	0
rna	ENSG00000032	0
rna	ENSG00000724	0
rna	ENSG00001669	0
rna	ENSG00003039	0
rna	ENSG00002734	0
rna	ENSG00000602	0
rna	ENSG00000618	0
rna	ENSG00000943	0
rna	ENSG00002208	0
rna	ENSG00000786	0
rna	ENSG00000195	0
rna	ENSG00001175	0
rna	ENSG00002525	0
rna	ENSG00001894	0
rna	ENSG00003931	0
rna	ENSG00000951	0
rna	ENSG00000689	0
rna	ENSG00000233	0
rna	ENSG00001871	0
rna	ENSG00003048	0
rna	ENSG00003035	0
rna	ENSG00003034	0
rna	ENSG00000200	0
rna	ENSG00003567	0
rna	ENSG00001651	0
rna	ENSG00000080	0
rna	ENSG00001650	0
rna	ENSG00003033	0
rna	ENSG00000426	0
rna	ENSG00001329	0
rna	ENSG00003575	0
rna	ENSG00001101	0
rna	ENSG00003254	0
rna	ENSG00003038	0
rna	ENSG00001927	0
rna	ENSG00001909	0
rna	ENSG00003297	0
rna	ENSG00002986	0
rna	ENSG00003873	0
rna	ENSG00003912	0
rna	ENSG00000449	0
rna	ENSG00003553	0
rna	ENSG00003305	0
rna	ENSG00002255	0
rna	ENSG00002698	0
rna	ENSG00001315	0
rna	ENSG00002624	0
rna	ENSG00000169	0
rna	ENSG00002554	0
rna	ENSG00002175	0
rna	ENSG00002860	0
rna	ENSG00001339	0
rna	ENSG00002142	0
rna	ENSG00000241	0
rna	ENSG00002778	0
rna	ENSG00002012	0
rna	ENSG00001545	0
rna	ENSG00000108	0
rna	ENSG00001370	0
rna	ENSG00000561	0
rna	ENSG00003256	0
rna	ENSG00002358	0
rna	ENSG00002942	0
rna	ENSG00003775	0
rna	ENSG00003689	0
rna	ENSG00002911	0
rna	ENSG00001139	0
rna	ENSG00000676	0
rna	ENSG00002699	0
rna	ENSG00001204	0
rna	ENSG00001342	0
rna	ENSG00001010	0
rna	ENSG00002925	0
rna	ENSG00002585	0
rna	ENSG00003493	0
rna	ENSG00002075	0
rna	ENSG00001391	0
rna	ENSG00003768	0
rna	ENSG00003325	0
rna	ENSG00001884	0
rna	ENSG00003149	0
rna	ENSG00000690	0
rna	ENSG00003030	0
rna	ENSG00002594	0
rna	ENSG00000454	0
rna	ENSG00003972	0
rna	ENSG00000671	0
rna	ENSG00001319	0
rna	ENSG00003569	0
rna	ENSG00002587	0
rna	ENSG00001653	0
rna	ENSG00002651	0
rna	ENSG00002626	0
rna	ENSG00002596	0
rna	ENSG00000537	0
rna	ENSG00000056	0
rna	ENSG00002103	0
rna	ENSG00003576	0
rna	ENSG00002062	0
rna	ENSG00001551	0
rna	ENSG00003938	0
rna	ENSG00000159	0
rna	ENSG00003698	0
rna	ENSG00003135	0
rna	ENSG00000130	0
rna	ENSG00002193	0
rna	ENSG00001418	0
rna	ENSG00000635	0
rna	ENSG00001774	0
rna	ENSG00001346	0
rna	ENSG00003186	0
rna	ENSG00003752	0
rna	ENSG00002972	0
rna	ENSG00001459	0
rna	ENSG00001369	0
rna	ENSG00003458	0
rna	ENSG00001693	0
rna	ENSG00002844	0
rna	ENSG00001240	0
rna	ENSG00001075	0
rna	ENSG00002979	0
rna	ENSG00003293	0
rna	ENSG00000708	0
rna	ENSG00003154	0
rna	ENSG00002884	0
rna	ENSG00003179	0
rna	ENSG00003064	0
rna	ENSG00000180	0
rna	ENSG00003862	0
rna	ENSG00001932	0
rna	ENSG00002732	0
rna	ENSG00000003	0
rna	ENSG00003807	0
rna	ENSG00000038	0
rna	ENSG00001781	0
rna	ENSG00003628	0
rna	ENSG00002812	0
rna	ENSG00002343	0
rna	ENSG00002811	0
rna	ENSG00001661	0
rna	ENSG00002090	0
rna	ENSG00002105	0
rna	ENSG00003452	0
rna	ENSG00000379	0
rna	ENSG00003076	0
rna	ENSG00003148	0
rna	ENSG00003844	0
rna	ENSG00002397	0
rna	ENSG00003632	0
rna	ENSG00002146	0
rna	ENSG00000230	0
rna	ENSG00003188	0
rna	ENSG00001645	0
rna	ENSG00002102	0
rna	ENSG00001144	0
rna	ENSG00000008	0
rna	ENSG00001350	0
rna	ENSG00003086	0
rna	ENSG00001429	0
rna	ENSG00003465	0
rna	ENSG00002200	0
rna	ENSG00003797	0
rna	ENSG00003620	0
rna	ENSG00001641	0
rna	ENSG00001902	0
rna	ENSG00000522	0
rna	ENSG00000536	0
rna	ENSG00000037	0
rna	ENSG00001446	0
rna	ENSG00003789	0
rna	ENSG00003451	0
rna	ENSG00003284	0
rna	ENSG00001435	0
rna	ENSG00002472	0
rna	ENSG00001491	0
rna	ENSG00000946	0
rna	ENSG00003692	0
rna	ENSG00002740	0
rna	ENSG00001608	0
rna	ENSG00002214	0
rna	ENSG00002680	0
rna	ENSG00001690	0
rna	ENSG00002964	0
rna	ENSG00002882	0
rna	ENSG00002641	0
rna	ENSG00002839	0
rna	ENSG00000876	0
rna	ENSG00003112	0
rna	ENSG00003946	0
rna	ENSG00003147	0
rna	ENSG00001275	0
rna	ENSG00002237	0
rna	ENSG00002518	0
rna	ENSG00003524	0
rna	ENSG00001439	0
rna	ENSG00001542	0
rna	ENSG00002054	0
rna	ENSG00000772	0
rna	ENSG00001512	0
rna	ENSG00000897	0
rna	ENSG00001548	0
rna	ENSG00003846	0
rna	ENSG00003356	0
rna	ENSG00003530	0
rna	ENSG00003233	0
rna	ENSG00000999	0
rna	ENSG00000002	0
rna	ENSG00003932	0
rna	ENSG00000492	0
rna	ENSG00001616	0
rna	ENSG00003193	0
rna	ENSG00003766	0
rna	ENSG00000656	0
rna	ENSG00001977	0
rna	ENSG00002950	0
rna	ENSG00002121	0
rna	ENSG00002257	0
rna	ENSG00001186	0
rna	ENSG00003163	0
rna	ENSG00001824	0
rna	ENSG00003785	0
rna	ENSG00000535	0
rna	ENSG00001064	0
rna	ENSG00002419	0
rna	ENSG00002460	0
rna	ENSG00002087	0
rna	ENSG00002644	0
rna	ENSG00000661	0
rna	ENSG00003573	0
rna	ENSG00002653	0
rna	ENSG00002773	0
rna	ENSG00001961	0
rna	ENSG00000933	0
rna	ENSG00002934	0
rna	ENSG00002001	0
rna	ENSG00003209	0
rna	ENSG00000596	0
rna	ENSG00000758	0
rna	ENSG00001840	0
rna	ENSG00001468	0
rna	ENSG00002297	0
rna	ENSG00003351	0
rna	ENSG00003574	0
rna	ENSG00003157	0
rna	ENSG00000051	0
rna	ENSG00002272	0
rna	ENSG00003647	0
rna	ENSG00000907	0
rna	ENSG00002858	0
rna	ENSG00001033	0
rna	ENSG00003222	0
rna	ENSG00003906	0
rna	ENSG00002970	0
rna	ENSG00002497	0
rna	ENSG00003468	0
rna	ENSG00003815	0
rna	ENSG00003106	0
rna	ENSG00000895	0
rna	ENSG00001950	0
rna	ENSG00002547	0
rna	ENSG00000043	0
rna	ENSG00002595	0
rna	ENSG00000990	0
rna	ENSG00000809	0
rna	ENSG00000986	0
rna	ENSG00003098	0
rna	ENSG00003755	0
rna	ENSG00002055	0
rna	ENSG00002405	0
rna	ENSG00000367	0
rna	ENSG00000111	0
rna	ENSG00003978	0
rna	ENSG00001517	0
rna	ENSG00001163	0
rna	ENSG00002702	0
rna	ENSG00000518	0
rna	ENSG00000497	0
rna	ENSG00003879	0
rna	ENSG00003004	0
rna	ENSG00002293	0
rna	ENSG00000046	0
rna	ENSG00003054	0
rna	ENSG00003519	0
rna	ENSG00003023	0
rna	ENSG00002836	0
rna	ENSG00000240	0
rna	ENSG00001942	0
rna	ENSG00001809	0
rna	ENSG00002418	0
rna	ENSG00003984	0
rna	ENSG00002582	0
rna	ENSG00000848	0
rna	ENSG00002523	0
rna	ENSG00003893	0
rna	ENSG00001263	0
rna	ENSG00003201	0
rna	ENSG00000211	0
rna	ENSG00001904	0
rna	ENSG00000624	0
rna	ENSG00000281	0
rna	ENSG00000122	0
rna	ENSG00000088	0
rna	ENSG00000694	0
rna	ENSG00003454	0
rna	ENSG00001355	0
rna	ENSG00001811	0
rna	ENSG00002600	0
rna	ENSG00001248	0
rna	ENSG00001640	0
rna	ENSG00000229	0
rna	ENSG00002615	0
rna	ENSG00002372	0
rna	ENSG00000498	0
rna	ENSG00003937	0
rna	ENSG00002855	0
rna	ENSG00001082	0
rna	ENSG00002044	0
rna	ENSG00001984	0
rna	ENSG00003634	0
rna	ENSG00001149	0
rna	ENSG00001635	0
rna	ENSG00002660	0
rna	ENSG00002620	0
rna	ENSG00002511	0
rna	ENSG00000190	0
rna	ENSG00000480	0
rna	ENSG00003566	0
rna	ENSG00001990	0
rna	ENSG00000019	0
rna	ENSG00002633	0
rna	ENSG00002048	0
rna	ENSG00003818	0
rna	ENSG00002154	0
rna	ENSG00003207	0
rna	ENSG00001672	0
rna	ENSG00002233	0
rna	ENSG00001915	0
rna	ENSG00001563	0
rna	ENSG00000860	0
rna	ENSG00002630	0
rna	ENSG00002424	0
rna	ENSG00003139	0
rna	ENSG00002666	0
rna	ENSG00002819	0
rna	ENSG00001249	0
rna	ENSG00001630	0
rna	ENSG00003194	0
rna	ENSG00003658	0
rna	ENSG00000703	0
rna	ENSG00001471	0
rna	ENSG00002784	0
rna	ENSG00003024	0
rna	ENSG00001754	0
rna	ENSG00001478	0
rna	ENSG00000311	0
rna	ENSG00000655	0
rna	ENSG00002524	0
rna	ENSG00003901	0
rna	ENSG00003876	0
rna	ENSG00002636	0
rna	ENSG00000033	0
rna	ENSG00002380	0
rna	ENSG00002504	0
rna	ENSG00003426	0
rna	ENSG00000548	0
rna	ENSG00002269	0
rna	ENSG00002686	0
rna	ENSG00002164	0
rna	ENSG00001703	0
rna	ENSG00003221	0
rna	ENSG00003939	0
rna	ENSG00002878	0
rna	ENSG00003165	0
rna	ENSG00002485	0
rna	ENSG00000444	0
rna	ENSG00002602	0
rna	ENSG00000035	0
rna	ENSG00000832	0
rna	ENSG00001855	0
rna	ENSG00000963	0
rna	ENSG00001875	0
rna	ENSG00001198	0
rna	ENSG00000843	0
rna	ENSG00002927	0
rna	ENSG00003453	0
rna	ENSG00001708	0
rna	ENSG00000797	0
rna	ENSG00000378	0
rna	ENSG00001826	0
rna	ENSG00000764	0
rna	ENSG00001280	0
rna	ENSG00000770	0
rna	ENSG00000149	0
rna	ENSG00000850	0
rna	ENSG00000788	0
rna	ENSG00002428	0
rna	ENSG00001755	0
rna	ENSG00000553	0
rna	ENSG00003075	0
rna	ENSG00002656	0
rna	ENSG00003926	0
rna	ENSG00000264	0
rna	ENSG00003630	0
rna	ENSG00001387	0
rna	ENSG00000331	0
rna	ENSG00003253	0
rna	ENSG00003421	0
rna	ENSG00002561	0
rna	ENSG00000747	0
rna	ENSG00001069	0
rna	ENSG00000877	0
rna	ENSG00003160	0
rna	ENSG00001106	0
rna	ENSG00003247	0
rna	ENSG00003171	0
rna	ENSG00003753	0
rna	ENSG00003794	0
rna	ENSG00003661	0
rna	ENSG00002693	0
rna	ENSG00002084	0
rna	ENSG00002284	0
rna	ENSG00003368	0
rna	ENSG00000414	0
rna	ENSG00003888	0
rna	ENSG00003088	0
rna	ENSG00000837	0
rna	ENSG00001749	0
rna	ENSG00003395	0
rna	ENSG00003058	0
rna	ENSG00003966	0
rna	ENSG00003957	0
rna	ENSG00003779	0
rna	ENSG00003695	0
rna	ENSG00001012	0
rna	ENSG00003410	0
rna	ENSG00002421	0
rna	ENSG00003401	0
rna	ENSG00002140	0
rna	ENSG00002131	0
rna	ENSG00003511	0
rna	ENSG00001802	0
rna	ENSG00001666	0
rna	ENSG00002201	0
rna	ENSG00000245	0
rna	ENSG00002489	0
rna	ENSG00003027	0
rna	ENSG00001734	0
rna	ENSG00003497	0
rna	ENSG00001632	0
rna	ENSG00000336	0
rna	ENSG00001000	0
rna	ENSG00000657	0
rna	ENSG00000138	0
rna	ENSG00001062	0
rna	ENSG00002047	0
rna	ENSG00003505	0
rna	ENSG00000591	0
rna	ENSG00002828	0
rna	ENSG00001695	0
rna	ENSG00003631	0
rna	ENSG00001164	0
rna	ENSG00000595	0
rna	ENSG00002333	0
rna	ENSG00000408	0
rna	ENSG00002196	0
rna	ENSG00001812	0
rna	ENSG00003182	0
rna	ENSG00003199	0
rna	ENSG00003922	0
rna	ENSG00000688	0
rna	ENSG00003683	0
rna	ENSG00001003	0
rna	ENSG00000459	0
rna	ENSG00003592	0
rna	ENSG00003441	0
rna	ENSG00003700	0
rna	ENSG00002703	0
rna	ENSG00002461	0
rna	ENSG00001395	0
rna	ENSG00003610	0
rna	ENSG00003578	0
rna	ENSG00002906	0
rna	ENSG00002917	0
rna	ENSG00002601	0
rna	ENSG00000823	0
rna	ENSG00001465	0
rna	ENSG00001603	0
rna	ENSG00001663	0
rna	ENSG00003183	0
rna	ENSG00001970	0
rna	ENSG00002187	0
rna	ENSG00003884	0
rna	ENSG00002185	0
rna	ENSG00002409	0
rna	ENSG00000879	0
rna	ENSG00002797	0
rna	ENSG00000666	0
rna	ENSG00000607	0
rna	ENSG00001492	0
rna	ENSG00000731	0
rna	ENSG00003164	0
rna	ENSG00000814	0
rna	ENSG00002807	0
rna	ENSG00000134	0
rna	ENSG00002597	0
rna	ENSG00001097	0
rna	ENSG00000216	0
rna	ENSG00003304	0
rna	ENSG00001684	0
rna	ENSG00000889	0
rna	ENSG00001598	0
rna	ENSG00003705	0
rna	ENSG00001414	0
rna	ENSG00003832	0
rna	ENSG00002687	0
rna	ENSG00000339	0
rna	ENSG00001995	0
rna	ENSG00003463	0
rna	ENSG00001913	0
rna	ENSG00002659	0
rna	ENSG00001569	0
rna	ENSG00000781	0
rna	ENSG00003175	0
rna	ENSG00003583	0
rna	ENSG00003855	0
rna	ENSG00002377	0
rna	ENSG00001493	0
rna	ENSG00001523	0
rna	ENSG00002535	0
rna	ENSG00000266	0
rna	ENSG00002817	0
rna	ENSG00000632	0
rna	ENSG00000833	0
rna	ENSG00003040	0
rna	ENSG00000849	0
rna	ENSG00001717	0
rna	ENSG00001005	0
rna	ENSG00001835	0
rna	ENSG00001704	0
rna	ENSG00001851	0
rna	ENSG00000496	0
rna	ENSG00002096	0
rna	ENSG00003572	0
rna	ENSG00002247	0
rna	ENSG00000421	0
rna	ENSG00002183	0
rna	ENSG00000457	0
rna	ENSG00003301	0
rna	ENSG00001972	0
rna	ENSG00001796	0
rna	ENSG00003412	0
rna	ENSG00000120	0
rna	ENSG00001078	0
rna	ENSG00002805	0
rna	ENSG00002537	0
rna	ENSG00002500	0
rna	ENSG00001233	0
rna	ENSG00003418	0
rna	ENSG00002851	0
rna	ENSG00000368	0
rna	ENSG00003168	0
rna	ENSG00001624	0
rna	ENSG00002809	0
rna	ENSG00002639	0
rna	ENSG00001200	0
rna	ENSG00001367	0
rna	ENSG00003384	0
rna	ENSG00000737	0
rna	ENSG00003982	0
rna	ENSG00000192	0
rna	ENSG00003494	0
rna	ENSG00000763	0
rna	ENSG00000221	0
rna	ENSG00003121	0
rna	ENSG00003224	0
rna	ENSG00003627	0
rna	ENSG00003457	0
rna	ENSG00002614	0
rna	ENSG00003210	0
rna	ENSG00002110	0
rna	ENSG00001059	0
rna	ENSG00000628	0
rna	ENSG00001432	0
rna	ENSG00000739	0
rna	ENSG00000540	0
rna	ENSG00002548	0
rna	ENSG00002199	0
rna	ENSG00000971	0
rna	ENSG00000380	0
rna	ENSG00000096	0
rna	ENSG00003491	0
rna	ENSG00003556	0
rna	ENSG00003295	0
rna	ENSG00003320	0
rna	ENSG00001357	0
rna	ENSG00002370	0
rna	ENSG00000360	0
rna	ENSG00000949	0
rna	ENSG00002073	0
rna	ENSG00003316	0
rna	ENSG00003527	0
rna	ENSG00003372	0
rna	ENSG00001791	0
rna	ENSG00001983	0
rna	ENSG00002559	0
rna	ENSG00003872	0
rna	ENSG00003976	0
rna	ENSG00001151	0
rna	ENSG00003095	0
rna	ENSG00001450	0
rna	ENSG00002958	0
rna	ENSG00001317	0
rna	ENSG00000437	0
rna	ENSG00003099	0
rna	ENSG00000900	0
rna	ENSG00002638	0
rna	ENSG00002544	0
rna	ENSG00000078	0
rna	ENSG00002757	0
rna	ENSG00000748	0
rna	ENSG00000431	0
rna	ENSG00002777	0
rna	ENSG00003379	0
rna	ENSG00002097	0
rna	ENSG00000643	0
rna	ENSG00001601	0
rna	ENSG00003805	0
rna	ENSG00002735	0
rna	ENSG00003712	0
rna	ENSG00001701	0
rna	ENSG00001236	0
rna	ENSG00001866	0
rna	ENSG00001975	0
rna	ENSG00002998	0
rna	ENSG00000944	0
rna	ENSG00002258	0
rna	ENSG00003741	0
rna	ENSG00002190	0
rna	ENSG00002013	0
rna	ENSG00003860	0
rna	ENSG00000762	0
rna	ENSG00003531	0
rna	ENSG00000263	0
rna	ENSG00000188	0
rna	ENSG00002550	0
rna	ENSG00003335	0
rna	ENSG00003776	0
rna	ENSG00003046	0
rna	ENSG00003225	0
rna	ENSG00003975	0
rna	ENSG00003321	0
rna	ENSG00000855	0
rna	ENSG00003549	0
rna	ENSG00001002	0
rna	ENSG00003513	0
rna	ENSG00002074	0
rna	ENSG00002180	0
rna	ENSG00001564	0
rna	ENSG00002771	0
rna	ENSG00002305	0
rna	ENSG00002149	0
rna	ENSG00003913	0
rna	ENSG00000571	0
rna	ENSG00002781	0
rna	ENSG00003280	0
rna	ENSG00003190	0
rna	ENSG00000433	0
rna	ENSG00000543	0
rna	ENSG00003536	0
rna	ENSG00001345	0
rna	ENSG00002129	0
rna	ENSG00001073	0
rna	ENSG00003507	0
rna	ENSG00000506	0
rna	ENSG00000799	0
rna	ENSG00001128	0
rna	ENSG00002215	0
rna	ENSG00000066	0
rna	ENSG00000210	0
rna	ENSG00000488	0
rna	ENSG00000864	0
rna	ENSG00000328	0
rna	ENSG00002455	0
rna	ENSG00000706	0
rna	ENSG00003021	0
rna	ENSG00000800	0
rna	ENSG00001100	0
rna	ENSG00002004	0
rna	ENSG00003108	0
rna	ENSG00003087	0
rna	ENSG00002063	0
rna	ENSG00002534	0
rna	ENSG00003679	0
rna	ENSG00003313	0
rna	ENSG00001617	0
rna	ENSG00003113	0
rna	ENSG00003859	0
rna	ENSG00001341	0
rna	ENSG00003814	0
rna	ENSG00001131	0
rna	ENSG00000868	0
rna	ENSG00003360	0
rna	ENSG00001731	0
rna	ENSG00000614	0
rna	ENSG00000235	0
rna	ENSG00003961	0
rna	ENSG00001815	0
rna	ENSG00001243	0
rna	ENSG00002219	0
rna	ENSG00002903	0
rna	ENSG00003950	0
rna	ENSG00003529	0
rna	ENSG00003558	0
rna	ENSG00002336	0
rna	ENSG00002857	0
rna	ENSG00000619	0
rna	ENSG00003205	0
rna	ENSG00001021	0
rna	ENSG00002133	0
rna	ENSG00003799	0
rna	ENSG00003144	0
rna	ENSG00000234	0
rna	ENSG00003508	0
rna	ENSG00001227	0
rna	ENSG00001295	0
rna	ENSG00001291	0
rna	ENSG00001831	0
rna	ENSG00000089	0
rna	ENSG00002082	0
rna	ENSG00001191	0
rna	ENSG00003704	0
rna	ENSG00002022	0
rna	ENSG00000340	0
rna	ENSG00000243	0
rna	ENSG00000917	0
rna	ENSG00003940	0
rna	ENSG00001132	0
rna	ENSG00001890	0
rna	ENSG00001934	0
rna	ENSG00003303	0
rna	ENSG00002589	0
rna	ENSG00000265	0
rna	ENSG00002279	0
rna	ENSG00000569	0
rna	ENSG00002691	0
rna	ENSG00000161	0
rna	ENSG00000711	0
rna	ENSG00001996	0
rna	ENSG00002453	0
rna	ENSG00001067	0
rna	ENSG00002072	0
rna	ENSG00003790	0
rna	ENSG00001217	0
rna	ENSG00002032	0
rna	ENSG00003780	0
rna	ENSG00001306	0
rna	ENSG00001883	0
rna	ENSG00003944	0
rna	ENSG00001808	0
rna	ENSG00003953	0
rna	ENSG00003707	0
rna	ENSG00002822	0
rna	ENSG00000137	0
rna	ENSG00000232	0
rna	ENSG00000977	0
rna	ENSG00003011	0
rna	ENSG00000217	0
rna	ENSG00002886	0
rna	ENSG00000128	0
rna	ENSG00002808	0
rna	ENSG00001636	0
rna	ENSG00003369	0
rna	ENSG00002364	0
rna	ENSG00000415	0
rna	ENSG00003339	0
rna	ENSG00002956	0
rna	ENSG00000606	0
rna	ENSG00000979	0
rna	ENSG00001323	0
rna	ENSG00002565	0
rna	ENSG00001921	0
rna	ENSG00000060	0
rna	ENSG00002657	0
rna	ENSG00002224	0
rna	ENSG00002244	0
rna	ENSG00003310	0
rna	ENSG00002672	0
rna	ENSG00003914	0
rna	ENSG00002347	0
rna	ENSG00000392	0
rna	ENSG00001386	0
rna	ENSG00000733	0
rna	ENSG00002147	0
rna	ENSG00000913	0
rna	ENSG00001648	0
rna	ENSG00002458	0
rna	ENSG00003432	0
rna	ENSG00000099	0
rna	ENSG00002432	0
rna	ENSG00000573	0
rna	ENSG00003516	0
rna	ENSG00001041	0
rna	ENSG00000867	0
rna	ENSG00001246	0
rna	ENSG00001216	0
rna	ENSG00003403	0
rna	ENSG00003338	0
rna	ENSG00000041	0
rna	ENSG00002071	0
rna	ENSG00003954	0
rna	ENSG00000319	0
rna	ENSG00000978	0
rna	ENSG00002221	0
rna	ENSG00000013	0
rna	ENSG00001699	0
rna	ENSG00002654	0
rna	ENSG00001362	0
rna	ENSG00001895	0
rna	ENSG00002499	0
rna	ENSG00003720	0
rna	ENSG00001606	0
rna	ENSG00003185	0
rna	ENSG00002394	0
rna	ENSG00003365	0
rna	ENSG00001444	0
rna	ENSG00002774	0
rna	ENSG00003187	0
rna	ENSG00003585	0
rna	ENSG00000164	0
rna	ENSG00003956	0
rna	ENSG00001882	0
rna	ENSG00001631	0
rna	ENSG00001487	0
rna	ENSG00000280	0
rna	ENSG00002414	0
rna	ENSG00000406	0
rna	ENSG00002475	0
rna	ENSG00001365	0
rna	ENSG00003232	0
rna	ENSG00001137	0
rna	ENSG00002580	0
rna	ENSG00002529	0
rna	ENSG00002869	0
rna	ENSG00001952	0
rna	ENSG00001035	0
rna	ENSG00002621	0
rna	ENSG00000278	0
rna	ENSG00003811	0
rna	ENSG00000942	0
rna	ENSG00000451	0
rna	ENSG00001647	0
rna	ENSG00001228	0
rna	ENSG00000484	0
rna	ENSG00000107	0
rna	ENSG00001437	0
rna	ENSG00003490	0
rna	ENSG00003107	0
rna	ENSG00003606	0
rna	ENSG00002007	0
rna	ENSG00001276	0
rna	ENSG00001679	0
rna	ENSG00000734	0
rna	ENSG00002677	0
rna	ENSG00003646	0
rna	ENSG00002788	0
rna	ENSG00000286	0
rna	ENSG00002821	0
rna	ENSG00000525	0
rna	ENSG00001935	0
rna	ENSG00001110	0
rna	ENSG00000175	0
rna	ENSG00002137	0
rna	ENSG00001745	0
rna	ENSG00002785	0
rna	ENSG00002526	0
rna	ENSG00001777	0
rna	ENSG00002991	0
rna	ENSG00002566	0
rna	ENSG00001058	0
rna	ENSG00001762	0
rna	ENSG00001029	0
rna	ENSG00001807	0
rna	ENSG00002135	0
rna	ENSG00001859	0
rna	ENSG00000083	0
rna	ENSG00003643	0
rna	ENSG00000185	0
rna	ENSG00001810	0
rna	ENSG00001232	0
rna	ENSG00000718	0
rna	ENSG00000309	0
rna	ENSG00001239	0
rna	ENSG00003234	0
rna	ENSG00000640	0
rna	ENSG00000509	0
rna	ENSG00001032	0
rna	ENSG00001584	0
rna	ENSG00001475	0
rna	ENSG00002077	0
rna	ENSG00001683	0
rna	ENSG00000862	0
rna	ENSG00003665	0
rna	ENSG00000567	0
rna	ENSG00002123	0
rna	ENSG00000546	0
rna	ENSG00001121	0
rna	ENSG00002820	0
rna	ENSG00001479	0
rna	ENSG00001574	0
rna	ENSG00003963	0
rna	ENSG00002682	0
rna	ENSG00001582	0
rna	ENSG00000981	0
rna	ENSG00002980	0
rna	ENSG00003820	0
rna	ENSG00000846	0
rna	ENSG00003042	0
rna	ENSG00000453	0
rna	ENSG00001448	0
rna	ENSG00003738	0
rna	ENSG00001898	0
rna	ENSG00002408	0
rna	ENSG00003228	0
rna	ENSG00002008	0
rna	ENSG00001305	0
rna	ENSG00003915	0
rna	ENSG00003786	0
rna	ENSG00003791	0
rna	ENSG00001830	0
rna	ENSG00001150	0
rna	ENSG00001462	0
rna	ENSG00000419	0
rna	ENSG00000012	0
rna	ENSG00001336	0
rna	ENSG00002410	0
rna	ENSG00003467	0
rna	ENSG00000388	0
rna	ENSG00002679	0
rna	ENSG00001949	0
rna	ENSG00002848	0
rna	ENSG00000416	0
rna	ENSG00000117	0
rna	ENSG00003014	0
rna	ENSG00001202	0
rna	ENSG00002443	0
rna	ENSG00003090	0
rna	ENSG00002334	0
rna	ENSG00000054	0
rna	ENSG00002177	0
rna	ENSG00001958	0
rna	ENSG00002165	0
rna	ENSG00002730	0
rna	ENSG00003352	0
rna	ENSG00002536	0
rna	ENSG00001768	0
rna	ENSG00003812	0
rna	ENSG00001964	0
rna	ENSG00002356	0
rna	ENSG00003829	0
rna	ENSG00001991	0
rna	ENSG00002946	0
rna	ENSG00002650	0
rna	ENSG00001293	0
rna	ENSG00002957	0
rna	ENSG00002403	0
rna	ENSG00000783	0
rna	ENSG00001758	0
rna	ENSG00000720	0
rna	ENSG00003723	0
rna	ENSG00000345	0
rna	ENSG00002948	0
rna	ENSG00002216	0
rna	ENSG00002010	0
rna	ENSG00002926	0
rna	ENSG00000722	0
rna	ENSG00003882	0
rna	ENSG00000231	0
rna	ENSG00003476	0
rna	ENSG00000654	0
rna	ENSG00001360	0
rna	ENSG00002292	0
rna	ENSG00003979	0
rna	ENSG00003345	0
rna	ENSG00001037	0
rna	ENSG00002509	0
rna	ENSG00000547	0
rna	ENSG00002390	0
rna	ENSG00003152	0
rna	ENSG00001525	0
rna	ENSG00003249	0
rna	ENSG00000677	0
rna	ENSG00001104	0
rna	ENSG00001657	0
rna	ENSG00000183	0
rna	ENSG00001190	0
rna	ENSG00000405	0
rna	ENSG00002743	0
rna	ENSG00003461	0
rna	ENSG00003265	0
rna	ENSG00001926	0
rna	ENSG00002985	0
rna	ENSG00001892	0
rna	ENSG00002246	0
rna	ENSG00002634	0
rna	ENSG00003226	0
rna	ENSG00003022	0
rna	ENSG00000409	0
rna	ENSG00000600	0
rna	ENSG00001441	0
rna	ENSG00000787	0
rna	ENSG00003889	0
rna	ENSG00002861	0
rna	ENSG00000155	0
rna	ENSG00002141	0
rna	ENSG00000394	0
rna	ENSG00001279	0
rna	ENSG00003518	0
rna	ENSG00003664	0
rna	ENSG00001643	0
rna	ENSG00002234	0
rna	ENSG00000427	0
rna	ENSG00003472	0
rna	ENSG00002967	0
rna	ENSG00001016	0
rna	ENSG00000892	0
rna	ENSG00001262	0
rna	ENSG00000294	0
rna	ENSG00002231	0
rna	ENSG00002357	0
rna	ENSG00001383	0
rna	ENSG00000828	0
rna	ENSG00001103	0
rna	ENSG00000215	0
rna	ENSG00001480	0
rna	ENSG00003381	0
rna	ENSG00001166	0
rna	ENSG00000369	0
rna	ENSG00003427	0
rna	ENSG00002384	0
rna	ENSG00003009	0
rna	ENSG00003731	0
rna	ENSG00001427	0
rna	ENSG00001893	0
rna	ENSG00003967	0
rna	ENSG00000927	0
rna	ENSG00003141	0
rna	ENSG00000679	0
rna	ENSG00001783	0
rna	ENSG00000510	0
rna	ENSG00000036	0
rna	ENSG00001230	0
rna	ENSG00001612	0
rna	ENSG00000552	0
rna	ENSG00003551	0
rna	ENSG00000934	0
rna	ENSG00000746	0
rna	ENSG00002061	0
rna	ENSG00001660	0
rna	ENSG00002452	0
rna	ENSG00003909	0
rna	ENSG00001743	0
rna	ENSG00003211	0
rna	ENSG00002125	0
rna	ENSG00003318	0
rna	ENSG00000436	0
rna	ENSG00002119	0
rna	ENSG00003716	0
rna	ENSG00001006	0
rna	ENSG00003641	0
rna	ENSG00001054	0
rna	ENSG00002036	0
rna	ENSG00000923	0
rna	ENSG00003523	0
rna	ENSG00000273	0
rna	ENSG00002955	0
rna	ENSG00001700	0
rna	ENSG00002564	0
rna	ENSG00000856	0
rna	ENSG00002646	0
rna	ENSG00003312	0
rna	ENSG00000683	0
rna	ENSG00001742	0
rna	ENSG00003684	0
rna	ENSG00003306	0
rna	ENSG00003833	0
rna	ENSG00002373	0
rna	ENSG00002107	0
rna	ENSG00000129	0
rna	ENSG00003784	0
rna	ENSG00000992	0
rna	ENSG00002751	0
rna	ENSG00001199	0
rna	ENSG00002798	0
rna	ENSG00000068	0
rna	ENSG00001534	0
rna	ENSG00003116	0
rna	ENSG00001803	0
rna	ENSG00002447	0
rna	ENSG00003905	0
rna	ENSG00002695	0
rna	ENSG00002988	0
rna	ENSG00000057	0
rna	ENSG00000420	0
rna	ENSG00000425	0
rna	ENSG00000754	0
rna	ENSG00000050	0
rna	ENSG00003502	0
rna	ENSG00002862	0
rna	ENSG00003640	0
rna	ENSG00001744	0
rna	ENSG00002083	0
rna	ENSG00002060	0
rna	ENSG00002321	0
rna	ENSG00001784	0
rna	ENSG00002841	0
rna	ENSG00001819	0
rna	ENSG00003010	0
rna	ENSG00000564	0
rna	ENSG00001274	0
rna	ENSG00003198	0
rna	ENSG00002629	0
rna	ENSG00003084	0
rna	ENSG00000289	0
rna	ENSG00000053	0
rna	ENSG00003067	0
rna	ENSG00002722	0
rna	ENSG00001474	0
rna	ENSG00002331	0
rna	ENSG00000960	0
rna	ENSG00001004	0
rna	ENSG00002576	0
rna	ENSG00003623	0
rna	ENSG00003337	0
rna	ENSG00001987	0
rna	ENSG00002939	0
rna	ENSG00001340	0
rna	ENSG00003093	0
rna	ENSG00002775	0
rna	ENSG00000751	0
rna	ENSG00002520	0
rna	ENSG00003521	0
rna	ENSG00002871	0
rna	ENSG00001327	0
rna	ENSG00001325	0
rna	ENSG00003763	0
rna	ENSG00000541	0
rna	ENSG00003826	0
rna	ENSG00001314	0
rna	ENSG00001747	0
rna	ENSG00001748	0
rna	ENSG00001173	0
rna	ENSG00002242	0
rna	ENSG00001273	0
rna	ENSG00003699	0
rna	ENSG00000399	0
rna	ENSG00003231	0
rna	ENSG00001112	0
rna	ENSG00002961	0
rna	ENSG00001096	0
rna	ENSG00001379	0
rna	ENSG00001943	0
rna	ENSG00001501	0
rna	ENSG00001906	0
rna	ENSG00002382	0
rna	ENSG00001885	0
rna	ENSG00001283	0
rna	ENSG00001162	0
rna	ENSG00000882	0
rna	ENSG00002845	0
rna	ENSG00000523	0
rna	ENSG00000486	0
rna	ENSG00001922	0
rna	ENSG00000511	0
rna	ENSG00003650	0
rna	ENSG00003279	0
rna	ENSG00001225	0
rna	ENSG00003693	0
rna	ENSG00002830	0
rna	ENSG00002401	0
rna	ENSG00003319	0
rna	ENSG00000258	0
rna	ENSG00001924	0
rna	ENSG00000170	0
rna	ENSG00003962	0
rna	ENSG00002501	0
rna	ENSG00002416	0
rna	ENSG00000110	0
rna	ENSG00001510	0
rna	ENSG00001044	0
rna	ENSG00002314	0
rna	ENSG00000197	0
rna	ENSG00000058	0
rna	ENSG00001499	0
rna	ENSG00001610	0
rna	ENSG00000045	0
rna	ENSG00002945	0
rna	ENSG00002302	0
rna	ENSG00000168	0
rna	ENSG00001646	0
rna	ENSG00000869	0
rna	ENSG00003308	0
rna	ENSG00000815	0
rna	ENSG00000881	0
rna	ENSG00003406	0
rna	ENSG00000952	0
rna	ENSG00003748	0
rna	ENSG00002729	0
rna	ENSG00002194	0
rna	ENSG00000566	0
rna	ENSG00002584	0
rna	ENSG00002156	0
rna	ENSG00002100	0
rna	ENSG00002779	0
rna	ENSG00002574	0
rna	ENSG00003701	0
rna	ENSG00001452	0
rna	ENSG00003371	0
rna	ENSG00003637	0
rna	ENSG00003542	0
rna	ENSG00001735	0
rna	ENSG00002867	0
rna	ENSG00002662	0
rna	ENSG00001633	0
rna	ENSG00001299	0
rna	ENSG00001780	0
rna	ENSG00003385	0
rna	ENSG00000143	0
protein	PG01383	0
protein	PG01066b	0
protein	PGSHARED0009	0
protein	PG01422	0
protein	PG00706	0
protein	PG01430	0
protein	PG00479	0
protein	PG01286b	0
protein	PG01784	0
protein	PG01433	0
protein	PG01428	0
protein	PG01349	0
protein	PG00033	0
protein	PG00103	0
protein	PG00759b	0
protein	PG01192	0
protein	PG00474	0
protein	PG00496	0
protein	PG00264	0
protein	PG01523	0
protein	PG00833	0
protein	PG01795	0
protein	PG00964	0
protein	PG00238	0
protein	PG00518	0
protein	PG00366	0
protein	PG00072	0
protein	PG01094	0
protein	PG00230	0
protein	PG01702	0
protein	PG01500	0
protein	PG00349	0
protein	PG00792	0
protein	PG01728	0
protein	PG01011b	0
protein	PG00710	0
protein	PG01685	0
protein	PG01765	0
protein	PG00378	0
protein	PGSHARED0006	0
protein	PG01089	0
protein	PG00237	0
protein	PG01075	0
protein	PG01272	0
protein	PG00484	0
protein	PG01108b	0
protein	PG00504	0
protein	PG00088	0
protein	PG01504	0
protein	PG00619	0
protein	PG00701	0
protein	PG00490	0
protein	PG00865	0
protein	PG01040	0
protein	PG01132	0
protein	PG00044	0
protein	PG00048	0
protein	PG01358b	0
protein	PG00730	0
protein	PG00211	0
protein	PG00240	0
protein	PG01006b	0
protein	PG00324	0
protein	PG00362	0
protein	PG01193	0
protein	PG01384	0
protein	PG00269	0
protein	PG00915	0
protein	PG01013	0
protein	PG00853	0
protein	PG00740	0
protein	PG01828	0
protein	PG01397	0
protein	PG00976	0
protein	PG01522	0
protein	PG01112	0
protein	PG00115	0
protein	PG01466	0
protein	PG01794	0
protein	PG00022	0
protein	PG00236	0
protein	PG00726	0
protein	PG00821	0
protein	PG01366	0
protein	PG01605	0
protein	PG00812	0
protein	PG00766	0
protein	PG01244	0
protein	PG00957	0
protein	PG00849	0
protein	PG00687	0
protein	PG01573	0
protein	PG01547	0
protein	PG00035	0
protein	PG01462	0
protein	PG00173	0
protein	PG01291	0
protein	PG00554	0
protein	PG00660	0
protein	PG01300	0
protein	PG00545	0
protein	PG00181	0
protein	PG00539	0
protein	PG00059	0
protein	PG00961	0
protein	PG00463	0
protein	PG01004	0
protein	PG00836	0
protein	PG00117	0
protein	PG01411	0
protein	PG00948	0
protein	PG00751	0
protein	PG00285	0
protein	PG00308	0
protein	PG00670	0
protein	PG01008	0
protein	PG00475	0
protein	PG01653	0
protein	PG00235	0
protein	PG01053	0
protein	PG01697	0
protein	PG01191	0
protein	PG01701	0
protein	PG01385b	0
protein	PG01750	0
protein	PG00749b	0
protein	PG01442	0
protein	PG00054	0
protein	PG00922	0
protein	PG00377	0
protein	PG01046b	0
protein	PG00129	0
protein	PG00975	0
protein	PG00124	0
protein	PG00391	0
protein	PG00166	0
protein	PG00126	0
protein	PG00605	0
protein	PG00535	0
protein	PG00629	0
protein	PG01596	0
protein	PG00720	0
protein	PG01294	0
protein	PG00674	0
protein	PG00813	0
protein	PG01084	0
protein	PG00764	0
protein	PG01281	0
protein	PG01006	0
protein	PG00327	0
protein	PG00156	0
protein	PG01551	0
protein	PG01818	0
protein	PG01247	0
protein	PG00091	0
protein	PG01514	0
protein	PG00593	0
protein	PG00440	0
protein	PG01186	0
protein	PG00267	0
protein	PG01330	0
protein	PG00931	0
protein	PG01694	0
protein	PG01024	0
protein	PG00653	0
protein	PG01578	0
protein	PGSHARED0073	0
protein	PG00342	0
protein	PG00202	0
protein	PG00385	0
protein	PG01646	0
protein	PG01730	0
protein	PG00906	0
protein	PGSHARED0014	0
protein	PG00234	0
protein	PG00495	0
protein	PG01117	0
protein	PG00112	0
protein	PG00410b	0
protein	PG01031	0
protein	PG00066	0
protein	PG01291b	0
protein	PG01222	0
protein	PGSHARED0015	0
protein	PG00905	0
protein	PG01353	0
protein	PG00502	0
protein	PG00461	0
protein	PG01827	0
protein	PG01773	0
protein	PG00641b	0
protein	PG01608	0
protein	PG01126	0
protein	PG01515	0
protein	PG01144	0
protein	PG00206	0
protein	PG00935	0
protein	PG01173	0
protein	PG00741	0
protein	PG00082	0
protein	PG00718	0
protein	PG00241	0
protein	PG00321	0
protein	PG00574b	0
protein	PG00869	0
protein	PG00367	0
protein	PG01088	0
protein	PG00763	0
protein	PG01829	0
protein	PG00679	0
protein	PG00309	0
protein	PG01385	0
protein	PG01263	0
protein	PG00080	0
protein	PG00262	0
protein	PG01209	0
protein	PG00346	0
protein	PG01266	0
protein	PG00307	0
protein	PG00164	0
protein	PG00002	0
protein	PG01657b	0
protein	PG01451	0
protein	PGSHARED0047	0
protein	PG01165b	0
protein	PGSHARED0058	0
protein	PG01049	0
protein	PG01113	0
protein	PG00966	0
protein	PG01317	0
protein	PG00218	0
protein	PG01635	0
protein	PG00170	0
protein	PG00900	0
protein	PG01759	0
protein	PG01094b	0
protein	PG01333	0
protein	PG01552	0
protein	PG01536	0
protein	PG00677	0
protein	PG00144	0
protein	PG00697	0
protein	PG00150	0
protein	PG00013	0
protein	PG00195	0
protein	PG00113	0
protein	PG00079	0
protein	PG00974	0
protein	PG00840	0
protein	PG01248	0
protein	PG00158	0
protein	PG00955	0
protein	PG01056	0
protein	PG00089	0
protein	PG00793	0
protein	PG00626	0
protein	PG00524	0
protein	PG00174	0
protein	PG00271	0
protein	PG00405	0
protein	PG01439	0
protein	PG01376	0
protein	PG01319	0
protein	PG00555	0
protein	PG00376b	0
protein	PG01067	0
protein	PG01315	0
protein	PG00376	0
protein	PG00794	0
protein	PG01410	0
protein	PG01634	0
protein	PG01077	0
protein	PG01831	0
protein	PG00918	0
protein	PG00790	0
protein	PG01182	0
protein	PG00971	0
protein	PG00005	0
protein	PG00485	0
protein	PG00097	0
protein	PG00737	0
protein	PG01303	0
protein	PG00036	0
protein	PG00410	0
protein	PG01182b	0
protein	PG00759	0
protein	PG00686	0
protein	PG01817	0
protein	PG00802	0
protein	PG00302	0
protein	PG01176	0
protein	PG00506	0
protein	PG00418	0
protein	PG01786	0
protein	PG01688	0
protein	PGSHARED0005	0
protein	PG01356b	0
protein	PG01027	0
protein	PG01714	0
protein	PG01061	0
protein	PG00408	0
protein	PG01572	0
protein	PG00888	0
protein	PG01507	0
protein	PG01593	0
protein	PG01002	0
protein	PG00886	0
protein	PG01409	0
protein	PG00087	0
protein	PG01668	0
protein	PG01149	0
protein	PG00379	0
protein	PG00123	0
protein	PG00481	0
protein	PG00156b	0
protein	PG00643	0
protein	PG01358	0
protein	PG00169	0
protein	PG01327	0
protein	PG00078	0
protein	PG00287	0
protein	PG00503	0
protein	PG01044	0
protein	PG00564	0
protein	PG00146	0
protein	PG01479	0
protein	PG00903	0
protein	PG01518	0
protein	PG00822	0
protein	PG00456	0
protein	PG00500	0
protein	PG00783	0
protein	PG01482	0
protein	PG01667	0
protein	PG00305	0
protein	PG01807b	0
protein	PG01705	0
protein	PG01262	0
protein	PG00184	0
protein	PGSHARED0044	0
protein	PG01134	0
protein	PG00827	0
protein	PG00462	0
protein	PG00533	0
protein	PG01041	0
protein	PG00635	0
protein	PG00435	0
protein	PG01338	0
protein	PG00086	0
protein	PG00121	0
protein	PG01724	0
protein	PG01639	0
protein	PG00506b	0
protein	PG01178	0
protein	PG00725	0
protein	PG00513	0
protein	PG01495	0
protein	PG01627	0
protein	PG00744	0
protein	PG00151	0
protein	PG01664	0
protein	PG00058b	0
protein	PG01021	0
protein	PG00841	0
protein	PG00691	0
protein	PG01657	0
protein	PG01401	0
protein	PG01321	0
protein	PG01538	0
protein	PG01708	0
protein	PG00607	0
protein	PG00871	0
protein	PG01009	0
protein	PG00861	0
protein	PG01612b	0
protein	PG01744	0
protein	PG01560	0
protein	PG00700b	0
protein	PG00191	0
protein	PG00898	0
protein	PG00610	0
protein	PG01081	0
protein	PG00678	0
protein	PG00242	0
protein	PG00137	0
protein	PG00956	0
protein	PG00352	0
protein	PG00046	0
protein	PG00879	0
protein	PG00647	0
protein	PG00199	0
protein	PG01164	0
protein	PG00015	0
protein	PG00296	0
protein	PG00929	0
protein	PG01157b	0
protein	PG00444	0
protein	PG01177	0
protein	PG00559	0
protein	PG01091	0
protein	PG00460	0
protein	PG00965b	0
protein	PG01582	0
protein	PG00620	0
protein	PG00514	0
protein	PG01481	0
protein	PG00852	0
protein	PG00123b	0
protein	PG00557	0
protein	PG00902	0
protein	PG01790	0
protein	PG00769	0
protein	PG01007	0
protein	PG00904	0
protein	PG00189	0
protein	PG01183	0
protein	PG01525	0
protein	PG01816	0
protein	PG00534	0
protein	PG00515	0
protein	PG01801	0
protein	PG00196	0
protein	PG00641	0
protein	PG01133	0
protein	PG00537	0
protein	PG00587	0
protein	PG01427	0
protein	PG01633	0
protein	PG01157	0
protein	PG00571	0
protein	PG01121	0
protein	PG00298	0
protein	PG00179	0
protein	PG00617	0
protein	PG01370	0
protein	PG01001	0
protein	PG00067	0
protein	PG00756	0
protein	PG00448b	0
protein	PG00917	0
protein	PG01047	0
protein	PG00381	0
protein	PG00830	0
protein	PG00570	0
protein	PG01190	0
protein	PG00568	0
protein	PG01072	0
protein	PG01371	0
protein	PG00375	0
protein	PGSHARED0056	0
protein	PG00978	0
protein	PG01584	0
protein	PG01125	0
protein	PG00454	0
protein	PG00450	0
protein	PG01789	0
protein	PG01705b	0
protein	PG01683	0
protein	PG00256	0
protein	PG01074	0
protein	PG01646b	0
protein	PG00071	0
protein	PG00042	0
protein	PG00094	0
protein	PG00804	0
protein	PG01127	0
protein	PG00577	0
protein	PG01282	0
protein	PG00037	0
protein	PG00752	0
protein	PG01431	0
protein	PG00914	0
protein	PG01265	0
protein	PGSHARED0066	0
protein	PG00423	0
protein	PG00320	0
protein	PG00052	0
protein	PG01494	0
protein	PG01092	0
protein	PG00829	0
protein	PG01821	0
protein	PG00374	0
protein	PG00522	0
protein	PG00795	0
protein	PG01029	0
protein	PG01682	0
protein	PG01498	0
protein	PG01632	0
protein	PG00622	0
protein	PG00299	0
protein	PG01337	0
protein	PG00779	0
protein	PG01715	0
protein	PG01131	0
protein	PGSHARED0025	0
protein	PG01196	0
protein	PG00556	0
protein	PGSHARED0061	0
protein	PG01398	0
protein	PG01302	0
protein	PG00538	0
protein	PG00311	0
protein	PG01365	0
protein	PG01130	0
protein	PG00337	0
protein	PG00432	0
protein	PG00229	0
protein	PG00806	0
protein	PG00401	0
protein	PG01734	0
protein	PG00911	0
protein	PG00700	0
protein	PG01162	0
protein	PG00662	0
protein	PG01717	0
protein	PG00987	0
protein	PG01010	0
protein	PGSHARED0012	0
protein	PG00110	0
protein	PG01577	0
protein	PG01761	0
protein	PG01090	0
protein	PG00008	0
protein	PG00528	0
protein	PG01819	0
protein	PG01492	0
protein	PG01341	0
protein	PG01305	0
protein	PG00728	0
protein	PG00558	0
protein	PG01234	0
protein	PG00295	0
protein	PG01666	0
protein	PG01245	0
protein	PG00411	0
protein	PG00782	0
protein	PG00897b	0
protein	PG01712	0
protein	PG00361	0
protein	PG00304	0
protein	PG00189b	0
protein	PG00259	0
protein	PG00990	0
protein	PG00926	0
protein	PG00573	0
protein	PG01480	0
protein	PG00167	0
protein	PG01454	0
protein	PG01311	0
protein	PG01440	0
protein	PG00646	0
protein	PGSHARED0040	0
protein	PG00875	0
protein	PG01742	0
protein	PG00074	0
protein	PG00544	0
protein	PG00612	0
protein	PG00897	0
protein	PG00370	0
protein	PG00780	0
protein	PG00058	0
protein	PG00621	0
protein	PG01615	0
protein	PG01624	0
protein	PG01200	0
protein	PG00954	0
protein	PG00406	0
protein	PGSHARED0062	0
protein	PG00136	0
protein	PG01136	0
protein	PG00464	0
protein	PG00567	0
protein	PG00990b	0
protein	PG01679	0
protein	PG00881	0
protein	PG00314	0
protein	PG01400	0
protein	PG00634	0
protein	PG01746	0
protein	PG01142	0
protein	PG01553	0
protein	PG01264	0
protein	PG00144b	0
protein	PG01082	0
protein	PG01269	0
protein	PG01037	0
protein	PG01396	0
protein	PG01658	0
protein	PG01797	0
protein	PG01470b	0
protein	PG01470	0
protein	PG00065	0
protein	PG01505	0
protein	PG01374	0
protein	PG00712	0
protein	PG00536	0
protein	PG01381	0
protein	PG00585	0
protein	PG00867	0
protein	PG01751	0
protein	PG01038	0
protein	PG00894	0
protein	PG01655	0
protein	PG01060	0
protein	PG01529	0
protein	PG01404	0
protein	PG00326	0
protein	PG01002b	0
protein	PG00165	0
protein	PG01123	0
protein	PG01122	0
protein	PGSHARED0046	0
protein	PG01085	0
protein	PG00478	0
protein	PG01174	0
protein	PG01564b	0
protein	PG00838	0
protein	PG00111	0
protein	PG00738	0
protein	PG01260	0
protein	PG01830	0
protein	PG00109	0
protein	PG00358	0
protein	PG00860	0
protein	PGSHARED0067	0
protein	PG00409	0
protein	PG00543	0
protein	PG00352b	0
protein	PG01460	0
protein	PG01426	0
protein	PG01299	0
protein	PG00727	0
protein	PG01232	0
protein	PG01079	0
protein	PG01273	0
protein	PG00856	0
protein	PG00855	0
protein	PG01745	0
protein	PG01170	0
protein	PG01378	0
protein	PG01388	0
protein	PG01760	0
protein	PG01630	0
protein	PG01732	0
protein	PG01461	0
protein	PG01772	0
protein	PG00207	0
protein	PG00624	0
protein	PG01394	0
protein	PG01468	0
protein	PG01567	0
protein	PG00208	0
protein	PG01542	0
protein	PG00090	0
protein	PG00467	0
protein	PG00332	0
protein	PGSHARED0010	0
protein	PG01539	0
protein	PGSHARED0052	0
protein	PG00182	0
protein	PG00176	0
protein	PG01740	0
protein	PG01211	0
protein	PGSHARED0032	0
protein	PG00596	0
protein	PG01568	0
protein	PG01285	0
protein	PG01520	0
protein	PG00051	0
protein	PG00689	0
protein	PG01101	0
protein	PG00550	0
protein	PG00785	0
protein	PG01259	0
protein	PG01530	0
protein	PG00883	0
protein	PG00254	0
protein	PG01087	0
protein	PG01785	0
protein	PG00606	0
protein	PG00157	0
protein	PG00019	0
protein	PG00108	0
protein	PG01737	0
protein	PG01000	0
protein	PG00526	0
protein	PG01469	0
protein	PG01386	0
protein	PG00491	0
protein	PG01350	0
protein	PGSHARED0016	0
protein	PG01610	0
protein	PG01805	0
protein	PG00093	0
protein	PG00714	0
protein	PG01463	0
protein	PG01213	0
protein	PG00143	0
protein	PG01073	0
protein	PGSHARED0002	0
protein	PG00076	0
protein	PG01035	0
protein	PG00799	0
protein	PG01050	0
protein	PG01342	0
protein	PG01579	0
protein	PG00658	0
protein	PG01554	0
protein	PGSHARED0019	0
protein	PGSHARED0018	0
protein	PG01447	0
protein	PG00045	0
protein	PG00043	0
protein	PG00769b	0
protein	PG00153	0
protein	PGSHARED0029	0
protein	PG01236	0
protein	PG01103	0
protein	PG00449	0
protein	PG01132b	0
protein	PG01288	0
protein	PG00723	0
protein	PG01571	0
protein	PG00981	0
protein	PG00837	0
protein	PG00644	0
protein	PG01599	0
protein	PG00695	0
protein	PGSHARED0045	0
protein	PG00421	0
protein	PG00993	0
protein	PGSHARED0051	0
protein	PG01108	0
protein	PG00632	0
protein	PG00499	0
protein	PG01357	0
protein	PG01258	0
protein	PGSHARED0065	0
protein	PG00007	0
protein	PG01261	0
protein	PG01305b	0
protein	PG01165	0
protein	PG01308	0
protein	PG01788b	0
protein	PG01207	0
protein	PG01241	0
protein	PG01216	0
protein	PG01034	0
protein	PG01807	0
protein	PGSHARED0023	0
protein	PG01485	0
protein	PGSHARED0017	0
protein	PG00323	0
protein	PG01615b	0
protein	PG01607	0
protein	PG00967	0
protein	PG01233	0
protein	PG00530	0
protein	PG01600	0
protein	PG00069	0
protein	PG00313	0
protein	PG01298	0
protein	PG01642	0
protein	PG00344	0
protein	PG01292	0
protein	PG01783	0
protein	PG01068b	0
protein	PG00884	0
protein	PG00529	0
protein	PG00895	0
protein	PG00470	0
protein	PG00061	0
protein	PG00292	0
protein	PG01095	0
protein	PG01806	0
protein	PG01586	0
protein	PG01026	0
protein	PG00997	0
protein	PG01613	0
protein	PG01148	0
protein	PG00055	0
protein	PG01316	0
protein	PG01309	0
protein	PG01575	0
protein	PG01517	0
protein	PG01754	0
protein	PG01419	0
protein	PG01335	0
protein	PG01810	0
protein	PG01656	0
protein	PG00293	0
protein	PG00131	0
protein	PG00062	0
protein	PG00623	0
protein	PG00863	0
protein	PG01661	0
protein	PG01367	0
protein	PG01211b	0
protein	PG00716	0
protein	PG00247	0
protein	PG00638	0
protein	PG00096	0
protein	PG01310	0
protein	PG01725	0
protein	PG00387	0
protein	PG01197	0
protein	PG00818	0
protein	PGSHARED0021	0
protein	PG01306	0
protein	PG00439	0
protein	PG01820	0
protein	PG01764	0
protein	PG01356	0
protein	PG01154	0
protein	PG00924	0
protein	PG00155	0
protein	PG00261b	0
protein	PG01729	0
protein	PG01425	0
protein	PG01444	0
protein	PG00748	0
protein	PG01403	0
protein	PG00282	0
protein	PGSHARED0038	0
protein	PG00116	0
protein	PG00743	0
protein	PG00400	0
protein	PG01634b	0
protein	PG00398	0
protein	PG00407	0
protein	PG01792	0
protein	PG00711	0
protein	PG00392	0
protein	PGSHARED0007	0
protein	PG01716	0
protein	PGSHARED0037	0
protein	PG01645	0
protein	PG00140	0
protein	PG01005	0
protein	PG01159	0
protein	PG01753	0
protein	PG01677	0
protein	PG01230	0
protein	PG00315	0
protein	PG01255	0
protein	PG01771	0
protein	PG01491	0
protein	PG00707	0
protein	PG01202	0
protein	PG00941	0
protein	PG00649	0
protein	PG01660	0
protein	PG01429	0
protein	PG00891	0
protein	PG01377	0
protein	PG01787	0
protein	PG00317	0
protein	PG00303	0
protein	PG00310	0
protein	PG01267	0
protein	PG01756	0
protein	PG00699	0
protein	PG01033	0
protein	PG01279	0
protein	PG00420	0
protein	PG00921	0
protein	PG01140	0
protein	PGSHARED0008	0
protein	PG01019	0
protein	PG01721	0
protein	PG00134	0
protein	PG00675	0
protein	PG01672	0
protein	PG00553	0
protein	PG00113b	0
protein	PG01743	0
protein	PG01253	0
protein	PG00786	0
protein	PG01023	0
protein	PG00274	0
protein	PG00006	0
protein	PG01099	0
protein	PG01380	0
protein	PG00095	0
protein	PG00004	0
protein	PG01625	0
protein	PG00868	0
protein	PG00132	0
protein	PG01709	0
protein	PG00925	0
protein	PG00261	0
protein	PG01287	0
protein	PG01252	0
protein	PG00592	0
protein	PG00517	0
protein	PGSHARED0060	0
protein	PG01215	0
protein	PG00227	0
protein	PG00803	0
protein	PG01115	0
protein	PG00339	0
protein	PG01713	0
protein	PG00604	0
protein	PG01735	0
protein	PG01822	0
protein	PG00507	0
protein	PG01417	0
protein	PG00232	0
protein	PG00934	0
protein	PG00221	0
protein	PGSHARED0071	0
protein	PG01251	0
protein	PG01093	0
protein	PG00345	0
protein	PG00122	0
protein	PG01036	0
protein	PG01549	0
protein	PG01611	0
protein	PG00204	0
protein	PG01824	0
protein	PG01548	0
protein	PG01643	0
protein	PG01231	0
protein	PG00102	0
protein	PG01124	0
protein	PG00383	0
protein	PG00105	0
protein	PG00882	0
protein	PG00977b	0
protein	PG00334	0
protein	PG01139	0
protein	PG00508	0
protein	PG00713	0
protein	PG00092	0
protein	PG00041	0
protein	PG00371	0
protein	PG00969	0
protein	PG00425	0
protein	PG01616	0
protein	PG00878	0
protein	PGSHARED0033	0
protein	PG01791	0
protein	PG00453	0
protein	PG01812	0
protein	PG00257	0
protein	PG01652	0
protein	PG01238	0
protein	PG00576	0
protein	PG00328	0
protein	PG00823	0
protein	PG01565	0
protein	PG01284	0
protein	PG01527	0
protein	PG00270	0
protein	PG00820	0
protein	PGSHARED0004	0
protein	PG00729	0
protein	PG00291	0
protein	PG01669	0
protein	PG00188	0
protein	PG01449	0
protein	PG00962	0
protein	PG01352	0
protein	PG01762	0
protein	PGSHARED0020	0
protein	PG01436	0
protein	PG01137	0
protein	PG01699	0
protein	PG01105	0
protein	PG01373	0
protein	PG00099	0
protein	PG00220	0
protein	PG00671	0
protein	PG01826	0
protein	PG00546	0
protein	PGSHARED0042	0
protein	PG01606	0
protein	PG01416	0
protein	PG01800	0
protein	PG01301	0
protein	PG01718	0
protein	PG01328	0
protein	PG00572	0
protein	PG01441	0
protein	PG00591	0
protein	PG00194	0
protein	PG00916	0
protein	PG01535	0
protein	PG01028	0
protein	PG01676	0
protein	PG01768	0
protein	PG00277	0
protein	PG00938	0
protein	PG01322	0
protein	PG00808	0
protein	PG01689	0
protein	PG00661	0
protein	PG00659	0
protein	PGSHARED0070	0
protein	PG01344	0
protein	PG00429	0
protein	PG01361	0
protein	PG00899	0
protein	PG01271	0
protein	PG00104	0
protein	PG01617	0
protein	PG01739	0
protein	PG01814	0
protein	PG01412	0
protein	PG01194	0
protein	PG01360	0
protein	PG00761	0
protein	PG00060	0
protein	PG00127	0
protein	PG00825	0
protein	PGSHARED0041	0
protein	PG00226	0
protein	PG01488	0
protein	PG01788	0
protein	PG00778	0
protein	PG01741	0
protein	PG01395	0
protein	PG00487	0
protein	PG00389	0
protein	PG00834	0
protein	PG00613	0
protein	PG01815	0
protein	PG00599	0
protein	PG00668	0
protein	PG00814	0
protein	PG00355	0
protein	PG01054	0
protein	PG00225	0
protein	PG01295	0
protein	PG01280	0
protein	PG00497	0
protein	PG01770	0
protein	PG00847	0
protein	PG00979	0
protein	PG00963	0
protein	PG01693	0
protein	PG01781	0
protein	PG01364	0
protein	PG00200	0
protein	PG00520	0
protein	PG01382	0
protein	PG00457	0
protein	PG00972	0
protein	PG01168	0
protein	PGSHARED0026	0
protein	PG00532	0
protein	PG01524	0
protein	PG01649	0
protein	PG01545	0
protein	PG00608	0
protein	PG00057	0
protein	PG00574	0
protein	PG00380	0
protein	PG01710	0
protein	PG01114	0
protein	PG00547	0
protein	PG00219	0
protein	PG00784	0
protein	PG01670	0
protein	PG01532	0
protein	PG00483	0
protein	PG00034	0
protein	PG01109	0
protein	PG01665	0
protein	PG01187	0
protein	PG00590	0
protein	PG00077	0
protein	PG01497	0
protein	PG00582	0
protein	PG00373	0
protein	PG01169	0
protein	PG00084	0
protein	PG00426	0
protein	PG00565	0
protein	PG00056	0
protein	PG00031b	0
protein	PG01499	0
protein	PG00719	0
protein	PG01687	0
protein	PG01465	0
protein	PG01345	0
protein	PG01225	0
protein	PGSHARED0039	0
protein	PG00012	0
protein	PGSHARED0072	0
protein	PG01448	0
protein	PG01813	0
protein	PG00427	0
protein	PG00139	0
protein	PG00025	0
protein	PG00276	0
protein	PG01531	0
protein	PG00128	0
protein	PG01620	0
protein	PG01796b	0
protein	PG01544	0
protein	PG01590	0
protein	PG00919	0
protein	PG01278	0
protein	PG01361b	0
protein	PG01339	0
protein	PG01543	0
protein	PG01189	0
protein	PGSHARED0013	0
protein	PG00597	0
protein	PG01039	0
protein	PG01223	0
protein	PG00152	0
protein	PG00887	0
protein	PG01110	0
protein	PG00705	0
protein	PG00201	0
protein	PG00947	0
protein	PG00566	0
protein	PG00688	0
protein	PG01752	0
protein	PG00306	0
protein	PG00492	0
protein	PG00347	0
protein	PG01375	0
protein	PG00580	0
protein	PG01106	0
protein	PG01798	0
protein	PG00493	0
protein	PG01711	0
protein	PG00437	0
protein	PG01700	0
protein	PG00988	0
protein	PG00927	0
protein	PG01588	0
protein	PG01354	0
protein	PG01569	0
protein	PGSHARED0064	0
protein	PG01673	0
protein	PGSHARED0034	0
protein	PG01623	0
protein	PG01456	0
protein	PG01475	0
protein	PG00968	0
protein	PG00445	0
protein	PG00746	0
protein	PG00652	0
protein	PG01723	0
protein	PG01017	0
protein	PG00959	0
protein	PG01445	0
protein	PG00160	0
protein	PG01690	0
protein	PG00648	0
protein	PG01392	0
protein	PG01042	0
protein	PG00930	0
protein	PG00949	0
protein	PG00541	0
protein	PG01068	0
protein	PG00734	0
protein	PG01733	0
protein	PG00212	0
protein	PG00026	0
protein	PG00172	0
protein	PG00319	0
protein	PG00083	0
protein	PG00750	0
protein	PG01706	0
protein	PG00880	0
protein	PG00942	0
protein	PG00255	0
protein	PG01662	0
protein	PG00560	0
protein	PG00698	0
protein	PG00364	0
protein	PG00014	0
protein	PG00294	0
protein	PG01242b	0
protein	PG00640	0
protein	PG00765	0
protein	PG00340	0
protein	PG00664	0
protein	PG01289	0
protein	PG00708	0
protein	PG00511	0
protein	PG01727	0
protein	PG01749	0
protein	PG01777	0
protein	PG00521	0
protein	PG00846	0
protein	PG01626	0
protein	PG01443	0
protein	PG01161	0
protein	PG00815	0
protein	PG01809	0
protein	PGSHARED0063	0
protein	PG00163	0
protein	PG01648	0
protein	PG01467	0
protein	PG01314	0
protein	PG00177	0
protein	PG00085	0
protein	PG00430	0
protein	PG00455	0
protein	PG00755	0
protein	PG00787	0
protein	PG01147	0
protein	PG01556	0
protein	PG01184	0
protein	PGSHARED0048	0
protein	PG00216	0
protein	PG00542	0
protein	PG00872b	0
protein	PG00028	0
protein	PG01240	0
protein	PG01355	0
protein	PG00862	0
protein	PG00805	0
protein	PG00016	0
protein	PG01764b	0
protein	PG00217	0
protein	PG00773	0
protein	PG01778	0
protein	PG00531	0
protein	PG01453	0
protein	PG01290	0
protein	PG00480	0
protein	PG01210	0
protein	PG01179	0
protein	PG01331	0
protein	PG00611	0
protein	PG01329	0
protein	PG01502b	0
protein	PG00770	0
protein	PG00290	0
protein	PG00114	0
protein	PG00197	0
protein	PG00901	0
protein	PG00816	0
protein	PG00471	0
protein	PG00428	0
protein	PG00498	0
protein	PG01069	0
protein	PG01282b	0
protein	PG01155	0
protein	PG00168	0
protein	PG00369	0
protein	PGSHARED0055	0
protein	PG01096	0
protein	PG00433	0
protein	PG01150	0
protein	PG01601	0
protein	PG00101	0
protein	PG00715	0
protein	PG00017	0
protein	PG01757	0
protein	PG00800	0
protein	PG01780	0
protein	PG01097	0
protein	PG00458	0
protein	PG01506	0
protein	PG00350	0
protein	PG01452	0
protein	PG01564	0
protein	PG01619	0
protein	PG01621	0
protein	PG01726	0
protein	PG01277	0
protein	PG01399	0
protein	PG00301	0
protein	PG01493	0
protein	PG00519	0
protein	PG00561	0
protein	PG01003	0
protein	PG01533	0
protein	PG01540	0
protein	PG00354	0
protein	PG01684	0
protein	PG00775	0
protein	PGSHARED0054	0
protein	PG01464	0
protein	PG00642	0
protein	PG00826	0
protein	PG00284	0
protein	PG00657	0
protein	PG01135	0
protein	PG01146	0
protein	PG00739	0
protein	PG00275	0
protein	PG00154	0
protein	PG00889	0
protein	PG00992	0
protein	PG01332	0
protein	PG00215	0
protein	PGSHARED0043	0
protein	PG00540	0
protein	PG01603	0
protein	PG00231	0
protein	PG01166	0
protein	PG00943	0
protein	PG00024	0
protein	PG00630	0
protein	PG00953	0
protein	PG01119	0
protein	PG00721	0
protein	PG00476	0
protein	PG00223	0
protein	PG00540b	0
protein	PG01359	0
protein	PG01408	0
protein	PG00049	0
protein	PG00777	0
protein	PG00637	0
protein	PG00203	0
protein	PG01351	0
protein	PG01614	0
protein	PG01808	0
protein	PG00395	0
protein	PG01487	0
protein	PG01755	0
protein	PG00403	0
protein	PG01293	0
protein	PG01297	0
protein	PG01555	0
protein	PG01796	0
protein	PG01326	0
protein	PG01591	0
protein	PG00263	0
protein	PG01597	0
protein	PG00760	0
protein	PG00595	0
protein	PG00848	0
protein	PG00249	0
protein	PG00272	0
protein	PG00009	0
protein	PG00279	0
protein	PG00130b	0
protein	PG01503	0
protein	PG00399	0
protein	PG01455	0
protein	PG00063	0
protein	PG00810	0
protein	PG00356	0
protein	PG01343	0
protein	PG00213	0
protein	PG00248	0
protein	PG01362	0
protein	PGSHARED0024	0
protein	PG01070	0
protein	PG01022	0
protein	PG01242	0
protein	PG00977	0
protein	PG00665	0
protein	PG01286	0
protein	PG00651	0
protein	PG01474	0
protein	PG01716b	0
protein	PG00119	0
protein	PG00909	0
protein	PG00472	0
protein	PG00192b	0
protein	PG00910	0
protein	PG00073	0
protein	PG00390	0
protein	PG00268	0
protein	PG01217	0
protein	PG01347	0
protein	PG00796	0
protein	PG01100	0
protein	PG00130	0
protein	PG00973	0
protein	PG01224	0
protein	PG01141	0
protein	PG00413	0
protein	PG01473	0
protein	PG00753	0
protein	PG01747	0
protein	PGSHARED0050	0
protein	PG01407	0
protein	PG00465	0
protein	PG00516	0
protein	PGSHARED0030	0
protein	PG00939	0
protein	PG00050b	0
protein	PG00125	0
protein	PGSHARED0031	0
protein	PG00318	0
protein	PG01686	0
protein	PG00569	0
protein	PG00021	0
protein	PG01509	0
protein	PG00985	0
protein	PG01055	0
protein	PG00684	0
protein	PG01043	0
protein	PG00075	0
protein	PG00031	0
protein	PG00488	0
protein	PG01628	0
protein	PG01020	0
protein	PG00628	0
protein	PG00343	0
protein	PG01220	0
protein	PG01528	0
protein	PG00468	0
protein	PG00696	0
protein	PG00995	0
protein	PG01502	0
protein	PG01775	0
protein	PG01058	0
protein	PG00469	0
protein	PG00872	0
protein	PG01111	0
protein	PG00417	0
protein	PGSHARED0011	0
protein	PG00923	0
protein	PG01696	0
protein	PG00020	0
protein	PG00654	0
protein	PG00246	0
protein	PG00685	0
protein	PG00149	0
protein	PG01587	0
protein	PG01325	0
protein	PG00532b	0
protein	PG00171	0
protein	PG00845	0
protein	PG01145	0
protein	PGSHARED0049	0
protein	PG01559	0
protein	PG01424	0
protein	PG01519	0
protein	PG00952	0
protein	PG00027	0
protein	PG00960	0
protein	PG00010	0
protein	PG00265	0
protein	PG01246	0
protein	PG01205	0
protein	PG00548	0
protein	PG00788	0
protein	PG01239	0
protein	PG00404	0
protein	PG00446	0
protein	PG01104	0
protein	PG00415	0
protein	PG01423	0
protein	PG01458	0
protein	PG00824	0
protein	PG00023	0
protein	PG00732	0
protein	PG01274	0
protein	PG01046	0
protein	PG01513	0
protein	PG01637	0
protein	PG00040	0
protein	PG00563	0
protein	PG00912	0
protein	PG00609	0
protein	PG01446	0
protein	PG00351	0
protein	PG00874	0
protein	PG00098	0
protein	PG01804	0
protein	PG00603	0
protein	PG01078	0
protein	PG01012	0
protein	PG00424	0
protein	PG01062	0
protein	PG00892	0
protein	PG00338	0
protein	PGSHARED0053	0
protein	PG01064	0
protein	PG00713b	0
protein	PG01557	0
protein	PG01171	0
protein	PG00512	0
protein	PG00425b	0
protein	PG00747	0
protein	PG00030	0
protein	PG01763	0
protein	PG01561	0
protein	PGSHARED0022	0
protein	PG00226b	0
protein	PG00680	0
protein	PG01640	0
protein	PG00288	0
protein	PG00527	0
protein	PG00353	0
protein	PG01603b	0
protein	PG00578	0
protein	PG01198	0
protein	PG00252	0
protein	PG01766	0
protein	PGSHARED0036	0
protein	PG01169b	0
protein	PG01438	0
protein	PG01098	0
protein	PG00316	0
protein	PG00850	0
protein	PG00683	0
protein	PG01663	0
protein	PG00477	0
protein	PG01257	0
protein	PG01489	0
protein	PG00575	0
protein	PG01185	0
protein	PG01318	0
protein	PG01030	0
protein	PG00286	0
protein	PG00239	0
protein	PG00615	0
protein	PG01414	0
protein	PG01138	0
protein	PG00120	0
protein	PG01086	0
protein	PG00180	0
protein	PG00372	0
protein	PG00766b	0
protein	PG00214	0
protein	PG01779	0
protein	PG00185	0
protein	PG00038	0
protein	PG00192	0
protein	PG00676	0
protein	PG01015	0
protein	PG00817	0
protein	PG01508	0
protein	PG01222b	0
protein	PG01336	0
protein	PG00932	0
protein	PG01758	0
protein	PG00388	0
protein	PG01680	0
protein	PG00870	0
protein	PGSHARED0001	0
protein	PG00431	0
protein	PG01471	0
